Employee_ID,Name,Gender,Department,City,Joining_Date,Experience_Years,Salary,Bonus,Performance_Rating
E0001,Vivaan Verma,Male,Operations,Hyderabad,2018-07-21,12.0,84543,14019.0,4
E0002,Aarav Singh,Female,IT,Delhi,2021-04-05,1.2,132446,10385.0,2
E0003,Aarav Joshi,Male,Operations,Mumbai,2018-12-13,11.5,137381,43271.0,5
E0004,Riya Joshi,Female,Operations,Lucknow,2024-11-28,12.5,103265,16960.0,5
E0005,Amit Patel,Female,Finance,Lucknow,2013-04-22,18.6,27261,6713.0,4
E0006,Ananya Yadav,Male,Finance,Mumbai,2022-10-24,12.8,139834,22897.0,2
E0007,Aditya Verma,Female,Sales,Delhi,2014-05-06,13.8,56094,41671.0,4
E0008,Amit Mehta,Male,Finance,Bengaluru,2014-05-23,0.8,112431,6900.0,4
E0009,Aditya Mehta,Male,Finance,Delhi,2021-02-23,18.7,142123,8108.0,5
E0010,Karan Kumar,Female,HR,Bengaluru,2015-05-25,14.4,88409,11980.0,3
E0011,Vivaan Gupta,Male,HR,Pune,2014-08-26,15.0,58423,38920.0,2
E0012,Ananya Patel,Male,HR,Hyderabad,2018-02-23,17.0,49936,26584.0,2
E0013,Riya Das,Male,IT,Hyderabad,2012-07-18,16.9,156983,47661.0,4
E0014,Amit Patel,Female,Marketing,Hyderabad,2020-05-27,9.4,51035,29419.0,3
E0015,Sneha Gupta,Male,Finance,Jaipur,2017-07-25,10.8,167418,27992.0,5
E0016,Karan Verma,Male,Finance,Bengaluru,2020-08-07,4.0,108701,7285.0,4
E0017,Amit Patel,Male,HR,Pune,2017-07-27,4.0,97751,33697.0,4
E0018,Priya Joshi,Female,Operations,Delhi,2021-11-20,6.4,160634,10612.0,2
E0019,Priya Mehta,Male,Marketing,Mumbai,2020-05-17,15.3,158892,19394.0,5
E0020,Aditya Gupta,Female,Sales,Hyderabad,2014-09-10,10.8,99502,35751.0,5
E0021,Priya Gupta,Female,Marketing,Pune,2025-01-27,12.9,173776,34776.0,3
E0022,Neha Mehta,Male,HR,Pune,2022-12-04,9.0,124088,10558.0,4
E0023,Aarav Kumar,Male,IT,Bengaluru,2023-12-01,2.2,107735,18324.0,3
E0024,Priya Patel,Female,HR,Pune,2025-08-28,16.4,100510,21603.0,3
E0025,Vivaan Joshi,Male,Operations,Hyderabad,2017-07-30,1.7,120991,37305.0,5
E0026,Aditya Verma,Female,Operations,Bengaluru,2013-01-26,3.2,105479,44351.0,3
E0027,Rahul Mehta,Male,IT,Jaipur,2014-01-16,18.0,119453,,4
E0028,Aarav Patel,Male,IT,Mumbai,2013-03-13,1.0,125618,38801.0,4
E0029,Aditya Kumar,Male,Operations,Delhi,2022-07-11,4.6,179124,46878.0,5
E0030,Riya Mehta,Female,Sales,Lucknow,2019-05-05,11.5,179915,7835.0,4
E0031,Aarav Das,Male,Operations,Bengaluru,2015-10-18,11.4,66914,7851.0,3
E0032,Neha Singh,Male,HR,Lucknow,2016-01-04,6.9,56563,49434.0,2
E0033,Aarav Yadav,Female,Finance,Delhi,2013-09-01,8.4,45537,28634.0,4
E0034,Aarav Yadav,Female,IT,Jaipur,2024-11-21,7.3,127577,7782.0,3
E0035,Riya Singh,Female,Operations,Bengaluru,2016-10-24,19.4,95687,23076.0,3
E0036,Rahul Kumar,Male,HR,Mumbai,2024-08-15,19.7,37182,16437.0,3
E0037,Neha Yadav,Male,Sales,Hyderabad,2014-04-10,19.9,78516,31114.0,3
E0038,Aditya Mehta,Male,Marketing,Mumbai,2022-08-24,12.3,175378,43042.0,3
E0039,Ananya Das,Female,Marketing,Jaipur,2013-09-27,18.1,60650,13412.0,4
E0040,Riya Sharma,Male,Operations,Bengaluru,2018-08-03,15.8,29656,42503.0,3
E0041,Amit Gupta,Male,HR,Bengaluru,2018-01-08,9.1,34089,18515.0,3
E0042,Riya Kumar,Male,Sales,Delhi,2020-07-23,17.9,168106,24981.0,2
E0043,Priya Patel,Female,Marketing,Delhi,2021-08-29,4.6,75949,47151.0,4
E0044,Riya Kumar,Female,Sales,Bengaluru,2018-11-16,8.5,47099,9129.0,3
E0045,Priya Kumar,Male,IT,Jaipur,2021-05-23,11.5,113351,8463.0,2
E0046,Amit Gupta,Male,Sales,Lucknow,2015-05-04,6.3,173568,15691.0,3
E0047,Aarav Joshi,Male,IT,Hyderabad,2018-01-01,12.1,177672,11467.0,4
E0048,Neha Mehta,Male,Marketing,Bengaluru,2013-03-09,9.7,40733,15230.0,4
E0049,Ananya Patel,Female,Operations,Lucknow,2014-01-23,6.2,112799,49643.0,5
E0050,Rahul Sharma,Female,Marketing,Pune,2024-02-04,0.6,80408,19878.0,3
E0051,Vivaan Joshi,Female,Operations,Bengaluru,2024-06-04,12.8,81077,14693.0,5
E0052,Vivaan Patel,Female,Operations,Jaipur,2016-03-10,11.3,140575,43863.0,3
E0053,Sneha Verma,Male,Sales,Lucknow,2014-06-27,9.7,33759,6360.0,4
E0054,Rahul Das,Female,HR,Delhi,2023-07-13,11.8,44151,45256.0,5
E0055,Sneha Joshi,Female,Operations,Mumbai,2017-06-09,12.1,50566,16017.0,5
E0056,Aditya Verma,Female,Finance,Hyderabad,2013-04-10,17.4,62289,33647.0,2
E0057,Ananya Sharma,Male,Operations,Pune,2013-12-10,5.7,85514,7075.0,2
E0058,Sneha Mehta,Male,Sales,Bengaluru,2023-07-24,17.6,139157,29633.0,3
E0059,Aarav Verma,Male,IT,Bengaluru,2020-03-22,0.3,63908,6044.0,2
E0060,Diya Verma,Male,Marketing,Pune,2024-02-07,1.1,78503,11481.0,4
E0061,Ananya Mehta,Female,IT,Jaipur,2024-12-27,6.0,51777,46267.0,4
E0062,Amit Kumar,Male,IT,Mumbai,2021-02-27,14.6,92837,13454.0,2
E0063,Aditya Sharma,Male,Marketing,Lucknow,2019-02-11,11.9,31470,36307.0,2
E0064,Priya Verma,Female,Sales,Mumbai,2023-08-30,16.8,66141,35054.0,2
E0065,Rahul Patel,Male,Sales,Lucknow,2024-12-17,4.9,64324,37272.0,3
E0066,Aditya Joshi,Male,Marketing,Lucknow,2020-04-06,13.0,172620,24387.0,4
E0067,Aarav Mehta,Female,HR,Hyderabad,2022-08-28,1.0,108304,22984.0,5
E0068,Rahul Das,Male,Sales,Pune,2015-02-28,12.0,170201,27116.0,5
E0069,Priya Patel,Female,Finance,Lucknow,2016-12-10,5.1,105750,30784.0,3
E0070,Aditya Patel,Male,Sales,Pune,2023-01-03,11.2,53220,13948.0,3
E0071,Riya Das,Female,Finance,Mumbai,2024-06-12,2.3,44392,7289.0,5
E0072,Amit Das,Male,Operations,Lucknow,2019-04-29,8.5,154324,11640.0,3
E0073,Sneha Mehta,Male,Marketing,Hyderabad,2024-10-29,11.1,123258,19403.0,3
E0074,Rahul Das,Male,Marketing,Bengaluru,2013-06-22,18.6,63900,48422.0,2
E0075,Riya Kumar,Male,Finance,Jaipur,2015-12-12,10.0,63075,14948.0,4
E0076,Vivaan Yadav,Male,Marketing,Bengaluru,2016-06-01,13.8,178355,44425.0,2
E0077,Riya Yadav,Male,Sales,Hyderabad,2019-02-27,8.4,116909,,5
E0078,Aditya Yadav,Female,Operations,Delhi,2019-01-16,7.1,46098,40637.0,2
E0079,Vivaan Kumar,Male,Finance,Delhi,2018-07-16,9.9,99792,5455.0,2
E0080,Vivaan Patel,Female,Sales,Lucknow,2020-02-28,15.6,81406,40256.0,2
E0081,Rahul Mehta,Male,Finance,Bengaluru,2013-01-09,2.5,52523,12138.0,3
E0082,Vivaan Mehta,Female,Sales,Lucknow,2019-02-17,0.9,54583,48233.0,2
E0083,Vivaan Kumar,Male,Sales,Mumbai,2021-02-02,19.9,126096,7668.0,4
E0084,Ananya Patel,Female,IT,Pune,2017-11-02,15.0,38709,5039.0,3
E0085,Riya Gupta,Male,Marketing,Mumbai,2015-02-10,15.1,168095,30921.0,2
E0086,Aditya Singh,Female,IT,Jaipur,2014-12-09,4.5,125933,33336.0,3
E0087,Aditya Das,Female,Sales,Hyderabad,2017-08-24,15.9,156094,32836.0,3
E0088,Vivaan Singh,Female,Operations,Delhi,2018-08-17,15.1,54073,33819.0,5
E0089,Aditya Sharma,Male,IT,Mumbai,2016-01-20,6.7,94609,41920.0,2
E0090,Aditya Das,Female,IT,Bengaluru,2019-10-23,11.8,47159,30718.0,5
E0091,Riya Joshi,Female,HR,Pune,2021-06-27,6.9,156189,34097.0,5
E0092,Karan Kumar,Female,Operations,Jaipur,2017-01-22,13.3,127336,38435.0,5
E0093,Karan Joshi,Female,HR,Pune,2018-02-08,0.9,148871,44674.0,3
E0094,Rahul Yadav,Male,IT,Lucknow,2018-10-02,4.8,32534,19093.0,3
E0095,Sneha Verma,Male,Marketing,Bengaluru,2022-05-15,8.9,104912,24416.0,4
E0096,Aarav Joshi,Male,Sales,Hyderabad,2020-10-25,17.9,123596,30634.0,4
E0097,Ananya Mehta,Female,Operations,Bengaluru,2022-01-08,3.3,88450,48977.0,3
E0098,Sneha Joshi,Male,Finance,Bengaluru,2017-11-15,2.3,39543,43720.0,3
E0099,Sneha Patel,Female,HR,Delhi,2016-08-06,13.1,65373,28873.0,4
E0100,Diya Patel,Male,HR,Lucknow,2016-02-07,8.3,69965,31047.0,2
E0101,Sneha Mehta,Male,Marketing,Lucknow,2013-03-04,7.3,175890,7422.0,4
E0102,Amit Patel,Female,IT,Pune,2016-10-03,7.6,148030,26716.0,2
E0103,Diya Joshi,Male,Marketing,Bengaluru,2012-10-31,4.4,155209,9245.0,4
E0104,Aditya Joshi,Male,Operations,Delhi,2019-08-31,4.2,27052,29004.0,5
E0105,Sneha Patel,Male,HR,Bengaluru,2015-04-17,5.2,131233,28372.0,3
E0106,Diya Singh,Female,IT,Delhi,2013-10-12,10.6,83177,25116.0,3
E0107,Aditya Kumar,Female,HR,Hyderabad,2012-06-04,7.5,171798,,4
E0108,Neha Verma,Female,Finance,Lucknow,2021-02-24,9.7,54167,35102.0,4
E0109,Neha Das,Female,HR,Bengaluru,2020-07-10,13.0,62522,30956.0,4
E0110,Rahul Kumar,Female,HR,Jaipur,2022-02-11,14.7,153417,16863.0,5
E0111,Sneha Patel,Male,Sales,Lucknow,2014-02-27,5.1,136953,33172.0,3
E0112,Ananya Kumar,Male,Marketing,Bengaluru,2016-03-03,14.7,60353,20629.0,3
E0113,Aditya Mehta,Female,Sales,Hyderabad,2016-07-29,9.4,82689,40889.0,2
E0114,Neha Yadav,Male,Finance,Bengaluru,2025-07-29,17.5,48999,38513.0,3
E0115,Priya Joshi,Female,Finance,Bengaluru,2012-07-17,14.0,85961,47749.0,2
E0116,Vivaan Mehta,Female,Operations,Bengaluru,2024-03-02,3.2,101659,44112.0,2
E0117,Sneha Verma,Female,Finance,Lucknow,2015-02-05,12.4,33764,39604.0,2
E0118,Priya Kumar,Female,Marketing,Jaipur,2019-02-13,11.4,105434,18128.0,3
E0119,Diya Yadav,Male,HR,Pune,2018-09-22,18.0,74393,17644.0,2
E0120,Aarav Mehta,Female,Operations,Delhi,2015-10-22,5.9,107284,34468.0,2
E0121,Karan Das,Female,Marketing,Mumbai,2020-11-30,8.7,125653,25223.0,3
E0122,Sneha Singh,Male,HR,Bengaluru,2017-01-17,7.4,136599,9613.0,2
E0123,Sneha Kumar,Female,Sales,Bengaluru,2017-06-13,10.0,90187,43342.0,2
E0124,Sneha Yadav,Male,IT,Bengaluru,2012-01-20,12.2,174313,5651.0,4
E0125,Ananya Das,Female,Sales,Hyderabad,2014-05-31,6.5,163418,13854.0,4
E0126,Vivaan Sharma,Female,Finance,Delhi,2018-01-21,7.6,158556,47665.0,5
E0127,Priya Kumar,Female,HR,Bengaluru,2022-08-26,0.2,158103,5760.0,2
E0128,Sneha Sharma,Male,Operations,Jaipur,2019-08-13,6.3,53502,34596.0,4
E0129,Priya Sharma,Female,Marketing,Delhi,2019-11-10,8.9,34741,35854.0,5
E0130,Amit Gupta,Female,Marketing,Mumbai,2017-01-16,10.4,57857,43329.0,3
E0131,Aditya Gupta,Female,IT,Hyderabad,2013-05-09,12.8,33538,41241.0,3
E0132,Amit Das,Female,HR,Delhi,2013-09-20,18.2,130637,12787.0,4
E0133,Aarav Patel,Male,Marketing,Jaipur,2018-12-13,8.2,83518,29754.0,5
E0134,Ananya Das,Female,Finance,Jaipur,2019-09-22,14.5,33966,7505.0,2
E0135,Neha Das,Female,Finance,Mumbai,2020-07-20,8.6,151718,7295.0,3
E0136,Amit Yadav,Female,Marketing,Bengaluru,2022-04-20,19.8,32133,49847.0,5
E0137,Aarav Kumar,Male,HR,Jaipur,2023-03-06,15.0,121481,43405.0,4
E0138,Sneha Singh,Male,IT,Lucknow,2019-07-21,12.5,172707,28004.0,4
E0139,Aarav Das,Male,HR,Hyderabad,2012-01-06,14.2,37588,22245.0,2
E0140,Aditya Singh,Female,Marketing,Mumbai,2025-08-21,8.5,117438,35207.0,3
E0141,Vivaan Yadav,Female,Finance,Jaipur,2024-01-24,3.5,158913,30625.0,5
E0142,Vivaan Singh,Female,Sales,Bengaluru,2014-03-30,17.0,130409,42236.0,3
E0143,Neha Gupta,Male,Sales,Mumbai,2018-05-19,11.8,74075,43433.0,4
E0144,Priya Yadav,Male,IT,Delhi,2016-08-13,18.6,32892,7223.0,2
E0145,Karan Gupta,Female,Marketing,Jaipur,2012-03-08,16.3,157579,45349.0,5
E0146,Rahul Kumar,Female,HR,Mumbai,2017-05-29,15.4,105436,36107.0,5
E0147,Aarav Patel,Male,Marketing,Mumbai,2015-06-30,11.1,67349,25164.0,3
E0148,Diya Verma,Male,Operations,Pune,2025-04-15,6.2,28462,25731.0,2
E0149,Karan Yadav,Female,HR,Lucknow,2019-06-06,5.3,36609,47162.0,3
E0150,Priya Verma,Male,Finance,Lucknow,2017-08-07,7.5,152407,23922.0,2
E0151,Diya Joshi,Male,HR,Jaipur,2015-01-03,6.3,42891,13597.0,5
E0152,Rahul Kumar,Female,IT,Hyderabad,2024-10-04,15.8,64787,30470.0,5
E0153,Neha Sharma,Male,Finance,Delhi,2022-08-07,9.6,71667,19990.0,2
E0154,Riya Sharma,Female,IT,Mumbai,2016-05-08,5.5,165420,8545.0,2
E0155,Sneha Kumar,Male,Sales,Mumbai,2015-09-22,6.2,137107,5885.0,4
E0156,Priya Mehta,Male,Finance,Lucknow,2022-03-14,17.3,28110,34602.0,3
E0157,Riya Kumar,Female,IT,Lucknow,2021-10-20,16.9,88057,48290.0,2
E0158,Neha Mehta,Female,HR,Jaipur,2024-03-20,19.8,171737,18055.0,2
E0159,Riya Mehta,Female,Marketing,Mumbai,2016-11-11,15.4,110734,23104.0,2
E0160,Amit Yadav,Female,Marketing,Pune,2024-11-06,0.7,162018,29359.0,3
E0161,Sneha Gupta,Female,Operations,Pune,2016-04-21,6.2,75475,34855.0,3
E0162,Amit Gupta,Male,Sales,Mumbai,2024-08-18,7.5,166167,16884.0,4
E0163,Diya Singh,Female,Sales,Jaipur,2023-10-09,10.9,84410,17434.0,2
E0164,Priya Patel,Male,HR,Hyderabad,2023-08-08,0.7,158301,41391.0,2
E0165,Vivaan Verma,Male,Marketing,Jaipur,2021-12-05,4.4,126685,42812.0,3
E0166,Rahul Verma,Male,Operations,Delhi,2024-06-27,3.9,176357,25026.0,2
E0167,Diya Das,Male,Operations,Bengaluru,2015-04-21,13.7,178668,18999.0,5
E0168,Aarav Gupta,Male,HR,Mumbai,2019-12-19,15.2,121443,25988.0,5
E0169,Diya Yadav,Male,Marketing,Delhi,2021-03-09,0.2,48806,15470.0,2
E0170,Vivaan Gupta,Male,HR,Delhi,2025-02-10,8.0,96124,28822.0,3
E0171,Rahul Yadav,Male,Sales,Mumbai,2016-12-04,6.9,90700,41993.0,2
E0172,Amit Mehta,Female,Operations,Lucknow,2012-04-11,4.1,85990,18334.0,4
E0173,Karan Patel,Female,Marketing,Pune,2020-01-22,19.2,160214,19929.0,4
E0174,Aditya Sharma,Male,IT,Hyderabad,2012-12-24,17.9,92317,10747.0,2
E0175,Amit Mehta,Female,IT,Mumbai,2019-10-16,6.8,75458,35151.0,3
E0176,Priya Gupta,Male,IT,Lucknow,2015-04-08,12.3,61638,31217.0,3
E0177,Riya Joshi,Female,Finance,Jaipur,2017-06-03,5.6,115918,21622.0,5
E0178,Riya Yadav,Female,Sales,Mumbai,2012-08-10,19.6,169403,46876.0,3
E0179,Riya Verma,Male,Finance,Mumbai,2017-04-23,19.6,71619,41479.0,3
E0180,Vivaan Mehta,Male,Sales,Delhi,2023-01-06,8.1,127720,48748.0,5
E0181,Diya Joshi,Female,Marketing,Delhi,2024-01-19,8.2,84915,29376.0,5
E0182,Vivaan Mehta,Male,HR,Delhi,2024-03-21,0.4,56573,11032.0,5
E0183,Diya Kumar,Male,IT,Mumbai,2017-01-20,5.9,116449,33739.0,5
E0184,Karan Mehta,Female,Operations,Jaipur,2015-10-12,2.1,45568,5833.0,5
E0185,Karan Sharma,Female,IT,Lucknow,2024-12-30,7.9,173344,22681.0,3
E0186,Sneha Kumar,Female,IT,Mumbai,2017-12-07,3.2,62974,46659.0,2
E0187,Priya Patel,Female,Finance,Jaipur,2020-02-20,18.4,122906,48827.0,4
E0188,Aarav Gupta,Female,Marketing,Hyderabad,2015-03-19,10.0,74179,35352.0,3
E0189,Karan Mehta,Female,HR,Mumbai,2016-12-11,10.6,39764,25554.0,2
E0190,Aditya Das,Male,HR,Lucknow,2024-02-25,8.6,31082,22971.0,5
E0191,Vivaan Singh,Female,Operations,Jaipur,2012-03-11,15.7,38931,9070.0,4
E0192,Karan Mehta,Female,Sales,Pune,2021-08-19,5.1,148575,26804.0,5
E0193,Aditya Gupta,Female,IT,Mumbai,2016-08-28,13.1,136766,26923.0,3
E0194,Diya Patel,Male,HR,Delhi,2022-04-25,14.0,38139,6196.0,4
E0195,Vivaan Singh,Male,Sales,Lucknow,2018-05-24,12.6,51574,22542.0,4
E0196,Vivaan Gupta,Male,HR,Bengaluru,2014-05-12,12.9,69694,36723.0,2
E0197,Sneha Verma,Male,Operations,Mumbai,2012-09-10,15.6,93781,19476.0,2
E0198,Neha Kumar,Female,Marketing,Pune,2024-08-18,3.5,151246,24310.0,2
E0199,Priya Verma,Male,Operations,Jaipur,2018-08-01,6.3,100079,42335.0,2
E0200,Priya Kumar,Female,HR,Jaipur,2019-09-04,18.3,76287,11288.0,3
E0201,Amit Verma,Male,Operations,Mumbai,2025-09-08,19.8,37564,20934.0,2
E0202,Neha Kumar,Male,Sales,Lucknow,2017-07-17,1.6,157497,14670.0,4
E0203,Amit Sharma,Male,Finance,Hyderabad,2018-08-11,9.7,43991,35917.0,3
E0204,Rahul Sharma,Male,Sales,Lucknow,2014-02-17,9.1,99128,40505.0,2
E0205,Aditya Sharma,Female,Marketing,Hyderabad,2015-01-27,11.6,105825,43465.0,4
E0206,Ananya Verma,Female,IT,Hyderabad,2017-10-15,15.4,102920,41687.0,5
E0207,Priya Joshi,Male,Finance,Bengaluru,2019-01-23,8.3,109256,19280.0,5
E0208,Diya Mehta,Female,Marketing,Jaipur,2023-07-19,9.6,85366,47739.0,5
E0209,Ananya Das,Male,Sales,Delhi,2018-01-11,17.3,150358,6171.0,4
E0210,Priya Das,Male,HR,Mumbai,2021-02-16,9.6,155496,47679.0,3
E0211,Ananya Singh,Female,IT,Jaipur,2015-05-20,2.9,163185,48446.0,4
E0212,Neha Kumar,Male,IT,Mumbai,2014-07-11,18.6,156663,33477.0,2
E0213,Amit Patel,Male,IT,Hyderabad,2013-09-10,7.1,141594,18277.0,2
E0214,Priya Das,Female,IT,Bengaluru,2021-01-30,11.8,57696,15528.0,3
E0215,Amit Patel,Female,HR,Lucknow,2015-12-12,11.0,26647,24565.0,5
E0216,Vivaan Yadav,Female,Marketing,Bengaluru,2016-12-17,11.6,76938,42323.0,2
E0217,Vivaan Mehta,Female,Finance,Hyderabad,2016-01-07,16.8,81726,24407.0,4
E0218,Priya Verma,Male,HR,Mumbai,2018-07-17,19.5,162096,20108.0,5
E0219,Priya Sharma,Female,Sales,Bengaluru,2023-03-14,17.3,88636,12112.0,2
E0220,Neha Kumar,Male,Finance,Hyderabad,2023-06-17,11.8,133541,40243.0,5
E0221,Aditya Sharma,Female,IT,Hyderabad,2017-03-12,9.9,79451,48844.0,4
E0222,Sneha Sharma,Female,Marketing,Delhi,2020-02-11,14.1,172557,29504.0,4
E0223,Vivaan Patel,Male,Marketing,Mumbai,2020-03-22,1.5,167122,11445.0,3
E0224,Aditya Gupta,Male,Marketing,Jaipur,2024-12-10,19.4,37097,40208.0,5
E0225,Ananya Patel,Male,Marketing,Bengaluru,2012-11-18,16.6,67052,36511.0,4
E0226,Diya Yadav,Male,HR,Bengaluru,2016-06-21,3.5,66898,39539.0,4
E0227,Diya Verma,Female,Finance,Delhi,2018-04-17,6.8,148637,30722.0,4
E0228,Aarav Sharma,Male,Operations,Jaipur,2023-02-23,17.1,115794,35804.0,3
E0229,Amit Gupta,Male,IT,Pune,2020-10-10,16.8,117781,20884.0,5
E0230,Ananya Joshi,Female,Marketing,Delhi,2015-06-03,12.7,54049,37722.0,5
E0231,Ananya Sharma,Female,IT,Delhi,2016-05-10,1.6,126639,8253.0,4
E0232,Riya Verma,Female,HR,Pune,2024-11-27,18.6,56435,7691.0,3
E0233,Sneha Singh,Male,Marketing,Jaipur,2022-12-23,4.7,41435,25025.0,3
E0234,Neha Sharma,Female,Operations,Pune,2013-06-03,17.3,32876,11455.0,3
E0235,Aditya Kumar,Female,HR,Bengaluru,2023-04-26,4.2,146396,39506.0,4
E0236,Ananya Das,Female,Marketing,Jaipur,2014-11-24,16.7,178395,24023.0,3
E0237,Aarav Gupta,Female,Marketing,Jaipur,2016-08-01,0.9,26669,5133.0,5
E0238,Rahul Verma,Male,Operations,Delhi,2014-11-03,19.3,93675,40222.0,5
E0239,Aditya Singh,Female,Operations,Jaipur,2018-05-13,16.1,142731,33034.0,3
E0240,Riya Gupta,Male,IT,Hyderabad,2013-09-26,4.7,42918,48524.0,3
E0241,Aditya Gupta,Female,HR,Delhi,2024-01-26,9.7,53830,41152.0,5
E0242,Vivaan Das,Female,Marketing,Pune,2016-04-05,19.2,63059,8185.0,5
E0243,Ananya Patel,Female,IT,Lucknow,2012-03-09,10.6,153992,8105.0,2
E0244,Ananya Joshi,Female,Marketing,Pune,2017-10-21,19.0,57306,15588.0,4
E0245,Riya Mehta,Female,HR,Mumbai,2013-08-11,8.2,167042,34334.0,5
E0246,Rahul Yadav,Female,Marketing,Bengaluru,2018-04-21,14.3,109421,14095.0,2
E0247,Diya Joshi,Male,Marketing,Mumbai,2019-02-17,15.3,61651,42992.0,5
E0248,Sneha Gupta,Female,Finance,Jaipur,2018-07-07,3.5,39987,31695.0,2
E0249,Rahul Joshi,Male,Finance,Delhi,2018-05-09,9.3,64658,49713.0,4
E0250,Aditya Singh,Male,IT,Hyderabad,2023-08-03,18.1,173165,21064.0,5
E0251,Sneha Singh,Female,Marketing,Lucknow,2014-02-25,2.6,97912,35425.0,3
E0252,Aarav Sharma,Female,HR,Mumbai,2025-03-18,19.4,94045,21141.0,3
E0253,Priya Kumar,Male,Marketing,Hyderabad,2017-03-30,4.9,106054,17579.0,5
E0254,Sneha Patel,Female,Finance,Delhi,2024-12-11,2.6,66717,42799.0,4
E0255,Priya Das,Female,Finance,Jaipur,2014-04-18,10.4,97126,8714.0,2
E0256,Neha Das,Male,Marketing,Jaipur,2012-05-11,13.6,45475,47061.0,4
E0257,Priya Verma,Female,Operations,Lucknow,2020-07-10,8.7,42138,8679.0,4
E0258,Ananya Singh,Female,HR,Bengaluru,2022-08-14,17.6,179714,32833.0,4
E0259,Aditya Sharma,Male,IT,Delhi,2024-04-21,17.0,39957,12810.0,5
E0260,Ananya Kumar,Female,Marketing,Delhi,2022-05-08,14.2,96021,14732.0,3
E0261,Aarav Patel,Male,Finance,Pune,2013-09-16,16.2,83555,46832.0,5
E0262,Aarav Patel,Female,Sales,Lucknow,2015-11-23,19.3,162065,7391.0,2
E0263,Karan Das,Male,Marketing,Delhi,2024-01-13,18.4,160023,9007.0,5
E0264,Diya Mehta,Female,Operations,Pune,2023-09-01,7.1,122088,31770.0,3
E0265,Rahul Das,Male,IT,Pune,2015-09-26,19.8,170938,8596.0,2
E0266,Priya Singh,Male,Marketing,Bengaluru,2013-10-08,5.2,166018,43094.0,2
E0267,Ananya Mehta,Male,IT,Hyderabad,2012-05-22,6.3,140378,12589.0,2
E0268,Amit Joshi,Male,IT,Pune,2017-02-11,4.7,96998,5254.0,3
E0269,Aditya Mehta,Female,Marketing,Delhi,2021-05-07,12.7,113590,39332.0,3
E0270,Diya Joshi,Male,Operations,Jaipur,2023-01-21,14.8,69474,43504.0,5
E0271,Karan Yadav,Female,Finance,Jaipur,2012-02-08,5.6,152406,25489.0,3
E0272,Sneha Yadav,Male,Finance,Hyderabad,2016-04-22,19.3,76182,12924.0,3
E0273,Amit Verma,Female,HR,Pune,2019-05-29,7.9,91962,11976.0,5
E0274,Aditya Singh,Male,Marketing,Mumbai,2021-01-10,0.1,157004,41222.0,2
E0275,Amit Joshi,Male,Marketing,Delhi,2018-08-24,15.0,73565,28295.0,5
E0276,Neha Yadav,Female,Sales,Hyderabad,2016-12-13,14.3,33169,20949.0,4
E0277,Priya Mehta,Female,Operations,Bengaluru,2013-05-21,0.9,113523,17977.0,4
E0278,Riya Das,Male,Marketing,Hyderabad,2016-04-13,1.1,87984,6042.0,2
E0279,Vivaan Gupta,Female,HR,Pune,2014-04-27,4.8,132662,36667.0,3
E0280,Aarav Joshi,Female,IT,Mumbai,2012-11-04,17.2,141273,43221.0,2
E0281,Amit Kumar,Male,Sales,Hyderabad,2015-01-19,1.9,68474,48215.0,5
E0282,Aditya Yadav,Female,IT,Bengaluru,2023-12-23,11.4,139292,21696.0,4
E0283,Ananya Joshi,Female,Finance,Mumbai,2019-11-18,10.0,102615,39981.0,4
E0284,Aditya Gupta,Female,Sales,Pune,2020-08-20,9.6,157409,29149.0,3
E0285,Vivaan Singh,Male,HR,Mumbai,2023-03-10,0.4,112836,38422.0,3
E0286,Ananya Verma,Female,Finance,Pune,2018-10-29,11.5,38987,48627.0,3
E0287,Riya Verma,Male,Operations,Pune,2018-06-01,9.3,89875,27187.0,2
E0288,Aarav Kumar,Female,Sales,Pune,2016-10-05,8.5,90805,24593.0,5
E0289,Riya Das,Male,HR,Delhi,2014-01-29,0.9,85920,10684.0,3
E0290,Neha Joshi,Female,Marketing,Jaipur,2020-06-04,10.8,61809,11932.0,5
E0291,Diya Singh,Male,Sales,Mumbai,2014-02-28,16.4,95148,46628.0,3
E0292,Priya Yadav,Female,Operations,Pune,2020-09-04,2.9,50478,42306.0,2
E0293,Vivaan Sharma,Male,Marketing,Mumbai,2012-06-01,3.0,168148,39088.0,3
E0294,Diya Mehta,Male,Finance,Pune,2022-04-11,3.1,153639,17807.0,3
E0295,Riya Joshi,Male,HR,Bengaluru,2017-06-04,11.8,119386,25197.0,3
E0296,Riya Joshi,Female,Marketing,Mumbai,2015-09-13,8.0,28541,38743.0,4
E0297,Rahul Sharma,Female,HR,Bengaluru,2020-12-27,17.7,52060,22169.0,3
E0298,Sneha Kumar,Female,Sales,Pune,2021-05-23,9.9,161136,11022.0,3
E0299,Vivaan Kumar,Female,HR,Delhi,2021-02-03,16.2,46318,22241.0,3
E0300,Aarav Sharma,Female,Finance,Jaipur,2014-03-20,2.0,39126,43349.0,3
E0301,Riya Patel,Male,Operations,Delhi,2022-11-12,5.6,160659,16575.0,5
E0302,Karan Sharma,Male,HR,Lucknow,2018-10-08,12.4,157878,41404.0,4
E0303,Diya Singh,Male,Finance,Lucknow,2018-08-25,19.4,132750,21780.0,2
E0304,Aditya Sharma,Male,Operations,Bengaluru,2012-09-02,10.5,179784,6389.0,4
E0305,Ananya Patel,Male,Sales,Bengaluru,2021-09-11,4.0,150412,43047.0,3
E0306,Priya Gupta,Male,Finance,Delhi,2025-04-20,17.7,81176,8601.0,5
E0307,Rahul Patel,Male,IT,Pune,2019-03-22,5.9,172087,48792.0,4
E0308,Diya Patel,Male,Marketing,Lucknow,2020-02-08,18.3,163230,20020.0,3
E0309,Sneha Verma,Male,Sales,Pune,2024-04-16,14.4,96458,24166.0,4
E0310,Ananya Patel,Female,Operations,Mumbai,2018-06-02,1.8,95354,20395.0,4
E0311,Aarav Joshi,Female,Finance,Hyderabad,2014-04-24,2.2,150100,,5
E0312,Vivaan Joshi,Male,IT,Bengaluru,2015-09-01,7.2,45787,25560.0,2
E0313,Priya Yadav,Female,HR,Lucknow,2017-05-19,0.9,55265,27777.0,2
E0314,Aditya Gupta,Male,Finance,Mumbai,2024-06-22,0.4,95048,,4
E0315,Riya Singh,Female,Finance,Mumbai,2022-01-10,15.2,110261,9581.0,2
E0316,Riya Sharma,Female,Sales,Mumbai,2025-02-16,1.2,122615,28589.0,2
E0317,Vivaan Yadav,Female,HR,Lucknow,2020-01-20,8.8,66701,29922.0,2
E0318,Karan Yadav,Male,Marketing,Mumbai,2013-01-07,1.3,144957,6861.0,4
E0319,Vivaan Yadav,Female,HR,Jaipur,2021-08-18,10.8,67477,8707.0,3
E0320,Ananya Mehta,Female,IT,Delhi,2014-10-18,1.3,102728,8929.0,2
E0321,Karan Singh,Female,Sales,Mumbai,2018-12-14,6.1,124021,38867.0,2
E0322,Amit Kumar,Female,Finance,Lucknow,2015-05-10,10.7,177551,45006.0,4
E0323,Aditya Verma,Male,Sales,Pune,2014-08-18,17.2,171773,42500.0,2
E0324,Sneha Verma,Male,Marketing,Bengaluru,2014-02-07,7.3,174138,15616.0,4
E0325,Aditya Sharma,Female,Finance,Jaipur,2025-01-13,10.7,177654,37888.0,4
E0326,Diya Joshi,Female,Marketing,Jaipur,2014-02-10,7.1,158137,7445.0,5
E0327,Karan Singh,Male,IT,Bengaluru,2020-08-02,18.1,109741,6645.0,2
E0328,Vivaan Verma,Male,Sales,Bengaluru,2015-11-07,1.2,31216,47318.0,4
E0329,Neha Verma,Male,Operations,Hyderabad,2014-04-20,19.2,141858,20495.0,5
E0330,Vivaan Joshi,Male,Marketing,Pune,2021-12-08,10.8,69348,23238.0,4
E0331,Neha Joshi,Female,Operations,Pune,2018-01-06,14.3,170231,27043.0,2
E0332,Ananya Mehta,Male,Marketing,Mumbai,2015-04-10,5.5,139902,22306.0,5
E0333,Aditya Singh,Female,HR,Pune,2014-04-09,18.0,40417,36538.0,2
E0334,Amit Singh,Male,IT,Mumbai,2012-04-12,12.0,129990,41295.0,3
E0335,Neha Verma,Female,Operations,Mumbai,2019-08-13,17.9,118411,42669.0,5
E0336,Aditya Gupta,Male,HR,Delhi,2023-09-07,7.8,61069,30990.0,4
E0337,Aditya Patel,Female,Operations,Mumbai,2024-01-03,15.0,170257,20218.0,3
E0338,Amit Singh,Female,Finance,Hyderabad,2021-11-26,7.4,29172,15057.0,5
E0339,Aditya Joshi,Female,IT,Jaipur,2016-11-30,11.3,86166,42685.0,4
E0340,Diya Patel,Male,IT,Mumbai,2020-01-04,8.2,82422,28444.0,5
E0341,Neha Gupta,Male,Finance,Mumbai,2022-09-11,15.9,155505,14951.0,4
E0342,Diya Joshi,Female,HR,Bengaluru,2017-03-07,15.6,122762,23069.0,2
E0343,Riya Verma,Male,HR,Jaipur,2022-05-25,10.5,58725,44266.0,4
E0344,Rahul Singh,Male,Marketing,Jaipur,2025-07-02,10.3,146082,47290.0,5
E0345,Priya Verma,Male,Sales,Hyderabad,2013-07-29,13.5,57340,19657.0,3
E0346,Amit Singh,Male,Marketing,Hyderabad,2025-01-14,14.0,86368,43625.0,5
E0347,Aarav Das,Female,Finance,Pune,2020-10-11,11.8,138183,47200.0,2
E0348,Rahul Patel,Male,Finance,Jaipur,2023-08-27,14.2,120129,25086.0,5
E0349,Rahul Patel,Female,IT,Delhi,2013-04-26,20.0,39676,22112.0,4
E0350,Aditya Verma,Male,Marketing,Hyderabad,2015-06-25,19.8,102030,42472.0,4
E0351,Amit Das,Male,Operations,Lucknow,2023-02-28,3.4,43246,14739.0,3
E0352,Sneha Kumar,Male,HR,Delhi,2023-02-23,14.6,124744,,5
E0353,Karan Gupta,Male,HR,Pune,2012-05-30,2.1,177432,26599.0,5
E0354,Amit Kumar,Female,Operations,Jaipur,2022-07-15,13.9,157680,45645.0,4
E0355,Aditya Das,Male,IT,Delhi,2013-04-07,0.4,119197,37922.0,3
E0356,Ananya Singh,Female,Finance,Delhi,2013-12-14,13.7,170593,24760.0,3
E0357,Rahul Mehta,Male,Marketing,Bengaluru,2013-05-03,18.3,41963,7139.0,4
E0358,Ananya Joshi,Male,Sales,Delhi,2014-07-02,4.6,27543,37904.0,4
E0359,Aditya Yadav,Male,Operations,Pune,2015-05-05,7.0,30468,17640.0,4
E0360,Sneha Gupta,Male,IT,Mumbai,2013-08-16,5.4,129347,13949.0,5
E0361,Riya Kumar,Male,Operations,Mumbai,2023-08-26,5.8,127717,49062.0,5
E0362,Neha Gupta,Male,Marketing,Pune,2014-03-15,4.5,84210,41529.0,2
E0363,Ananya Patel,Female,HR,Jaipur,2013-06-25,15.8,99008,16393.0,4
E0364,Vivaan Patel,Female,Operations,Mumbai,2012-08-13,18.6,143990,41582.0,5
E0365,Sneha Verma,Male,Finance,Jaipur,2020-01-28,18.7,39817,24095.0,5
E0366,Diya Kumar,Male,IT,Bengaluru,2024-10-29,18.0,134945,35353.0,4
E0367,Vivaan Patel,Male,IT,Bengaluru,2016-06-18,0.7,146972,7996.0,3
E0368,Neha Joshi,Female,IT,Bengaluru,2018-08-16,15.3,80939,40687.0,2
E0369,Amit Das,Male,Operations,Pune,2013-07-15,6.3,59404,25600.0,4
E0370,Aditya Singh,Male,Sales,Hyderabad,2013-11-03,15.9,53813,25276.0,3
E0371,Rahul Das,Male,HR,Bengaluru,2023-11-05,13.1,117251,26685.0,3
E0372,Vivaan Patel,Male,Marketing,Jaipur,2013-10-22,13.2,144713,16527.0,3
E0373,Rahul Gupta,Female,Sales,Hyderabad,2022-11-08,2.9,50668,45865.0,2
E0374,Sneha Das,Female,Finance,Bengaluru,2024-09-17,1.0,176442,48048.0,2
E0375,Ananya Kumar,Female,Marketing,Delhi,2021-03-06,8.7,33106,36657.0,5
E0376,Priya Mehta,Female,Finance,Delhi,2018-06-01,8.8,62421,26917.0,4
E0377,Sneha Kumar,Female,IT,Jaipur,2015-08-16,16.1,105185,8426.0,5
E0378,Diya Verma,Male,Finance,Delhi,2014-06-30,7.0,96579,6315.0,3
E0379,Karan Das,Female,Sales,Delhi,2016-08-16,8.4,27080,7304.0,2
E0380,Aarav Das,Female,Marketing,Hyderabad,2021-05-16,12.4,40458,24388.0,5
E0381,Vivaan Yadav,Female,IT,Delhi,2018-09-02,14.5,154688,30805.0,5
E0382,Aarav Das,Male,Operations,Mumbai,2021-05-26,9.1,174943,47528.0,5
E0383,Neha Singh,Female,Marketing,Bengaluru,2022-03-07,15.6,65313,30311.0,3
E0384,Vivaan Singh,Male,Marketing,Mumbai,2012-01-15,8.9,35457,43053.0,2
E0385,Amit Patel,Female,Marketing,Lucknow,2013-12-05,16.9,28839,32613.0,4
E0386,Sneha Patel,Female,Sales,Bengaluru,2019-04-05,10.8,55671,41546.0,2
E0387,Riya Kumar,Male,Finance,Bengaluru,2013-10-23,17.1,138849,22418.0,3
E0388,Aditya Mehta,Male,Marketing,Bengaluru,2022-10-08,7.2,131123,28380.0,2
E0389,Rahul Joshi,Female,Finance,Pune,2024-04-22,1.3,104624,9123.0,2
E0390,Amit Mehta,Male,IT,Mumbai,2013-11-19,17.5,56358,21850.0,2
E0391,Amit Gupta,Male,Marketing,Hyderabad,2014-10-09,20.0,43144,49167.0,4
E0392,Diya Sharma,Female,Finance,Pune,2022-10-01,18.0,32908,32330.0,3
E0393,Priya Mehta,Female,IT,Mumbai,2016-01-15,1.5,37596,42713.0,2
E0394,Aarav Yadav,Female,Marketing,Bengaluru,2017-01-07,17.1,75707,25554.0,2
E0395,Rahul Mehta,Female,Operations,Hyderabad,2017-02-07,15.5,64465,39679.0,3
E0396,Sneha Sharma,Female,Finance,Jaipur,2019-05-28,13.7,40223,10075.0,5
E0397,Neha Patel,Male,Operations,Pune,2024-09-26,11.8,33976,20720.0,4
E0398,Ananya Patel,Male,Sales,Hyderabad,2025-05-13,12.3,53416,22899.0,4
E0399,Ananya Yadav,Male,Operations,Jaipur,2014-03-22,1.5,147938,11371.0,4
E0400,Rahul Singh,Male,Marketing,Delhi,2018-01-31,10.7,125530,39468.0,3
E0401,Ananya Yadav,Female,Operations,Lucknow,2018-03-16,9.0,50485,25685.0,2
E0402,Amit Yadav,Male,Operations,Hyderabad,2012-12-02,13.3,80248,44410.0,5
E0403,Rahul Mehta,Female,Operations,Lucknow,2015-12-23,2.2,147814,12318.0,2
E0404,Diya Singh,Female,IT,Mumbai,2015-05-09,11.4,145976,36892.0,2
E0405,Neha Patel,Male,Operations,Hyderabad,2018-11-29,15.2,47445,19025.0,2
E0406,Priya Mehta,Male,Sales,Jaipur,2022-02-23,5.7,104282,45997.0,5
E0407,Ananya Yadav,Female,Operations,Delhi,2016-08-01,0.0,146316,13427.0,4
E0408,Riya Das,Male,HR,Delhi,2016-01-03,14.9,118553,44437.0,5
E0409,Sneha Singh,Male,HR,Pune,2020-11-02,12.7,162830,34935.0,3
E0410,Ananya Gupta,Female,Marketing,Jaipur,2022-09-04,4.0,33474,42457.0,4
E0411,Aditya Sharma,Male,Marketing,Pune,2017-07-28,17.3,145908,44247.0,5
E0412,Riya Gupta,Male,HR,Hyderabad,2012-03-06,15.8,56253,48845.0,2
E0413,Karan Joshi,Female,Marketing,Mumbai,2017-07-06,19.7,145694,13007.0,2
E0414,Riya Joshi,Male,HR,Pune,2025-06-04,19.4,57533,24056.0,2
E0415,Rahul Singh,Male,Finance,Hyderabad,2022-05-07,1.8,94659,29885.0,2
E0416,Neha Yadav,Male,Sales,Pune,2022-09-23,8.6,170192,44676.0,3
E0417,Rahul Das,Male,IT,Mumbai,2024-12-07,6.0,36370,34021.0,2
E0418,Aarav Yadav,Female,Operations,Lucknow,2020-11-07,16.0,47440,,2
E0419,Rahul Gupta,Female,Finance,Bengaluru,2022-04-09,0.1,89680,30186.0,5
E0420,Sneha Joshi,Female,Marketing,Pune,2014-08-29,0.4,128895,31544.0,2
E0421,Neha Patel,Male,Operations,Bengaluru,2019-09-13,1.4,32420,20317.0,5
E0422,Karan Sharma,Male,IT,Mumbai,2023-02-03,18.9,110194,11248.0,2
E0423,Aditya Gupta,Male,Operations,Hyderabad,2024-03-01,11.4,60390,46894.0,4
E0424,Sneha Sharma,Male,Finance,Lucknow,2019-10-12,16.4,122584,23082.0,5
E0425,Aditya Kumar,Male,Sales,Bengaluru,2016-02-18,16.4,123512,8333.0,2
E0426,Diya Mehta,Female,HR,Hyderabad,2025-03-28,8.7,110002,18267.0,5
E0427,Diya Gupta,Male,HR,Lucknow,2012-10-08,1.4,145964,47306.0,4
E0428,Aarav Yadav,Male,Sales,Hyderabad,2019-05-28,6.1,26903,5136.0,2
E0429,Karan Kumar,Male,Finance,Lucknow,2016-04-18,7.0,164190,36911.0,2
E0430,Diya Singh,Female,HR,Jaipur,2022-09-01,14.5,75916,28202.0,2
E0431,Aarav Mehta,Male,HR,Lucknow,2012-04-28,2.0,176686,37310.0,2
E0432,Vivaan Das,Male,Sales,Mumbai,2022-06-01,11.6,92653,46870.0,5
E0433,Karan Gupta,Male,Marketing,Hyderabad,2016-05-20,1.3,117981,44916.0,2
E0434,Karan Patel,Male,Marketing,Delhi,2016-09-09,9.9,177571,41836.0,2
E0435,Karan Gupta,Male,Marketing,Delhi,2024-10-25,7.2,133172,37525.0,2
E0436,Amit Das,Female,Operations,Jaipur,2021-10-18,10.4,153818,7197.0,5
E0437,Ananya Yadav,Male,IT,Mumbai,2021-08-30,13.9,30639,45596.0,3
E0438,Amit Patel,Male,Operations,Mumbai,2018-07-06,5.9,49911,30398.0,4
E0439,Sneha Patel,Female,Operations,Mumbai,2023-09-04,10.3,66229,16006.0,4
E0440,Vivaan Verma,Male,IT,Mumbai,2022-10-20,0.9,148687,13602.0,2
E0441,Vivaan Gupta,Male,HR,Hyderabad,2021-07-22,10.9,170656,35207.0,3
E0442,Priya Singh,Female,Finance,Jaipur,2023-06-21,17.4,153880,10014.0,2
E0443,Sneha Mehta,Male,Operations,Mumbai,2014-12-24,9.1,89133,41844.0,4
E0444,Neha Gupta,Female,Sales,Mumbai,2013-04-11,8.8,35080,7107.0,4
E0445,Amit Sharma,Male,IT,Delhi,2022-08-08,3.5,30462,,4
E0446,Vivaan Mehta,Male,Finance,Mumbai,2023-07-30,13.2,176199,48300.0,4
E0447,Rahul Joshi,Female,Sales,Jaipur,2023-04-19,19.6,162114,23017.0,4
E0448,Vivaan Gupta,Male,Operations,Bengaluru,2019-01-26,11.3,140654,43771.0,3
E0449,Sneha Yadav,Male,IT,Hyderabad,2018-08-31,16.1,59794,21798.0,4
E0450,Riya Patel,Female,Finance,Mumbai,2014-12-03,11.6,170275,24178.0,3
E0451,Neha Yadav,Male,Marketing,Lucknow,2015-08-26,16.0,126500,10363.0,4
E0452,Amit Singh,Male,IT,Lucknow,2020-03-08,10.2,99085,27301.0,2
E0453,Karan Gupta,Male,Finance,Hyderabad,2013-09-12,16.2,71687,40139.0,4
E0454,Karan Gupta,Female,IT,Delhi,2025-08-30,0.4,135187,8302.0,4
E0455,Diya Patel,Male,HR,Delhi,2019-03-27,2.4,157523,9700.0,4
E0456,Neha Yadav,Male,HR,Jaipur,2015-04-18,7.7,118120,35705.0,5
E0457,Vivaan Das,Female,Sales,Delhi,2017-03-03,19.5,78684,39767.0,5
E0458,Ananya Gupta,Female,Operations,Pune,2018-09-21,3.0,164887,43265.0,4
E0459,Ananya Singh,Male,HR,Bengaluru,2021-05-13,7.1,101596,9651.0,5
E0460,Priya Patel,Female,Sales,Pune,2023-08-11,1.0,171639,34461.0,3
E0461,Sneha Sharma,Male,HR,Jaipur,2020-04-12,1.6,151699,5043.0,4
E0462,Ananya Singh,Female,IT,Jaipur,2014-01-06,13.8,59680,7128.0,5
E0463,Vivaan Kumar,Female,IT,Hyderabad,2018-01-22,0.9,53563,31911.0,4
E0464,Vivaan Mehta,Male,HR,Delhi,2021-03-16,15.4,179432,23332.0,5
E0465,Aarav Das,Female,IT,Jaipur,2020-07-11,16.1,27472,7126.0,2
E0466,Priya Joshi,Female,IT,Lucknow,2018-01-09,19.1,75588,22212.0,4
E0467,Riya Gupta,Female,Sales,Jaipur,2014-02-20,3.6,74317,20297.0,2
E0468,Priya Singh,Male,Operations,Pune,2023-12-24,12.9,126841,28783.0,3
E0469,Sneha Das,Male,Finance,Pune,2013-08-27,10.7,120882,33627.0,3
E0470,Sneha Joshi,Female,Finance,Delhi,2023-12-08,2.1,143401,24721.0,5
E0471,Diya Sharma,Male,IT,Mumbai,2024-03-08,19.0,93198,19430.0,4
E0472,Neha Singh,Female,HR,Delhi,2014-03-17,13.5,29402,29698.0,5
E0473,Priya Joshi,Male,HR,Bengaluru,2017-01-01,18.2,69331,38756.0,5
E0474,Neha Kumar,Male,Marketing,Lucknow,2024-10-19,5.6,73575,23453.0,4
E0475,Ananya Singh,Female,HR,Hyderabad,2017-11-16,9.1,54049,24858.0,5
E0476,Diya Joshi,Male,HR,Hyderabad,2019-03-31,1.4,39164,34396.0,2
E0477,Vivaan Sharma,Female,Sales,Mumbai,2020-07-11,0.3,176161,21368.0,2
E0478,Riya Yadav,Female,Sales,Mumbai,2018-05-26,0.9,38741,7646.0,3
E0479,Vivaan Das,Male,IT,Mumbai,2019-05-27,14.7,117508,29751.0,2
E0480,Riya Verma,Female,Finance,Delhi,2013-10-05,9.0,89457,5566.0,2
E0481,Vivaan Gupta,Male,IT,Bengaluru,2024-01-08,19.1,99962,5595.0,5
E0482,Sneha Verma,Male,IT,Pune,2023-04-28,19.5,50895,7319.0,5
E0483,Aarav Yadav,Male,Sales,Delhi,2018-12-20,6.8,25874,45667.0,5
E0484,Riya Kumar,Male,HR,Jaipur,2025-07-19,18.1,129819,,3
E0485,Vivaan Kumar,Male,Operations,Pune,2015-05-02,13.3,47721,9558.0,2
E0486,Sneha Verma,Female,Marketing,Delhi,2021-06-11,14.4,33545,11207.0,3
E0487,Priya Mehta,Male,HR,Jaipur,2012-09-26,1.4,64895,16776.0,5
E0488,Priya Kumar,Male,HR,Mumbai,2023-12-06,4.8,63969,32593.0,4
E0489,Rahul Sharma,Female,Marketing,Delhi,2015-05-30,11.6,168182,11726.0,2
E0490,Neha Yadav,Male,IT,Pune,2022-08-03,11.3,147225,14333.0,4
E0491,Aarav Singh,Female,Sales,Pune,2024-11-27,10.3,100482,19252.0,3
E0492,Riya Mehta,Male,Marketing,Lucknow,2016-10-18,10.7,176814,27582.0,2
E0493,Priya Gupta,Male,Operations,Mumbai,2016-04-05,6.6,100724,33805.0,5
E0494,Priya Das,Female,Finance,Delhi,2017-10-07,0.2,157524,20440.0,5
E0495,Sneha Verma,Male,Sales,Pune,2014-10-07,13.4,165283,,4
E0496,Riya Patel,Male,Operations,Delhi,2019-09-04,3.6,103614,13523.0,4
E0497,Diya Das,Female,Marketing,Lucknow,2021-06-29,19.5,166400,18284.0,3
E0498,Priya Mehta,Male,IT,Pune,2012-11-13,10.1,34472,10563.0,3
E0499,Neha Patel,Female,IT,Hyderabad,2020-03-23,3.2,119668,36668.0,2
E0500,Aditya Joshi,Male,Marketing,Delhi,2019-12-02,13.9,30712,47365.0,3
E0501,Amit Singh,Male,Sales,Mumbai,2017-08-06,15.2,89249,11591.0,3
E0502,Neha Mehta,Male,Operations,Lucknow,2018-07-18,15.8,63789,22707.0,3
E0503,Karan Yadav,Female,Finance,Jaipur,2017-01-13,20.0,127219,35680.0,5
E0504,Karan Singh,Female,Operations,Hyderabad,2014-01-09,17.9,54331,10342.0,4
E0505,Vivaan Gupta,Female,Sales,Mumbai,2015-07-18,9.2,146718,23527.0,5
E0506,Vivaan Kumar,Female,Operations,Hyderabad,2021-11-04,13.6,31745,6023.0,5
E0507,Priya Singh,Male,Marketing,Hyderabad,2019-04-18,15.1,124650,36642.0,3
E0508,Sneha Joshi,Female,HR,Jaipur,2020-09-16,12.5,98954,44126.0,3
E0509,Neha Das,Male,HR,Bengaluru,2015-01-08,6.8,47443,14376.0,3
E0510,Aditya Mehta,Male,Sales,Jaipur,2017-07-15,8.2,82559,48972.0,2
E0511,Riya Joshi,Female,Sales,Bengaluru,2021-12-17,14.7,44396,14814.0,3
E0512,Riya Gupta,Female,IT,Pune,2018-04-06,10.6,52075,5915.0,4
E0513,Priya Patel,Female,Finance,Delhi,2024-08-02,12.9,151223,18202.0,4
E0514,Sneha Verma,Male,IT,Pune,2012-12-09,17.9,110833,18196.0,2
E0515,Aditya Joshi,Female,Operations,Delhi,2021-11-11,0.4,81819,33807.0,4
E0516,Neha Joshi,Male,Marketing,Delhi,2025-04-24,10.5,128592,49781.0,3
E0517,Aarav Mehta,Female,Sales,Hyderabad,2015-12-06,17.0,115051,14272.0,4
E0518,Ananya Mehta,Male,IT,Pune,2013-12-23,15.3,73377,34616.0,5
E0519,Diya Yadav,Male,Finance,Hyderabad,2024-06-26,16.3,141524,10914.0,2
E0520,Karan Yadav,Female,IT,Delhi,2013-04-03,15.2,147984,14742.0,3
E0521,Rahul Das,Female,Operations,Lucknow,2023-03-07,15.5,105371,38710.0,4
E0522,Vivaan Verma,Male,Operations,Lucknow,2012-12-25,19.3,131389,,4
E0523,Ananya Singh,Male,IT,Bengaluru,2021-11-11,1.2,148642,,2
E0524,Priya Gupta,Male,Finance,Jaipur,2021-01-18,3.5,117074,44876.0,2
E0525,Neha Sharma,Male,Operations,Bengaluru,2012-04-17,10.6,43038,46618.0,5
E0526,Diya Kumar,Male,HR,Delhi,2024-04-15,0.3,37472,15344.0,4
E0527,Amit Joshi,Female,HR,Bengaluru,2015-10-04,0.7,118500,38985.0,2
E0528,Neha Kumar,Male,Finance,Bengaluru,2013-12-29,4.9,127432,23998.0,5
E0529,Priya Verma,Female,Sales,Delhi,2018-07-27,7.4,92013,11039.0,5
E0530,Priya Sharma,Female,Marketing,Mumbai,2013-12-07,19.6,123273,5095.0,5
E0531,Priya Joshi,Female,HR,Bengaluru,2020-12-01,5.3,61363,24638.0,3
E0532,Vivaan Kumar,Male,HR,Pune,2017-07-10,11.9,137056,17287.0,2
E0533,Sneha Verma,Male,Marketing,Delhi,2017-12-14,14.2,50107,15625.0,2
E0534,Neha Yadav,Male,Operations,Mumbai,2022-12-03,2.4,41626,42864.0,3
E0535,Amit Kumar,Male,Operations,Hyderabad,2014-01-27,13.3,144715,28125.0,2
E0536,Vivaan Mehta,Female,Sales,Lucknow,2024-08-15,11.1,73340,14103.0,3
E0537,Sneha Yadav,Male,Operations,Pune,2022-05-30,11.0,147156,14716.0,3
E0538,Amit Mehta,Male,Finance,Hyderabad,2013-10-24,4.8,71065,8217.0,3
E0539,Aarav Patel,Female,IT,Bengaluru,2024-04-26,4.7,177567,16008.0,3
E0540,Aditya Kumar,Female,Finance,Bengaluru,2012-01-21,4.5,86993,32655.0,4
E0541,Aarav Patel,Female,IT,Pune,2020-08-21,2.4,34271,27785.0,3
E0542,Priya Singh,Female,Marketing,Jaipur,2023-12-21,18.0,164357,36728.0,2
E0543,Rahul Patel,Male,Marketing,Lucknow,2024-10-13,3.4,157490,29895.0,2
E0544,Karan Das,Female,IT,Bengaluru,2021-04-26,3.7,171773,37178.0,5
E0545,Riya Joshi,Female,Finance,Delhi,2025-05-05,15.5,33342,43533.0,3
E0546,Amit Gupta,Female,HR,Hyderabad,2022-08-05,6.3,63715,8137.0,5
E0547,Aarav Das,Female,IT,Bengaluru,2018-06-27,5.5,117177,31652.0,5
E0548,Neha Mehta,Male,Finance,Jaipur,2013-04-22,3.7,125621,11840.0,2
E0549,Sneha Joshi,Female,Finance,Pune,2019-12-12,20.0,144080,23677.0,3
E0550,Ananya Kumar,Male,Marketing,Delhi,2017-08-27,5.3,119230,48795.0,2
E0551,Diya Yadav,Male,Sales,Hyderabad,2022-02-12,7.6,179260,8637.0,3
E0552,Amit Singh,Male,IT,Hyderabad,2022-03-26,3.3,83519,22431.0,2
E0553,Vivaan Yadav,Male,IT,Bengaluru,2013-02-16,11.5,70256,10805.0,5
E0554,Amit Mehta,Male,Marketing,Lucknow,2019-02-24,8.9,57720,17637.0,5
E0555,Priya Joshi,Male,Sales,Pune,2020-02-04,0.8,57684,6616.0,5
E0556,Riya Das,Female,Marketing,Lucknow,2015-06-22,3.7,44739,40398.0,4
E0557,Vivaan Yadav,Female,IT,Hyderabad,2024-08-17,12.9,88604,12292.0,3
E0558,Vivaan Singh,Male,IT,Hyderabad,2021-06-07,11.6,47722,37142.0,4
E0559,Priya Sharma,Male,Sales,Lucknow,2019-06-09,4.3,112528,16342.0,2
E0560,Rahul Sharma,Female,Operations,Mumbai,2015-01-22,7.3,97376,47937.0,5
E0561,Vivaan Yadav,Male,IT,Lucknow,2023-04-19,18.5,96243,33114.0,5
E0562,Riya Mehta,Male,HR,Lucknow,2013-12-19,9.6,94699,6748.0,4
E0563,Vivaan Joshi,Female,HR,Lucknow,2021-08-24,3.6,151222,6821.0,4
E0564,Vivaan Joshi,Female,Finance,Delhi,2012-10-06,2.1,27387,12700.0,2
E0565,Amit Joshi,Male,Sales,Pune,2023-10-10,3.7,104009,18308.0,5
E0566,Neha Das,Male,Finance,Hyderabad,2021-07-18,7.1,165551,44070.0,5
E0567,Vivaan Gupta,Female,Marketing,Lucknow,2013-01-15,14.3,58419,32853.0,3
E0568,Riya Joshi,Female,Sales,Hyderabad,2014-04-22,3.7,155902,25869.0,5
E0569,Aarav Patel,Male,Operations,Bengaluru,2015-08-21,1.0,65204,49064.0,4
E0570,Amit Patel,Female,HR,Hyderabad,2015-05-02,6.4,174259,28185.0,2
E0571,Rahul Mehta,Male,Finance,Lucknow,2016-07-29,1.0,78477,41749.0,4
E0572,Aarav Das,Male,Finance,Bengaluru,2024-12-03,4.8,42422,32527.0,5
E0573,Aditya Patel,Female,HR,Delhi,2016-04-01,19.9,86267,14769.0,4
E0574,Amit Joshi,Female,Marketing,Mumbai,2012-08-02,9.7,110375,14651.0,5
E0575,Amit Singh,Female,Sales,Lucknow,2022-01-04,11.3,146600,,2
E0576,Rahul Gupta,Female,IT,Jaipur,2014-12-05,3.3,55615,22240.0,4
E0577,Priya Singh,Male,IT,Hyderabad,2019-08-07,4.6,66209,23738.0,4
E0578,Rahul Sharma,Female,HR,Bengaluru,2013-04-13,17.3,86272,18420.0,2
E0579,Rahul Das,Male,Operations,Mumbai,2012-03-22,9.4,129953,43994.0,4
E0580,Amit Singh,Female,Sales,Hyderabad,2014-10-14,19.3,72566,33283.0,3
E0581,Amit Gupta,Female,Marketing,Delhi,2021-08-20,11.4,153943,38444.0,4
E0582,Riya Yadav,Female,Sales,Lucknow,2025-09-04,8.9,64799,6050.0,2
E0583,Sneha Sharma,Male,Sales,Jaipur,2018-02-18,16.3,79262,12497.0,4
E0584,Vivaan Singh,Male,Operations,Jaipur,2017-08-04,0.3,45376,47572.0,2
E0585,Sneha Gupta,Male,Finance,Delhi,2024-04-06,11.4,65806,28293.0,4
E0586,Neha Mehta,Female,HR,Pune,2025-08-28,19.8,109231,42860.0,3
E0587,Priya Das,Male,Operations,Pune,2022-08-03,4.2,92199,28830.0,3
E0588,Sneha Mehta,Female,HR,Jaipur,2023-02-22,8.4,142138,38433.0,5
E0589,Aarav Kumar,Female,Sales,Delhi,2017-01-17,10.7,46206,6713.0,3
E0590,Ananya Mehta,Female,Operations,Lucknow,2019-09-12,18.7,74338,22356.0,5
E0591,Rahul Mehta,Male,IT,Delhi,2013-05-13,5.0,149273,21084.0,4
E0592,Neha Gupta,Male,Finance,Mumbai,2020-06-30,4.3,155302,48079.0,2
E0593,Karan Joshi,Female,HR,Mumbai,2021-08-02,6.7,36536,28620.0,2
E0594,Aarav Mehta,Female,Sales,Delhi,2013-04-27,9.6,127388,34459.0,3
E0595,Aarav Kumar,Female,HR,Pune,2025-08-01,13.9,139794,31168.0,4
E0596,Priya Gupta,Male,HR,Jaipur,2013-03-03,6.6,108336,5896.0,4
E0597,Riya Mehta,Male,HR,Mumbai,2019-02-14,11.0,119652,34056.0,2
E0598,Riya Yadav,Female,IT,Lucknow,2013-04-20,17.2,42629,18599.0,3
E0599,Diya Mehta,Male,IT,Pune,2024-10-31,16.4,60388,10217.0,4
E0600,Sneha Kumar,Male,Marketing,Delhi,2019-07-13,11.0,176797,5978.0,3
E0601,Riya Patel,Female,Finance,Jaipur,2013-08-01,10.6,158310,16066.0,2
E0602,Neha Das,Female,IT,Delhi,2019-02-24,3.7,113574,28391.0,3
E0603,Diya Das,Male,Finance,Delhi,2012-09-03,13.4,137113,38547.0,2
E0604,Vivaan Mehta,Male,IT,Pune,2013-11-29,13.0,116022,18387.0,3
E0605,Amit Sharma,Male,IT,Hyderabad,2016-09-22,11.4,105385,44281.0,3
E0606,Ananya Yadav,Male,IT,Lucknow,2017-01-23,6.0,128929,10128.0,3
E0607,Sneha Singh,Female,HR,Bengaluru,2017-01-23,1.0,122981,28488.0,3
E0608,Riya Verma,Male,Marketing,Lucknow,2018-08-02,6.9,132061,16187.0,4
E0609,Aditya Sharma,Female,Finance,Hyderabad,2022-06-21,16.8,46806,31125.0,2
E0610,Aditya Singh,Male,Sales,Pune,2016-05-30,10.8,150915,38093.0,4
E0611,Ananya Yadav,Male,Sales,Lucknow,2024-01-16,17.6,151830,37761.0,5
E0612,Karan Joshi,Female,Marketing,Bengaluru,2025-05-03,7.0,122969,35312.0,2
E0613,Karan Joshi,Female,Marketing,Delhi,2019-02-24,9.0,100174,12081.0,5
E0614,Diya Yadav,Male,Sales,Jaipur,2012-07-06,19.1,62294,13807.0,2
E0615,Riya Yadav,Male,HR,Jaipur,2021-08-07,6.0,54692,25685.0,2
E0616,Neha Kumar,Male,Marketing,Bengaluru,2012-09-13,8.0,95049,18386.0,3
E0617,Aarav Das,Female,Sales,Bengaluru,2018-11-17,3.9,120328,15484.0,3
E0618,Diya Das,Male,Operations,Mumbai,2022-03-23,18.2,142954,29432.0,2
E0619,Riya Mehta,Female,Marketing,Jaipur,2013-06-16,4.2,38592,42816.0,5
E0620,Rahul Mehta,Female,HR,Jaipur,2022-11-09,12.1,162624,7027.0,2
E0621,Amit Singh,Male,Sales,Lucknow,2017-04-07,17.7,151143,40490.0,3
E0622,Riya Patel,Female,HR,Pune,2019-04-09,18.8,101318,9816.0,4
E0623,Neha Singh,Male,HR,Jaipur,2013-09-08,5.3,34787,31939.0,4
E0624,Priya Joshi,Female,Sales,Lucknow,2013-01-14,14.3,130109,15809.0,3
E0625,Neha Verma,Male,HR,Pune,2024-04-02,11.5,87390,24615.0,2
E0626,Ananya Singh,Male,HR,Lucknow,2020-11-25,4.3,156834,16430.0,5
E0627,Neha Mehta,Female,IT,Delhi,2018-11-28,15.2,177910,27965.0,3
E0628,Sneha Yadav,Male,Finance,Delhi,2020-10-16,17.2,109565,13599.0,2
E0629,Sneha Mehta,Female,IT,Bengaluru,2014-11-03,3.6,54990,39764.0,5
E0630,Sneha Yadav,Female,Operations,Mumbai,2014-08-08,11.3,29372,17553.0,3
E0631,Rahul Sharma,Male,IT,Jaipur,2021-03-07,6.9,120138,7067.0,2
E0632,Neha Singh,Female,Sales,Jaipur,2022-03-05,0.3,120666,22409.0,2
E0633,Neha Das,Female,HR,Jaipur,2021-09-26,17.6,52865,10931.0,3
E0634,Aarav Gupta,Female,Operations,Mumbai,2015-02-26,16.3,43467,29029.0,2
E0635,Diya Kumar,Female,IT,Mumbai,2024-12-24,3.2,49069,47385.0,3
E0636,Ananya Mehta,Male,Finance,Bengaluru,2020-08-13,18.6,107732,23987.0,5
E0637,Priya Kumar,Female,Finance,Bengaluru,2015-07-02,2.6,121680,40700.0,4
E0638,Aditya Singh,Male,Operations,Pune,2012-10-08,0.6,27459,10360.0,3
E0639,Sneha Das,Female,Sales,Bengaluru,2021-09-22,12.7,151820,25343.0,4
E0640,Rahul Singh,Male,Operations,Hyderabad,2019-10-21,6.2,60407,14651.0,4
E0641,Diya Mehta,Male,HR,Pune,2023-03-19,7.3,46724,34738.0,2
E0642,Neha Verma,Male,Sales,Lucknow,2021-10-23,15.1,85318,36521.0,4
E0643,Priya Verma,Male,IT,Mumbai,2025-08-21,8.9,96351,8580.0,4
E0644,Aarav Singh,Female,Marketing,Hyderabad,2016-01-03,7.0,112193,25494.0,5
E0645,Aditya Yadav,Male,IT,Jaipur,2020-10-14,9.0,172857,43159.0,5
E0646,Rahul Singh,Male,Sales,Mumbai,2020-09-07,7.5,153127,41940.0,3
E0647,Karan Joshi,Female,HR,Jaipur,2023-08-24,6.2,111185,32903.0,5
E0648,Karan Yadav,Male,Marketing,Mumbai,2018-07-08,11.3,119322,7180.0,5
E0649,Amit Gupta,Male,HR,Jaipur,2012-12-07,3.6,141261,18453.0,4
E0650,Ananya Mehta,Female,Finance,Delhi,2016-08-03,1.5,70883,5141.0,2
E0651,Priya Verma,Male,Sales,Jaipur,2014-05-31,17.6,129251,32038.0,5
E0652,Riya Yadav,Male,IT,Mumbai,2016-08-16,13.7,179409,49972.0,2
E0653,Ananya Kumar,Male,Sales,Jaipur,2017-09-25,8.7,101619,38881.0,2
E0654,Karan Joshi,Male,Operations,Bengaluru,2021-07-28,3.0,49730,41181.0,2
E0655,Diya Singh,Male,Marketing,Delhi,2016-06-28,5.4,109558,,3
E0656,Aditya Yadav,Female,HR,Delhi,2024-11-25,4.9,177609,24362.0,5
E0657,Vivaan Patel,Male,HR,Delhi,2019-06-03,0.0,149281,10193.0,5
E0658,Karan Sharma,Female,HR,Pune,2012-11-12,15.0,32891,32724.0,4
E0659,Diya Verma,Female,Marketing,Delhi,2016-05-15,7.4,177676,33099.0,5
E0660,Rahul Kumar,Female,Marketing,Lucknow,2017-07-11,15.7,82657,46375.0,3
E0661,Vivaan Yadav,Male,Operations,Pune,2020-04-17,8.5,152917,38013.0,5
E0662,Neha Yadav,Male,Sales,Mumbai,2024-08-23,2.0,131790,39281.0,5
E0663,Vivaan Yadav,Male,IT,Jaipur,2023-10-03,8.7,82211,39538.0,4
E0664,Amit Mehta,Male,Sales,Bengaluru,2013-10-07,16.2,93993,49581.0,2
E0665,Aarav Sharma,Male,Finance,Lucknow,2013-01-30,7.0,112032,19372.0,2
E0666,Neha Verma,Female,Finance,Delhi,2023-12-15,16.4,136850,16344.0,3
E0667,Diya Mehta,Female,IT,Hyderabad,2013-05-13,13.4,94810,36979.0,4
E0668,Ananya Sharma,Female,Operations,Mumbai,2020-01-21,0.6,162575,14300.0,4
E0669,Vivaan Sharma,Male,Operations,Delhi,2023-04-05,0.0,95328,12353.0,3
E0670,Ananya Sharma,Male,Marketing,Mumbai,2015-04-14,3.7,41390,7407.0,2
E0671,Diya Singh,Female,Operations,Pune,2020-05-01,8.8,129314,19256.0,2
E0672,Diya Patel,Male,Operations,Delhi,2024-10-15,2.9,149612,13451.0,2
E0673,Sneha Gupta,Female,IT,Pune,2021-09-17,2.7,41479,20701.0,2
E0674,Sneha Gupta,Male,IT,Pune,2019-11-15,2.8,151324,47885.0,2
E0675,Priya Verma,Female,Marketing,Delhi,2014-10-06,16.2,74694,9428.0,3
E0676,Diya Das,Female,HR,Lucknow,2022-02-19,15.6,107591,30748.0,4
E0677,Amit Mehta,Female,IT,Pune,2013-11-23,12.7,126919,11572.0,4
E0678,Karan Kumar,Female,Operations,Jaipur,2015-07-11,3.4,72366,15236.0,3
E0679,Neha Gupta,Female,Finance,Delhi,2023-10-31,8.7,176471,30014.0,3
E0680,Amit Kumar,Female,Finance,Lucknow,2014-10-17,7.8,33119,30261.0,4
E0681,Ananya Singh,Female,Sales,Lucknow,2020-10-07,4.0,75466,41697.0,4
E0682,Ananya Patel,Male,HR,Jaipur,2018-08-20,2.3,75830,22394.0,2
E0683,Ananya Mehta,Male,Sales,Jaipur,2019-03-12,17.6,35126,13266.0,2
E0684,Amit Verma,Female,IT,Mumbai,2022-10-15,6.4,165783,30355.0,5
E0685,Sneha Sharma,Male,IT,Jaipur,2018-06-03,13.3,84464,8520.0,4
E0686,Aarav Singh,Female,Finance,Mumbai,2024-03-04,3.8,115241,31542.0,4
E0687,Vivaan Joshi,Male,Finance,Lucknow,2016-02-19,16.7,143822,5408.0,3
E0688,Rahul Kumar,Female,Marketing,Mumbai,2025-06-20,7.9,114741,30368.0,4
E0689,Amit Verma,Male,Finance,Delhi,2021-09-10,14.5,151378,30485.0,2
E0690,Aditya Sharma,Male,IT,Jaipur,2016-12-14,10.8,110419,29088.0,5
E0691,Aditya Verma,Male,HR,Lucknow,2013-03-14,5.2,103667,48261.0,5
E0692,Vivaan Patel,Male,Sales,Bengaluru,2012-06-15,5.6,155022,46273.0,5
E0693,Rahul Mehta,Female,Operations,Delhi,2019-04-28,19.8,155697,15394.0,3
E0694,Vivaan Gupta,Male,Sales,Lucknow,2024-02-28,1.8,72623,13997.0,5
E0695,Aarav Patel,Female,Marketing,Jaipur,2017-06-29,9.9,32705,34939.0,4
E0696,Priya Gupta,Male,Operations,Jaipur,2019-04-13,4.5,81646,18731.0,4
E0697,Vivaan Mehta,Female,HR,Mumbai,2018-06-24,18.9,64666,10313.0,5
E0698,Aditya Das,Male,HR,Hyderabad,2016-10-11,17.2,75381,7208.0,4
E0699,Vivaan Verma,Female,Sales,Hyderabad,2022-11-16,3.3,37426,43851.0,5
E0700,Aditya Gupta,Female,Sales,Lucknow,2015-08-09,12.0,174984,25972.0,4
E0701,Aditya Sharma,Male,Sales,Lucknow,2012-04-27,3.5,95650,8942.0,3
E0702,Aditya Mehta,Male,Sales,Lucknow,2013-05-16,15.7,138157,8658.0,5
E0703,Amit Kumar,Female,HR,Pune,2019-07-27,17.1,36926,43596.0,3
E0704,Sneha Yadav,Female,HR,Jaipur,2024-12-04,14.0,121526,,2
E0705,Diya Verma,Male,Finance,Bengaluru,2016-02-27,1.8,48248,47850.0,5
E0706,Karan Verma,Female,Marketing,Pune,2013-11-06,15.7,66858,22608.0,5
E0707,Neha Kumar,Male,Marketing,Mumbai,2019-04-08,5.6,160211,27200.0,5
E0708,Aarav Gupta,Male,Operations,Delhi,2012-11-22,16.3,138385,34544.0,5
E0709,Diya Sharma,Male,Operations,Lucknow,2023-05-31,0.5,164914,27327.0,5
E0710,Vivaan Mehta,Male,IT,Pune,2016-11-29,19.3,139386,20220.0,5
E0711,Sneha Verma,Female,HR,Bengaluru,2018-08-13,15.2,53653,16580.0,3
E0712,Neha Joshi,Male,Marketing,Bengaluru,2024-09-03,15.7,93193,27548.0,3
E0713,Riya Yadav,Female,Marketing,Bengaluru,2024-01-15,2.4,59213,16012.0,2
E0714,Riya Verma,Male,Operations,Lucknow,2017-02-20,12.2,46248,6934.0,2
E0715,Amit Joshi,Male,Operations,Lucknow,2016-03-25,16.4,85421,40199.0,4
E0716,Amit Verma,Female,IT,Jaipur,2022-12-10,12.3,111599,37971.0,3
E0717,Amit Gupta,Female,Sales,Lucknow,2019-10-31,14.5,147743,39398.0,5
E0718,Riya Joshi,Male,Finance,Jaipur,2015-06-19,2.1,31539,27425.0,2
E0719,Priya Das,Male,Operations,Lucknow,2023-01-26,0.5,33261,,3
E0720,Amit Sharma,Female,HR,Hyderabad,2021-02-25,18.7,147313,31371.0,5
E0721,Aarav Joshi,Female,IT,Bengaluru,2012-03-17,5.0,89396,40360.0,2
E0722,Aarav Joshi,Female,Finance,Bengaluru,2012-11-08,15.0,25841,41219.0,5
E0723,Amit Gupta,Female,Operations,Lucknow,2014-06-24,17.8,135540,13242.0,4
E0724,Vivaan Patel,Female,Operations,Pune,2019-02-19,18.4,47262,42126.0,4
E0725,Aditya Das,Male,Operations,Hyderabad,2020-05-26,11.2,143884,37985.0,3
E0726,Ananya Kumar,Female,IT,Hyderabad,2020-02-01,12.5,91609,29240.0,5
E0727,Sneha Mehta,Female,Marketing,Hyderabad,2019-03-26,0.3,115856,18772.0,3
E0728,Sneha Singh,Male,IT,Bengaluru,2017-04-29,15.6,119906,33812.0,3
E0729,Vivaan Sharma,Male,HR,Delhi,2012-09-04,12.9,34592,21976.0,2
E0730,Riya Singh,Male,Sales,Jaipur,2013-05-02,15.3,39776,11794.0,3
E0731,Amit Sharma,Male,Finance,Lucknow,2014-01-06,2.0,38315,35184.0,3
E0732,Diya Joshi,Male,Sales,Jaipur,2024-10-22,3.6,28839,24039.0,3
E0733,Vivaan Sharma,Female,Finance,Pune,2012-03-06,12.2,81254,44713.0,2
E0734,Sneha Mehta,Male,Marketing,Jaipur,2021-07-25,18.0,95078,7368.0,3
E0735,Priya Joshi,Male,Marketing,Pune,2016-01-11,2.7,28152,35754.0,4
E0736,Diya Singh,Female,HR,Bengaluru,2017-10-18,11.6,73300,40017.0,3
E0737,Sneha Yadav,Female,HR,Hyderabad,2015-03-22,8.0,173198,24484.0,3
E0738,Diya Joshi,Male,Marketing,Mumbai,2014-01-24,13.7,60360,9132.0,4
E0739,Priya Patel,Male,IT,Jaipur,2025-02-17,19.0,55440,48624.0,4
E0740,Rahul Joshi,Male,Marketing,Delhi,2013-11-24,0.9,163114,6493.0,4
E0741,Priya Patel,Female,Operations,Mumbai,2013-10-09,13.0,50705,37999.0,5
E0742,Diya Singh,Female,IT,Bengaluru,2020-02-24,15.9,137888,36899.0,2
E0743,Aditya Das,Male,Operations,Hyderabad,2021-07-27,6.1,113279,23166.0,2
E0744,Rahul Joshi,Male,Finance,Jaipur,2014-01-30,3.7,178904,12929.0,2
E0745,Vivaan Gupta,Male,Marketing,Bengaluru,2012-04-21,16.8,43720,17715.0,2
E0746,Ananya Kumar,Male,Finance,Mumbai,2019-10-22,19.8,76067,15420.0,2
E0747,Rahul Verma,Female,Operations,Hyderabad,2021-09-14,18.7,40461,46903.0,3
E0748,Amit Sharma,Female,HR,Hyderabad,2023-09-21,19.7,55099,11401.0,3
E0749,Vivaan Sharma,Female,HR,Hyderabad,2024-03-08,18.6,78590,8617.0,3
E0750,Priya Gupta,Male,Operations,Delhi,2023-10-13,3.7,144710,24615.0,2
E0751,Riya Das,Male,Marketing,Hyderabad,2018-09-27,1.1,100693,47500.0,4
E0752,Aditya Kumar,Female,HR,Bengaluru,2017-01-10,6.3,117534,21243.0,4
E0753,Vivaan Singh,Female,Finance,Delhi,2018-10-25,15.5,165400,28084.0,2
E0754,Sneha Kumar,Male,Finance,Lucknow,2017-06-16,1.4,125752,20128.0,4
E0755,Sneha Patel,Male,IT,Mumbai,2013-03-01,6.4,103750,24623.0,3
E0756,Karan Verma,Female,Marketing,Pune,2019-03-21,8.7,57200,29122.0,3
E0757,Diya Joshi,Male,HR,Pune,2022-06-13,8.7,107683,20055.0,2
E0758,Sneha Das,Male,HR,Mumbai,2023-12-25,8.9,96047,30659.0,2
E0759,Aarav Patel,Female,Marketing,Delhi,2013-08-29,3.0,97092,30312.0,2
E0760,Diya Mehta,Female,Operations,Bengaluru,2023-10-29,18.2,112392,6238.0,3
E0761,Aarav Gupta,Female,IT,Mumbai,2017-09-13,5.3,162754,12108.0,4
E0762,Priya Mehta,Female,Finance,Lucknow,2025-07-19,12.0,174562,32777.0,2
E0763,Ananya Gupta,Male,HR,Mumbai,2014-01-22,16.3,59494,14092.0,5
E0764,Karan Das,Male,Sales,Jaipur,2014-09-25,18.2,30290,30459.0,4
E0765,Karan Patel,Male,HR,Mumbai,2022-07-03,15.5,137866,33730.0,3
E0766,Rahul Das,Female,Finance,Hyderabad,2022-06-04,3.5,78406,15958.0,3
E0767,Vivaan Verma,Female,Marketing,Pune,2021-07-22,15.5,112193,35677.0,5
E0768,Sneha Das,Female,Finance,Pune,2018-02-15,3.0,168199,24373.0,4
E0769,Diya Das,Female,IT,Delhi,2023-09-29,8.7,164595,17369.0,5
E0770,Riya Das,Female,Sales,Lucknow,2019-11-07,14.2,81128,14159.0,3
E0771,Riya Das,Female,Finance,Hyderabad,2017-03-29,9.3,96663,8299.0,4
E0772,Riya Kumar,Female,Sales,Lucknow,2012-02-04,13.9,123487,5210.0,2
E0773,Ananya Patel,Female,Marketing,Pune,2022-03-02,10.4,73610,19074.0,5
E0774,Karan Sharma,Female,Finance,Pune,2023-08-19,16.5,52580,18084.0,3
E0775,Riya Mehta,Female,Sales,Pune,2023-10-25,11.7,81102,14618.0,5
E0776,Ananya Patel,Male,IT,Lucknow,2019-08-06,3.4,57772,14585.0,4
E0777,Rahul Sharma,Female,Finance,Bengaluru,2022-08-23,5.3,83841,22723.0,2
E0778,Rahul Mehta,Female,HR,Delhi,2024-01-01,8.9,170040,,5
E0779,Amit Mehta,Female,Marketing,Mumbai,2013-09-05,13.3,25783,31755.0,3
E0780,Riya Yadav,Male,HR,Mumbai,2025-06-15,11.0,28848,24729.0,5
E0781,Sneha Das,Male,HR,Delhi,2025-04-21,7.2,163716,37539.0,2
E0782,Aditya Patel,Female,Operations,Mumbai,2023-02-12,17.8,40517,20999.0,2
E0783,Vivaan Sharma,Male,Finance,Pune,2022-08-25,6.1,79060,18452.0,5
E0784,Amit Kumar,Female,Operations,Mumbai,2013-06-27,0.5,71535,41441.0,2
E0785,Karan Singh,Male,HR,Pune,2018-04-04,7.7,109690,49191.0,4
E0786,Ananya Kumar,Female,Marketing,Delhi,2021-10-25,13.2,176920,21550.0,2
E0787,Neha Joshi,Male,Operations,Pune,2023-10-06,15.6,81325,41467.0,2
E0788,Karan Gupta,Female,HR,Lucknow,2017-04-03,4.6,75204,45308.0,4
E0789,Amit Joshi,Female,IT,Mumbai,2023-02-02,15.1,37105,41120.0,4
E0790,Priya Sharma,Female,Operations,Mumbai,2018-12-08,17.7,33796,28670.0,4
E0791,Riya Das,Male,Operations,Jaipur,2020-10-02,0.6,41428,26747.0,4
E0792,Vivaan Sharma,Male,Operations,Hyderabad,2013-07-30,11.4,91004,16523.0,2
E0793,Ananya Mehta,Male,Sales,Delhi,2024-03-12,6.6,119034,13965.0,4
E0794,Ananya Verma,Male,Sales,Hyderabad,2021-10-11,3.2,166894,36874.0,2
E0795,Aditya Joshi,Male,Finance,Delhi,2018-02-15,13.7,32247,11513.0,5
E0796,Karan Gupta,Male,HR,Mumbai,2023-11-15,11.2,57304,8416.0,2
E0797,Amit Verma,Male,Sales,Lucknow,2015-10-12,6.1,117765,12267.0,2
E0798,Aarav Gupta,Female,Operations,Lucknow,2017-06-05,15.1,138054,37719.0,2
E0799,Vivaan Mehta,Female,Sales,Lucknow,2017-04-02,0.9,35168,37584.0,3
E0800,Priya Yadav,Female,Marketing,Delhi,2020-03-24,12.9,77258,9383.0,5
E0801,Priya Patel,Male,Finance,Pune,2012-11-26,5.6,50838,37528.0,3
E0802,Sneha Verma,Female,IT,Jaipur,2024-07-24,4.4,62557,27357.0,5
E0803,Neha Joshi,Female,HR,Pune,2014-12-10,0.4,43433,41186.0,5
E0804,Neha Gupta,Male,Marketing,Hyderabad,2016-11-08,11.0,157780,27569.0,5
E0805,Amit Mehta,Male,Marketing,Hyderabad,2017-12-11,7.0,30688,6353.0,2
E0806,Vivaan Joshi,Female,Sales,Jaipur,2025-03-03,9.1,29828,22843.0,3
E0807,Karan Singh,Male,Operations,Jaipur,2014-07-17,5.6,147999,49784.0,4
E0808,Priya Verma,Male,Finance,Jaipur,2013-12-24,6.5,120015,35814.0,5
E0809,Vivaan Verma,Male,Finance,Mumbai,2017-12-01,13.3,30324,20135.0,3
E0810,Sneha Singh,Male,IT,Hyderabad,2018-11-15,16.4,162919,9375.0,3
E0811,Neha Das,Female,Marketing,Pune,2017-07-25,6.0,71032,9234.0,4
E0812,Sneha Mehta,Male,HR,Delhi,2022-01-08,11.3,157027,22977.0,4
E0813,Vivaan Verma,Female,Operations,Pune,2020-02-19,17.2,123849,9684.0,3
E0814,Aarav Singh,Female,HR,Jaipur,2021-06-01,8.2,44164,49000.0,3
E0815,Sneha Sharma,Male,IT,Lucknow,2019-08-28,4.4,109276,32053.0,4
E0816,Ananya Gupta,Male,Finance,Mumbai,2015-04-16,10.7,150140,21493.0,3
E0817,Vivaan Mehta,Male,Operations,Bengaluru,2017-10-01,11.4,104710,31952.0,5
E0818,Aarav Sharma,Female,Finance,Lucknow,2018-01-14,11.0,25214,15043.0,5
E0819,Neha Yadav,Male,Finance,Hyderabad,2014-02-22,6.0,59972,11589.0,2
E0820,Ananya Patel,Male,Marketing,Delhi,2017-11-05,14.6,90792,48255.0,4
E0821,Vivaan Sharma,Male,IT,Delhi,2025-08-29,14.7,81003,10036.0,5
E0822,Aarav Das,Female,HR,Bengaluru,2023-01-14,14.7,110064,5986.0,4
E0823,Amit Yadav,Female,IT,Hyderabad,2023-05-23,13.0,137158,35984.0,5
E0824,Diya Mehta,Male,HR,Hyderabad,2020-05-06,0.1,147627,8593.0,5
E0825,Karan Singh,Female,IT,Pune,2016-03-25,7.1,151182,28004.0,2
E0826,Karan Sharma,Female,IT,Delhi,2021-04-13,17.7,54884,35500.0,3
E0827,Vivaan Kumar,Male,Operations,Lucknow,2018-04-18,9.5,148640,24938.0,3
E0828,Amit Patel,Female,Marketing,Pune,2024-08-30,5.6,59746,31999.0,3
E0829,Riya Verma,Female,HR,Bengaluru,2019-05-14,12.4,51924,5452.0,3
E0830,Riya Yadav,Female,IT,Bengaluru,2023-01-05,8.1,139919,19218.0,5
E0831,Sneha Gupta,Male,IT,Lucknow,2015-10-18,2.1,50621,17479.0,3
E0832,Karan Das,Female,Operations,Bengaluru,2021-11-11,13.7,106474,10677.0,3
E0833,Karan Yadav,Female,IT,Hyderabad,2025-03-18,5.0,127075,28918.0,5
E0834,Neha Singh,Male,IT,Pune,2014-02-24,2.0,63855,16111.0,5
E0835,Riya Kumar,Female,Operations,Mumbai,2022-03-09,9.1,122530,27269.0,4
E0836,Priya Patel,Female,Finance,Mumbai,2018-01-13,0.1,41662,39324.0,2
E0837,Aarav Mehta,Female,HR,Lucknow,2025-02-16,19.0,36060,16793.0,5
E0838,Diya Yadav,Female,Finance,Bengaluru,2024-01-14,9.0,107208,12160.0,3
E0839,Karan Joshi,Male,Sales,Bengaluru,2024-02-11,10.1,53236,31066.0,5
E0840,Aditya Singh,Male,HR,Pune,2016-08-09,2.7,162916,19270.0,2
E0841,Priya Sharma,Female,Sales,Lucknow,2020-05-31,2.3,177972,31655.0,3
E0842,Aditya Gupta,Female,Sales,Delhi,2025-03-07,3.2,152647,27462.0,3
E0843,Karan Gupta,Female,Sales,Mumbai,2014-09-23,17.1,93059,41721.0,4
E0844,Sneha Gupta,Female,Finance,Lucknow,2022-03-26,14.5,39849,17445.0,2
E0845,Vivaan Yadav,Male,Sales,Pune,2018-09-02,15.6,74340,21623.0,5
E0846,Aditya Kumar,Female,HR,Lucknow,2013-05-14,7.3,34655,5624.0,2
E0847,Aarav Mehta,Male,Marketing,Delhi,2018-11-18,10.5,33699,45431.0,4
E0848,Ananya Sharma,Male,Sales,Lucknow,2018-11-29,1.7,156571,19547.0,5
E0849,Karan Sharma,Male,HR,Lucknow,2015-05-01,14.3,33203,31282.0,3
E0850,Diya Gupta,Male,HR,Mumbai,2017-11-17,3.0,68693,20402.0,3
E0851,Riya Patel,Male,Operations,Hyderabad,2012-04-28,0.6,128332,33280.0,5
E0852,Priya Sharma,Male,Operations,Hyderabad,2014-01-07,13.3,94509,27540.0,5
E0853,Neha Joshi,Male,HR,Delhi,2014-09-15,2.7,134252,42893.0,2
E0854,Vivaan Sharma,Male,Finance,Jaipur,2016-07-22,0.4,134878,46238.0,2
E0855,Neha Kumar,Female,HR,Lucknow,2023-07-17,1.9,148969,24217.0,5
E0856,Riya Das,Female,HR,Hyderabad,2018-04-05,18.6,59607,9989.0,4
E0857,Riya Yadav,Female,Operations,Lucknow,2018-08-24,13.8,157871,7570.0,5
E0858,Ananya Yadav,Male,Operations,Delhi,2016-08-15,12.9,44088,43805.0,5
E0859,Rahul Das,Male,Finance,Pune,2021-11-21,10.8,26629,34623.0,4
E0860,Riya Verma,Male,Sales,Lucknow,2020-08-24,1.2,78801,38167.0,4
E0861,Karan Sharma,Male,Marketing,Hyderabad,2016-04-23,5.6,112366,12261.0,5
E0862,Riya Joshi,Male,Finance,Mumbai,2016-07-23,17.1,88340,12354.0,3
E0863,Riya Yadav,Female,HR,Jaipur,2017-07-09,7.5,83504,23984.0,2
E0864,Ananya Das,Male,IT,Hyderabad,2015-06-11,1.0,95049,15385.0,4
E0865,Rahul Sharma,Male,Operations,Hyderabad,2025-04-11,5.1,68637,31738.0,5
E0866,Rahul Das,Male,Finance,Mumbai,2017-11-19,2.9,40426,46063.0,4
E0867,Amit Singh,Female,Sales,Jaipur,2020-02-26,13.4,106526,25300.0,5
E0868,Rahul Mehta,Male,Operations,Mumbai,2020-11-29,15.0,140007,5464.0,4
E0869,Priya Verma,Female,Operations,Mumbai,2018-09-03,2.6,74543,20495.0,4
E0870,Ananya Kumar,Male,Operations,Jaipur,2022-09-03,18.1,165299,32914.0,3
E0871,Neha Mehta,Male,IT,Lucknow,2012-09-12,8.6,113422,20083.0,4
E0872,Ananya Yadav,Male,HR,Jaipur,2012-11-21,9.4,36224,46234.0,3
E0873,Aarav Joshi,Female,Sales,Bengaluru,2018-12-31,2.9,176088,15147.0,2
E0874,Rahul Joshi,Female,Operations,Bengaluru,2016-07-07,16.1,123362,47525.0,5
E0875,Priya Das,Male,Operations,Pune,2015-09-10,9.6,122832,45073.0,2
E0876,Priya Sharma,Male,Operations,Lucknow,2023-10-07,9.9,127614,15139.0,4
E0877,Ananya Das,Female,Operations,Bengaluru,2023-03-25,3.4,109451,49218.0,4
E0878,Aarav Kumar,Male,HR,Delhi,2015-04-14,7.7,142015,47516.0,3
E0879,Amit Kumar,Female,Sales,Delhi,2015-06-17,16.9,97366,20476.0,2
E0880,Karan Yadav,Female,IT,Mumbai,2022-09-12,4.8,26446,25318.0,5
E0881,Ananya Verma,Female,Finance,Lucknow,2024-04-30,14.5,67555,9908.0,3
E0882,Aarav Kumar,Male,HR,Pune,2021-04-05,16.7,90316,15021.0,4
E0883,Karan Sharma,Male,IT,Jaipur,2024-05-20,7.6,40148,34084.0,2
E0884,Diya Verma,Female,IT,Delhi,2013-06-28,6.0,176348,19723.0,4
E0885,Diya Joshi,Male,HR,Delhi,2022-06-23,5.0,68564,43595.0,4
E0886,Karan Mehta,Female,Finance,Hyderabad,2022-08-13,1.6,91295,5462.0,4
E0887,Neha Yadav,Female,Finance,Pune,2016-02-24,8.2,90638,30936.0,5
E0888,Riya Kumar,Male,Marketing,Mumbai,2025-06-25,13.8,160528,15306.0,3
E0889,Amit Joshi,Female,IT,Pune,2023-07-21,15.6,177107,21431.0,2
E0890,Karan Gupta,Male,Marketing,Hyderabad,2021-02-26,6.9,145469,31739.0,3
E0891,Rahul Joshi,Male,Sales,Lucknow,2014-03-22,18.5,26623,37624.0,3
E0892,Riya Verma,Female,Operations,Hyderabad,2024-12-23,7.5,41438,6796.0,3
E0893,Priya Verma,Male,Operations,Mumbai,2012-03-01,1.4,53641,34510.0,2
E0894,Neha Verma,Female,IT,Pune,2012-08-29,3.5,175511,20541.0,2
E0895,Aarav Mehta,Male,IT,Hyderabad,2023-06-13,7.8,96699,44606.0,4
E0896,Amit Verma,Female,Operations,Lucknow,2013-06-05,14.0,43602,,4
E0897,Amit Verma,Female,Sales,Lucknow,2024-05-12,3.8,54250,34955.0,3
E0898,Neha Verma,Male,Finance,Hyderabad,2022-09-10,12.9,86078,16148.0,4
E0899,Neha Patel,Male,HR,Lucknow,2014-04-05,5.4,155977,6483.0,5
E0900,Vivaan Das,Male,HR,Mumbai,2019-07-29,12.6,41777,13963.0,5
E0901,Ananya Joshi,Female,Operations,Delhi,2014-08-15,7.2,80857,30175.0,3
E0902,Ananya Singh,Female,Sales,Hyderabad,2015-05-11,1.2,40025,18405.0,2
E0903,Aditya Verma,Male,Operations,Pune,2023-07-20,14.0,125312,45184.0,5
E0904,Amit Joshi,Male,IT,Lucknow,2024-12-27,19.1,117765,18674.0,2
E0905,Riya Singh,Male,Operations,Hyderabad,2019-07-15,11.7,102882,6546.0,2
E0906,Ananya Mehta,Male,HR,Hyderabad,2022-10-19,2.9,112851,29548.0,2
E0907,Rahul Singh,Female,Finance,Hyderabad,2024-12-30,8.9,147905,17409.0,3
E0908,Vivaan Kumar,Male,Sales,Bengaluru,2023-10-25,14.2,55021,28021.0,3
E0909,Neha Joshi,Female,Finance,Lucknow,2018-06-23,5.3,52187,36047.0,5
E0910,Aditya Verma,Female,Operations,Pune,2022-06-11,5.5,170993,24486.0,2
E0911,Karan Gupta,Male,Operations,Mumbai,2017-04-09,14.6,95447,,2
E0912,Riya Yadav,Female,HR,Mumbai,2021-01-10,4.0,89914,6003.0,2
E0913,Ananya Sharma,Male,Operations,Bengaluru,2013-11-07,4.4,67352,9866.0,5
E0914,Amit Joshi,Female,Finance,Hyderabad,2017-11-24,1.2,142110,28475.0,3
E0915,Karan Das,Female,HR,Mumbai,2021-01-03,15.3,103034,7264.0,2
E0916,Karan Yadav,Male,Finance,Lucknow,2017-08-19,14.7,113971,5277.0,5
E0917,Riya Patel,Male,Sales,Bengaluru,2017-09-21,5.2,116758,25584.0,2
E0918,Vivaan Das,Female,Sales,Hyderabad,2024-01-10,11.8,105545,34694.0,3
E0919,Amit Kumar,Female,IT,Mumbai,2017-06-16,18.3,31053,17413.0,5
E0920,Priya Gupta,Female,Operations,Delhi,2023-04-15,11.0,31451,48042.0,5
E0921,Rahul Yadav,Male,IT,Lucknow,2025-03-20,10.6,161190,11752.0,2
E0922,Rahul Das,Male,Finance,Mumbai,2019-06-08,12.2,101618,16008.0,2
E0923,Ananya Mehta,Female,Finance,Pune,2017-09-06,7.4,163897,14544.0,3
E0924,Priya Joshi,Male,IT,Mumbai,2025-08-09,17.8,112110,24390.0,4
E0925,Priya Mehta,Male,Finance,Hyderabad,2013-05-05,9.2,108893,47443.0,4
E0926,Riya Sharma,Female,IT,Jaipur,2022-07-19,13.3,92454,34443.0,5
E0927,Karan Kumar,Male,HR,Hyderabad,2020-07-13,11.3,151800,13298.0,5
E0928,Sneha Verma,Male,Marketing,Delhi,2014-07-05,10.5,148494,47018.0,5
E0929,Vivaan Kumar,Male,IT,Bengaluru,2014-01-08,9.8,111606,14560.0,5
E0930,Neha Gupta,Female,Finance,Delhi,2015-05-26,5.1,149898,34942.0,3
E0931,Karan Verma,Male,IT,Hyderabad,2016-03-09,16.3,159954,8559.0,2
E0932,Neha Yadav,Male,Sales,Pune,2020-11-29,15.8,112047,35713.0,4
E0933,Aditya Das,Male,Sales,Mumbai,2023-03-21,3.7,143683,8244.0,5
E0934,Karan Patel,Female,Finance,Hyderabad,2016-03-31,9.6,161436,28406.0,4
E0935,Aditya Verma,Male,Finance,Bengaluru,2016-08-29,11.0,84884,44349.0,5
E0936,Diya Verma,Female,Operations,Delhi,2014-10-10,8.5,77114,14334.0,5
E0937,Neha Singh,Female,IT,Delhi,2020-12-07,6.4,130856,20047.0,4
E0938,Diya Sharma,Male,Finance,Hyderabad,2020-06-10,6.8,103438,12076.0,2
E0939,Diya Sharma,Male,Finance,Delhi,2014-07-14,17.8,132237,15585.0,5
E0940,Vivaan Singh,Male,Sales,Pune,2020-07-31,15.6,147747,38607.0,5
E0941,Sneha Verma,Female,Operations,Lucknow,2012-04-03,17.9,179930,10813.0,4
E0942,Amit Singh,Female,Marketing,Mumbai,2012-06-07,16.8,59666,47901.0,3
E0943,Aditya Verma,Female,HR,Pune,2022-12-26,17.8,48112,17877.0,4
E0944,Neha Das,Female,HR,Pune,2022-04-30,2.8,140060,7141.0,5
E0945,Priya Gupta,Female,Sales,Bengaluru,2021-10-02,17.2,174770,38163.0,2
E0946,Aarav Singh,Female,Operations,Pune,2017-02-11,17.9,30563,44296.0,2
E0947,Aditya Patel,Male,Sales,Lucknow,2015-08-06,0.5,98287,49300.0,4
E0948,Neha Yadav,Female,HR,Delhi,2012-05-11,11.7,90677,31344.0,2
E0949,Amit Yadav,Female,Operations,Jaipur,2021-03-31,16.0,26151,5004.0,4
E0950,Amit Joshi,Male,IT,Delhi,2021-08-11,10.7,82142,22528.0,4
E0951,Diya Gupta,Male,Marketing,Jaipur,2013-11-23,13.1,93165,31915.0,3
E0952,Priya Kumar,Male,IT,Hyderabad,2017-02-12,6.4,167941,46276.0,2
E0953,Diya Joshi,Female,HR,Bengaluru,2022-06-10,0.9,155542,32744.0,3
E0954,Aarav Das,Female,Marketing,Pune,2020-07-25,1.8,70982,49820.0,2
E0955,Riya Verma,Male,Sales,Hyderabad,2018-08-27,5.2,44050,8161.0,4
E0956,Rahul Kumar,Female,Sales,Hyderabad,2017-09-15,13.7,102841,42681.0,5
E0957,Ananya Mehta,Female,Finance,Mumbai,2023-08-26,13.9,64014,34057.0,3
E0958,Neha Verma,Male,Operations,Bengaluru,2018-09-28,8.9,126902,9929.0,5
E0959,Aarav Verma,Female,HR,Lucknow,2014-08-15,3.0,129754,43243.0,2
E0960,Aarav Verma,Male,Sales,Mumbai,2023-03-24,5.3,137861,43854.0,5
E0961,Amit Verma,Male,IT,Mumbai,2015-09-20,6.1,130664,19025.0,4
E0962,Aditya Das,Female,Operations,Delhi,2016-07-08,6.5,55314,11146.0,3
E0963,Amit Sharma,Male,Sales,Lucknow,2018-11-04,0.4,162773,35526.0,5
E0964,Rahul Joshi,Female,HR,Jaipur,2019-07-10,8.2,39471,41070.0,4
E0965,Ananya Gupta,Female,Sales,Jaipur,2017-08-28,0.9,139910,47500.0,3
E0966,Riya Mehta,Male,Finance,Lucknow,2023-11-06,8.6,51883,43626.0,2
E0967,Sneha Patel,Male,Operations,Hyderabad,2015-06-14,19.6,107489,32333.0,5
E0968,Sneha Sharma,Female,Operations,Delhi,2012-07-10,12.5,135148,15585.0,5
E0969,Rahul Patel,Male,IT,Lucknow,2021-08-24,6.2,169800,49053.0,5
E0970,Neha Verma,Female,Finance,Delhi,2019-01-01,3.9,140888,10377.0,2
E0971,Ananya Patel,Male,Operations,Hyderabad,2023-04-07,9.8,155757,49618.0,2
E0972,Neha Sharma,Male,HR,Jaipur,2023-10-27,6.1,148020,27787.0,4
E0973,Neha Singh,Female,Operations,Hyderabad,2022-01-18,9.9,35177,49671.0,4
E0974,Rahul Singh,Female,Finance,Delhi,2013-01-03,14.1,145279,42127.0,4
E0975,Neha Mehta,Male,HR,Pune,2018-12-04,2.5,79264,44675.0,5
E0976,Karan Joshi,Male,Marketing,Lucknow,2018-12-11,12.1,175359,26925.0,5
E0977,Sneha Singh,Female,Finance,Mumbai,2017-04-21,1.5,45669,29956.0,2
E0978,Sneha Singh,Female,Marketing,Delhi,2024-02-26,15.3,110774,24378.0,5
E0979,Neha Mehta,Male,IT,Bengaluru,2020-05-11,15.7,152329,38960.0,5
E0980,Sneha Verma,Female,Sales,Hyderabad,2020-02-29,16.6,111808,13544.0,2
E0981,Vivaan Das,Female,IT,Jaipur,2018-11-13,10.0,128335,7457.0,4
E0982,Aditya Verma,Female,Operations,Mumbai,2023-11-01,14.0,168226,42956.0,5
E0983,Aditya Kumar,Female,IT,Pune,2014-12-19,9.5,36560,6153.0,5
E0984,Amit Joshi,Female,HR,Bengaluru,2018-07-31,7.1,153158,46374.0,4
E0985,Ananya Patel,Female,Finance,Hyderabad,2019-01-15,19.5,161880,15106.0,5
E0986,Vivaan Patel,Female,HR,Bengaluru,2019-06-06,10.4,53534,37219.0,2
E0987,Priya Verma,Female,Sales,Jaipur,2016-07-28,4.7,128071,40030.0,5
E0988,Priya Yadav,Male,IT,Lucknow,2014-03-01,5.4,112250,39176.0,2
E0989,Amit Patel,Male,HR,Jaipur,2017-05-02,5.3,69996,20631.0,2
E0990,Priya Singh,Female,Sales,Pune,2024-03-30,0.5,120975,5147.0,2
E0991,Sneha Gupta,Female,Operations,Jaipur,2018-02-27,17.4,118892,47453.0,3
E0992,Neha Singh,Female,IT,Bengaluru,2023-08-19,19.9,57972,45873.0,3
E0993,Neha Singh,Female,IT,Mumbai,2015-11-28,8.4,65590,23782.0,3
E0994,Diya Singh,Male,IT,Pune,2025-04-19,10.8,96592,30553.0,4
E0995,Karan Das,Female,Sales,Hyderabad,2018-06-01,13.9,131579,9986.0,2
E0996,Neha Joshi,Male,IT,Pune,2021-10-29,7.7,148049,18413.0,2
E0997,Riya Kumar,Male,IT,Bengaluru,2022-05-08,0.8,141060,26447.0,2
E0998,Ananya Patel,Male,Finance,Delhi,2016-01-22,16.4,142872,40272.0,4
E0999,Vivaan Joshi,Male,Operations,Delhi,2020-05-30,16.4,31164,12236.0,5
E1000,Rahul Yadav,Male,Finance,Jaipur,2012-04-30,15.1,38972,30570.0,4
E1001,Vivaan Verma,Male,Sales,Jaipur,2012-03-25,8.8,135570,31404.0,4
E1002,Rahul Yadav,Male,HR,Lucknow,2023-04-03,16.8,90051,15454.0,2
E1003,Rahul Joshi,Male,Operations,Delhi,2016-08-22,18.6,90050,16648.0,2
E1004,Rahul Kumar,Female,IT,Pune,2019-06-07,12.4,58027,33674.0,2
E1005,Riya Patel,Female,Sales,Bengaluru,2020-07-31,10.1,87184,45024.0,4
E1006,Riya Gupta,Female,IT,Hyderabad,2024-06-12,10.0,169760,22055.0,2
E1007,Diya Yadav,Male,IT,Pune,2019-03-29,6.0,178806,33814.0,5
E1008,Karan Yadav,Male,Marketing,Delhi,2023-01-20,10.8,154820,29681.0,4
E1009,Amit Yadav,Female,Sales,Hyderabad,2014-02-07,17.8,61597,48519.0,5
E1010,Riya Yadav,Female,IT,Pune,2020-02-03,6.8,88025,33966.0,5
E1011,Amit Yadav,Male,HR,Delhi,2024-11-06,0.9,148920,10485.0,2
E1012,Sneha Verma,Female,Finance,Delhi,2023-11-10,3.6,94998,10884.0,5
E1013,Sneha Gupta,Male,Sales,Hyderabad,2014-03-30,10.2,179165,29619.0,2
E1014,Aditya Verma,Male,IT,Mumbai,2020-09-27,17.3,53316,31852.0,5
E1015,Priya Patel,Female,HR,Jaipur,2019-02-28,8.1,98702,39204.0,2
E1016,Ananya Joshi,Female,Operations,Hyderabad,2017-08-16,3.3,54302,30294.0,4
E1017,Priya Patel,Male,HR,Mumbai,2024-06-17,9.7,80603,40165.0,2
E1018,Priya Singh,Male,IT,Hyderabad,2020-04-29,9.1,143059,38628.0,5
E1019,Karan Yadav,Male,Sales,Jaipur,2020-09-05,12.3,141380,21107.0,4
E1020,Diya Joshi,Female,Operations,Jaipur,2016-09-13,8.6,155841,46910.0,5
E1021,Amit Sharma,Female,Sales,Bengaluru,2024-08-16,11.3,145527,10252.0,3
E1022,Neha Das,Male,Marketing,Mumbai,2017-12-04,17.2,179058,25677.0,3
E1023,Priya Verma,Female,IT,Hyderabad,2018-08-03,8.1,164728,15453.0,2
E1024,Sneha Singh,Male,Operations,Jaipur,2023-12-17,3.5,154218,41034.0,2
E1025,Ananya Mehta,Female,HR,Bengaluru,2022-05-28,6.1,103950,8347.0,2
E1026,Aarav Gupta,Male,Sales,Hyderabad,2025-08-07,15.3,160244,26916.0,5
E1027,Amit Joshi,Female,HR,Bengaluru,2013-08-26,3.3,53663,48019.0,4
E1028,Ananya Mehta,Male,Sales,Hyderabad,2017-12-30,3.0,64154,7393.0,5
E1029,Priya Kumar,Female,Marketing,Pune,2023-06-10,6.6,106987,26016.0,5
E1030,Diya Das,Female,Marketing,Mumbai,2013-07-24,18.5,39018,35307.0,4
E1031,Priya Joshi,Male,Marketing,Hyderabad,2014-11-28,4.0,88434,44144.0,4
E1032,Riya Singh,Male,Marketing,Delhi,2014-10-08,11.0,84286,7941.0,2
E1033,Karan Gupta,Female,HR,Delhi,2015-06-22,5.1,63761,30122.0,4
E1034,Riya Verma,Male,Finance,Pune,2019-10-07,1.5,172727,49330.0,5
E1035,Neha Mehta,Male,Sales,Jaipur,2020-07-09,14.7,173966,22146.0,3
E1036,Aditya Sharma,Female,Finance,Hyderabad,2023-03-18,7.7,50027,10778.0,4
E1037,Rahul Yadav,Male,IT,Pune,2023-09-11,4.7,162031,8329.0,4
E1038,Sneha Singh,Male,Sales,Lucknow,2014-06-18,1.8,74954,33861.0,4
E1039,Amit Joshi,Female,IT,Hyderabad,2025-04-29,9.9,125359,15419.0,5
E1040,Karan Gupta,Male,HR,Hyderabad,2020-05-19,4.1,131103,31984.0,2
E1041,Diya Joshi,Female,HR,Mumbai,2015-11-04,0.5,47918,19948.0,2
E1042,Aarav Joshi,Male,Sales,Jaipur,2021-02-09,13.8,129697,17323.0,4
E1043,Karan Verma,Male,IT,Pune,2024-05-28,12.8,131544,,5
E1044,Vivaan Sharma,Male,HR,Delhi,2020-09-07,12.3,162158,6902.0,5
E1045,Riya Verma,Female,Finance,Pune,2024-03-02,3.6,149166,10214.0,5
E1046,Diya Yadav,Female,Finance,Hyderabad,2024-03-12,14.3,101350,30041.0,3
E1047,Amit Sharma,Female,Marketing,Delhi,2018-08-23,7.4,115520,31491.0,5
E1048,Aditya Joshi,Male,Finance,Hyderabad,2021-02-04,12.5,95348,14479.0,5
E1049,Priya Patel,Female,Operations,Pune,2014-11-29,0.1,38178,20392.0,4
E1050,Rahul Das,Female,HR,Hyderabad,2022-08-02,9.1,126689,6924.0,4
E1051,Ananya Gupta,Female,Finance,Lucknow,2018-06-15,8.9,57634,8785.0,3
E1052,Aditya Verma,Female,Marketing,Hyderabad,2017-12-24,7.4,145029,,3
E1053,Neha Verma,Male,Operations,Mumbai,2021-07-20,0.7,92322,33880.0,4
E1054,Priya Das,Male,Marketing,Jaipur,2018-08-14,13.4,62048,47326.0,4
E1055,Rahul Verma,Male,Operations,Lucknow,2022-11-22,7.7,29319,14862.0,4
E1056,Vivaan Kumar,Female,Sales,Mumbai,2021-09-30,0.0,91063,11918.0,4
E1057,Amit Singh,Female,Operations,Jaipur,2022-09-29,19.9,158906,17835.0,4
E1058,Ananya Patel,Male,Sales,Mumbai,2018-08-14,19.5,50467,34374.0,3
E1059,Aditya Joshi,Male,HR,Bengaluru,2024-03-08,6.7,163230,14312.0,2
E1060,Vivaan Kumar,Female,Finance,Bengaluru,2012-11-01,0.9,47504,6300.0,5
E1061,Diya Gupta,Male,Finance,Hyderabad,2020-06-04,11.1,108293,5650.0,3
E1062,Riya Yadav,Female,Operations,Jaipur,2014-12-25,16.6,51401,13841.0,4
E1063,Vivaan Gupta,Female,Sales,Bengaluru,2022-05-17,1.8,134319,7763.0,4
E1064,Rahul Gupta,Male,Sales,Mumbai,2015-10-29,7.1,171816,14104.0,3
E1065,Diya Singh,Male,Operations,Lucknow,2012-02-22,7.5,152321,16900.0,2
E1066,Priya Yadav,Male,Sales,Delhi,2025-05-08,4.8,114341,5067.0,4
E1067,Sneha Singh,Male,Sales,Mumbai,2016-01-31,20.0,84724,29898.0,2
E1068,Amit Verma,Male,Operations,Delhi,2019-06-11,1.1,143144,12603.0,5
E1069,Rahul Verma,Male,HR,Pune,2024-07-31,3.4,137901,42652.0,3
E1070,Ananya Das,Male,Finance,Jaipur,2024-09-05,16.5,132462,14697.0,2
E1071,Diya Gupta,Male,Sales,Pune,2016-04-11,7.5,140022,43799.0,5
E1072,Ananya Kumar,Female,IT,Pune,2019-06-06,10.9,130774,23246.0,4
E1073,Rahul Gupta,Male,Finance,Mumbai,2019-04-18,1.6,107043,24751.0,4
E1074,Diya Gupta,Female,Finance,Mumbai,2012-07-16,6.2,112021,22710.0,3
E1075,Rahul Singh,Male,Operations,Hyderabad,2012-12-21,8.7,52058,14341.0,5
E1076,Aarav Gupta,Female,HR,Jaipur,2013-02-17,6.5,104902,15967.0,4
E1077,Riya Sharma,Male,Sales,Bengaluru,2024-04-17,15.7,103125,45141.0,4
E1078,Vivaan Das,Female,Marketing,Bengaluru,2017-10-05,16.2,121784,39184.0,4
E1079,Rahul Kumar,Male,Operations,Mumbai,2022-12-03,5.4,85816,25997.0,3
E1080,Riya Yadav,Male,IT,Pune,2021-11-29,0.1,147626,19042.0,2
E1081,Ananya Kumar,Male,Operations,Delhi,2014-06-22,18.3,144154,14871.0,2
E1082,Vivaan Yadav,Female,Operations,Mumbai,2021-11-08,7.3,151658,10423.0,2
E1083,Amit Kumar,Male,Operations,Jaipur,2014-03-27,16.0,73395,7297.0,5
E1084,Riya Mehta,Male,HR,Mumbai,2023-09-05,7.9,91337,32680.0,2
E1085,Aarav Mehta,Male,Finance,Mumbai,2017-12-01,15.7,148906,29740.0,5
E1086,Aarav Gupta,Female,HR,Delhi,2024-05-03,1.7,93980,44239.0,4
E1087,Aarav Sharma,Male,Sales,Pune,2025-07-12,7.8,138856,30575.0,5
E1088,Amit Verma,Male,Sales,Bengaluru,2017-12-07,14.4,96951,40974.0,3
E1089,Aditya Joshi,Female,Sales,Hyderabad,2023-09-15,14.0,158222,45432.0,3
E1090,Rahul Singh,Male,Finance,Delhi,2013-08-04,13.9,51451,9342.0,2
E1091,Neha Yadav,Male,Finance,Bengaluru,2024-12-28,16.5,112780,16003.0,4
E1092,Diya Gupta,Female,Marketing,Hyderabad,2023-12-14,9.0,140960,9580.0,4
E1093,Rahul Mehta,Female,Sales,Mumbai,2013-02-19,8.3,174431,17336.0,5
E1094,Neha Sharma,Female,Finance,Delhi,2020-01-11,14.9,117439,45838.0,2
E1095,Sneha Kumar,Male,Marketing,Mumbai,2019-12-07,15.4,79720,20920.0,3
E1096,Ananya Verma,Male,Operations,Delhi,2014-01-17,11.9,36414,10268.0,5
E1097,Vivaan Das,Male,HR,Mumbai,2012-08-10,12.8,47495,14656.0,3
E1098,Priya Das,Male,Finance,Lucknow,2019-05-16,2.8,166402,8604.0,4
E1099,Ananya Patel,Female,Operations,Lucknow,2019-05-03,14.1,84547,30014.0,4
E1100,Karan Joshi,Female,Sales,Jaipur,2023-02-06,0.5,101266,40562.0,4
E1101,Vivaan Singh,Female,HR,Delhi,2013-01-17,10.5,159647,9684.0,5
E1102,Sneha Gupta,Female,Sales,Pune,2016-02-10,17.8,41403,25331.0,3
E1103,Aditya Sharma,Male,IT,Pune,2019-05-06,7.4,121561,46102.0,5
E1104,Ananya Sharma,Male,Finance,Hyderabad,2014-01-08,12.5,140423,39132.0,4
E1105,Aditya Gupta,Female,Sales,Bengaluru,2014-02-11,8.7,85927,11281.0,2
E1106,Riya Sharma,Female,Finance,Delhi,2015-07-13,11.6,71421,15716.0,3
E1107,Priya Joshi,Male,Operations,Bengaluru,2020-01-20,7.6,103900,18454.0,2
E1108,Karan Das,Female,Sales,Delhi,2016-05-26,11.3,34992,32778.0,3
E1109,Ananya Joshi,Female,Marketing,Pune,2014-06-12,3.2,100390,49736.0,2
E1110,Priya Mehta,Female,Marketing,Hyderabad,2016-03-10,6.7,75335,38041.0,3
E1111,Neha Kumar,Male,Operations,Bengaluru,2023-06-13,12.5,152456,18285.0,5
E1112,Diya Patel,Female,IT,Bengaluru,2020-11-03,10.5,80593,34728.0,5
E1113,Neha Singh,Male,HR,Jaipur,2018-03-08,4.5,164251,6873.0,4
E1114,Neha Das,Male,Marketing,Bengaluru,2018-09-25,0.9,83865,14399.0,5
E1115,Ananya Das,Female,Sales,Hyderabad,2020-07-04,2.2,67401,19973.0,5
E1116,Rahul Das,Male,Marketing,Pune,2020-02-14,7.9,42476,34741.0,5
E1117,Priya Singh,Female,HR,Hyderabad,2012-01-26,14.8,47403,17006.0,5
E1118,Aditya Sharma,Female,HR,Delhi,2014-04-12,10.8,60493,24304.0,3
E1119,Ananya Kumar,Male,HR,Jaipur,2015-02-03,0.2,124551,49593.0,5
E1120,Aditya Sharma,Female,Marketing,Delhi,2025-06-07,13.7,144634,26212.0,2
E1121,Riya Verma,Female,HR,Delhi,2013-08-25,12.0,157033,46959.0,5
E1122,Diya Singh,Female,Sales,Bengaluru,2019-09-12,3.3,126017,26072.0,4
E1123,Karan Gupta,Female,Sales,Lucknow,2016-06-27,17.7,61873,14072.0,3
E1124,Riya Patel,Male,IT,Hyderabad,2017-10-06,0.9,141355,20149.0,2
E1125,Ananya Singh,Male,Sales,Mumbai,2012-09-24,20.0,92776,39127.0,4
E1126,Diya Gupta,Male,Marketing,Pune,2020-06-24,8.9,41688,19095.0,2
E1127,Ananya Singh,Male,Finance,Pune,2017-09-22,12.0,170887,30799.0,3
E1128,Aarav Kumar,Female,IT,Hyderabad,2019-06-15,14.5,59695,28369.0,2
E1129,Priya Das,Female,Marketing,Mumbai,2012-02-13,12.1,104362,31757.0,2
E1130,Sneha Singh,Female,Marketing,Lucknow,2025-08-22,7.4,121375,33694.0,5
E1131,Vivaan Patel,Male,Sales,Jaipur,2022-08-11,5.7,62955,15841.0,4
E1132,Neha Joshi,Female,Marketing,Delhi,2015-11-16,2.2,66109,42738.0,4
E1133,Aarav Verma,Male,Operations,Mumbai,2012-12-07,16.1,58600,12604.0,4
E1134,Rahul Gupta,Female,Marketing,Lucknow,2014-09-23,10.3,76905,14854.0,3
E1135,Amit Das,Male,Finance,Hyderabad,2013-12-31,7.1,75426,21490.0,2
E1136,Vivaan Yadav,Female,Sales,Delhi,2024-12-29,14.5,155277,47108.0,2
E1137,Aarav Das,Female,HR,Bengaluru,2021-08-01,3.4,134053,31639.0,2
E1138,Neha Das,Female,Operations,Pune,2014-10-23,10.8,87422,33209.0,2
E1139,Sneha Gupta,Female,Marketing,Mumbai,2017-10-28,5.6,26219,32488.0,4
E1140,Sneha Sharma,Male,Sales,Delhi,2024-10-14,18.3,97021,31887.0,2
E1141,Riya Sharma,Female,HR,Pune,2023-06-15,7.8,63516,36358.0,2
E1142,Vivaan Gupta,Female,Finance,Lucknow,2017-06-12,8.8,54610,9085.0,4
E1143,Aarav Sharma,Male,Finance,Hyderabad,2019-06-03,14.8,99544,16148.0,3
E1144,Aditya Sharma,Male,HR,Bengaluru,2023-04-09,7.3,69707,31790.0,5
E1145,Ananya Das,Male,IT,Pune,2021-04-26,4.5,51106,17133.0,3
E1146,Neha Gupta,Female,Sales,Delhi,2014-09-05,13.4,57241,16729.0,4
E1147,Aditya Patel,Female,Marketing,Jaipur,2016-04-10,6.9,112080,19535.0,4
E1148,Riya Singh,Female,Operations,Jaipur,2025-09-05,7.0,28925,34812.0,2
E1149,Vivaan Joshi,Female,IT,Hyderabad,2019-04-25,1.9,147028,13699.0,2
E1150,Sneha Gupta,Female,Marketing,Bengaluru,2018-07-10,4.2,170575,47784.0,3
E1151,Rahul Sharma,Male,IT,Bengaluru,2020-07-05,19.3,87923,47654.0,2
E1152,Sneha Verma,Male,Marketing,Jaipur,2023-06-11,7.0,150893,29642.0,4
E1153,Priya Mehta,Female,HR,Hyderabad,2020-01-15,12.2,141862,33700.0,3
E1154,Priya Kumar,Female,Marketing,Pune,2019-07-24,7.9,132149,47329.0,3
E1155,Karan Verma,Female,Sales,Lucknow,2017-11-15,10.3,125481,45116.0,2
E1156,Aditya Mehta,Male,IT,Mumbai,2018-06-15,9.6,48487,8608.0,5
E1157,Aarav Gupta,Male,Finance,Mumbai,2021-02-17,2.2,104660,45997.0,5
E1158,Vivaan Das,Female,Sales,Bengaluru,2025-01-14,8.4,177740,40092.0,5
E1159,Vivaan Das,Male,HR,Bengaluru,2012-03-10,0.4,73833,36174.0,5
E1160,Neha Sharma,Female,Marketing,Delhi,2019-04-25,5.9,131807,43435.0,3
E1161,Aditya Das,Male,HR,Pune,2022-12-23,2.6,135156,31412.0,5
E1162,Diya Joshi,Male,Marketing,Pune,2021-12-04,10.4,112738,44457.0,4
E1163,Priya Das,Female,HR,Hyderabad,2014-02-13,17.1,175943,25847.0,2
E1164,Amit Mehta,Male,IT,Bengaluru,2020-12-12,1.6,79944,15256.0,4
E1165,Amit Mehta,Male,Sales,Lucknow,2015-12-06,1.6,104151,19939.0,4
E1166,Priya Yadav,Male,Operations,Hyderabad,2022-06-09,17.4,44121,44996.0,5
E1167,Karan Verma,Female,Operations,Pune,2012-06-22,7.1,104556,28633.0,5
E1168,Aditya Patel,Male,Sales,Mumbai,2019-10-18,4.1,55019,25584.0,4
E1169,Neha Joshi,Female,IT,Lucknow,2021-05-20,14.1,117300,13544.0,2
E1170,Aditya Patel,Male,Marketing,Delhi,2019-11-11,1.8,163846,34669.0,3
E1171,Rahul Gupta,Female,HR,Bengaluru,2024-12-20,14.1,46086,23334.0,4
E1172,Aarav Singh,Male,Marketing,Bengaluru,2022-03-20,17.3,150387,8174.0,3
E1173,Vivaan Joshi,Female,HR,Pune,2017-11-23,18.9,45645,18785.0,2
E1174,Rahul Verma,Female,Finance,Hyderabad,2015-12-21,8.9,176420,20308.0,2
E1175,Neha Sharma,Female,Marketing,Jaipur,2025-01-15,7.8,131975,9750.0,3
E1176,Vivaan Gupta,Male,Finance,Bengaluru,2017-10-02,8.3,136653,25361.0,2
E1177,Diya Kumar,Male,HR,Bengaluru,2018-03-04,6.5,178123,35061.0,3
E1178,Diya Yadav,Male,Finance,Pune,2022-01-01,4.3,112063,17289.0,5
E1179,Riya Sharma,Male,Operations,Pune,2014-12-20,12.3,59783,11771.0,5
E1180,Sneha Kumar,Male,Sales,Delhi,2023-06-01,8.8,104317,32543.0,4
E1181,Aditya Patel,Female,Sales,Lucknow,2025-06-06,2.5,139283,39625.0,3
E1182,Priya Patel,Female,IT,Jaipur,2024-03-21,13.0,26789,11866.0,2
E1183,Karan Gupta,Female,Marketing,Mumbai,2023-11-25,1.6,25734,30162.0,2
E1184,Aditya Verma,Female,HR,Mumbai,2018-04-08,9.8,106293,8711.0,4
E1185,Karan Singh,Female,Operations,Bengaluru,2012-07-31,5.0,121669,43841.0,3
E1186,Amit Das,Female,Operations,Pune,2014-08-04,0.6,141825,22153.0,3
E1187,Amit Singh,Female,Marketing,Bengaluru,2016-07-04,6.4,159884,19241.0,5
E1188,Diya Das,Female,Sales,Lucknow,2018-05-14,7.3,179773,38435.0,4
E1189,Aditya Kumar,Female,Operations,Bengaluru,2012-03-16,1.9,169598,42471.0,2
E1190,Diya Das,Female,Sales,Pune,2023-12-05,4.4,26635,36154.0,5
E1191,Karan Yadav,Male,IT,Pune,2014-11-04,5.8,42832,24437.0,2
E1192,Vivaan Gupta,Female,Sales,Lucknow,2013-12-27,8.6,143078,6716.0,4
E1193,Vivaan Joshi,Female,Operations,Lucknow,2021-10-02,16.0,138006,36341.0,2
E1194,Ananya Gupta,Female,Operations,Pune,2024-12-18,4.9,81378,32469.0,2
E1195,Aditya Kumar,Female,Operations,Pune,2021-09-05,10.7,169010,23919.0,4
E1196,Sneha Sharma,Female,HR,Hyderabad,2021-03-14,5.6,132615,37849.0,5
E1197,Diya Gupta,Male,Finance,Pune,2021-05-22,8.9,139331,40019.0,3
E1198,Aarav Mehta,Female,Operations,Lucknow,2012-09-14,13.9,100464,17361.0,5
E1199,Sneha Singh,Male,HR,Delhi,2020-11-20,6.9,129050,17103.0,3
E1200,Sneha Verma,Female,Sales,Mumbai,2013-05-17,12.1,141068,8160.0,5
E1201,Aditya Das,Male,Operations,Bengaluru,2018-12-12,14.9,119821,12961.0,2
E1202,Aditya Yadav,Female,HR,Mumbai,2017-10-22,19.5,96112,43539.0,3
E1203,Aditya Joshi,Female,Finance,Jaipur,2022-04-23,3.2,157940,18823.0,2
E1204,Vivaan Sharma,Male,IT,Lucknow,2022-12-29,14.1,38674,43045.0,4
E1205,Vivaan Verma,Female,Sales,Jaipur,2015-04-11,18.4,25341,47903.0,2
E1206,Neha Kumar,Female,HR,Mumbai,2016-07-26,3.1,93232,6782.0,5
E1207,Priya Sharma,Male,HR,Hyderabad,2018-06-16,9.8,57678,14416.0,5
E1208,Aarav Mehta,Male,IT,Hyderabad,2012-11-27,8.8,66534,28865.0,3
E1209,Priya Das,Male,Sales,Lucknow,2023-10-25,13.6,74973,20336.0,3
E1210,Vivaan Verma,Male,IT,Mumbai,2023-08-20,4.1,35052,5005.0,4
E1211,Aarav Patel,Male,HR,Jaipur,2018-12-03,17.7,137394,30965.0,5
E1212,Diya Verma,Female,Operations,Mumbai,2024-11-27,13.9,34311,30439.0,5
E1213,Riya Mehta,Male,Operations,Pune,2012-08-02,1.2,41396,42314.0,4
E1214,Sneha Singh,Male,Operations,Jaipur,2016-12-17,7.5,148956,14583.0,3
E1215,Aditya Kumar,Male,Sales,Mumbai,2017-01-09,8.8,117340,36217.0,3
E1216,Rahul Das,Male,Finance,Mumbai,2021-06-19,11.2,167150,40980.0,3
E1217,Diya Joshi,Male,Operations,Jaipur,2013-08-21,18.0,140898,40229.0,2
E1218,Aarav Gupta,Female,Sales,Bengaluru,2016-01-03,14.7,49978,28947.0,3
E1219,Vivaan Mehta,Male,Marketing,Mumbai,2019-06-17,2.8,125904,28740.0,3
E1220,Karan Yadav,Male,Sales,Bengaluru,2022-01-01,1.9,98078,48428.0,4
E1221,Amit Sharma,Female,Marketing,Lucknow,2025-07-06,10.2,178136,16068.0,5
E1222,Priya Kumar,Female,Sales,Mumbai,2014-03-10,17.2,136742,29975.0,3
E1223,Rahul Joshi,Male,HR,Pune,2024-12-26,13.5,152845,37542.0,4
E1224,Priya Yadav,Female,HR,Jaipur,2015-11-07,16.7,165085,16207.0,2
E1225,Neha Joshi,Male,IT,Mumbai,2014-01-07,8.4,105726,8792.0,3
E1226,Ananya Das,Male,Operations,Jaipur,2012-04-16,17.6,169732,15817.0,5
E1227,Diya Yadav,Male,Marketing,Pune,2018-01-14,5.0,77995,44942.0,4
E1228,Neha Yadav,Male,IT,Delhi,2025-07-25,9.6,73327,,3
E1229,Ananya Gupta,Female,Operations,Lucknow,2017-03-25,3.2,104516,23710.0,4
E1230,Neha Patel,Male,Sales,Bengaluru,2013-02-09,0.2,53166,13171.0,2
E1231,Karan Gupta,Female,HR,Pune,2018-06-25,10.8,87511,15728.0,2
E1232,Priya Das,Female,Operations,Hyderabad,2013-01-27,12.3,56122,44687.0,3
E1233,Diya Das,Female,IT,Hyderabad,2015-05-03,16.5,82469,35994.0,3
E1234,Neha Verma,Male,HR,Lucknow,2015-12-19,9.9,153523,6205.0,4
E1235,Amit Yadav,Male,Sales,Bengaluru,2013-07-07,5.4,174838,5882.0,5
E1236,Vivaan Kumar,Female,Sales,Delhi,2018-03-09,9.6,175731,27555.0,5
E1237,Karan Gupta,Male,Sales,Pune,2016-05-03,11.9,146311,,5
E1238,Aditya Kumar,Male,IT,Hyderabad,2022-11-25,19.8,70050,26107.0,5
E1239,Amit Das,Male,IT,Lucknow,2016-07-09,8.1,107608,12577.0,5
E1240,Aarav Joshi,Male,IT,Hyderabad,2015-10-25,0.1,106402,14230.0,5
E1241,Ananya Verma,Female,Sales,Hyderabad,2015-12-19,10.3,117182,9322.0,4
E1242,Riya Sharma,Male,HR,Mumbai,2014-04-06,1.8,151392,19512.0,4
E1243,Ananya Das,Male,Sales,Delhi,2015-10-11,4.5,131882,15583.0,4
E1244,Amit Yadav,Female,HR,Bengaluru,2012-02-23,6.8,149093,21159.0,2
E1245,Neha Mehta,Male,IT,Lucknow,2025-06-03,11.7,119792,,2
E1246,Aditya Yadav,Male,Finance,Bengaluru,2014-06-21,15.4,36199,17271.0,4
E1247,Ananya Kumar,Male,HR,Hyderabad,2013-11-25,19.5,52286,22622.0,4
E1248,Vivaan Mehta,Female,Finance,Delhi,2021-08-11,18.5,175903,41760.0,3
E1249,Amit Joshi,Male,Operations,Jaipur,2016-07-09,10.6,26767,31712.0,3
E1250,Rahul Joshi,Female,Operations,Lucknow,2021-02-11,6.8,75765,36254.0,2
E1251,Karan Joshi,Male,Marketing,Jaipur,2012-03-21,15.2,34880,38092.0,4
E1252,Karan Kumar,Male,Marketing,Jaipur,2017-08-07,8.3,120230,30375.0,5
E1253,Vivaan Mehta,Female,HR,Lucknow,2013-07-02,8.3,102688,27362.0,3
E1254,Ananya Joshi,Male,IT,Mumbai,2024-11-06,9.0,82570,6386.0,4
E1255,Diya Yadav,Female,Finance,Mumbai,2014-11-29,3.5,30545,29633.0,3
E1256,Ananya Singh,Male,Sales,Delhi,2022-11-02,13.4,33372,48253.0,3
E1257,Vivaan Das,Female,Marketing,Pune,2014-09-17,18.7,139735,43785.0,3
E1258,Amit Joshi,Male,Finance,Pune,2015-09-16,13.2,43386,10903.0,3
E1259,Aarav Yadav,Female,Sales,Jaipur,2017-10-08,8.2,79325,14019.0,3
E1260,Aarav Das,Female,IT,Mumbai,2022-08-01,14.6,110273,8385.0,5
E1261,Ananya Kumar,Female,Finance,Jaipur,2024-04-13,1.0,49841,7554.0,4
E1262,Vivaan Das,Female,IT,Delhi,2016-03-20,9.5,111498,18364.0,2
E1263,Sneha Yadav,Male,HR,Lucknow,2015-12-17,13.2,136860,47203.0,4
E1264,Diya Joshi,Male,Operations,Jaipur,2016-11-01,7.8,67444,39968.0,3
E1265,Amit Yadav,Male,HR,Mumbai,2023-01-09,12.2,57582,32806.0,5
E1266,Aditya Patel,Female,HR,Hyderabad,2018-12-12,3.0,110850,48606.0,2
E1267,Amit Das,Female,IT,Pune,2021-07-16,1.6,115146,34735.0,3
E1268,Sneha Gupta,Male,Marketing,Mumbai,2021-10-06,4.5,38885,19178.0,2
E1269,Karan Yadav,Female,Marketing,Hyderabad,2021-11-17,16.0,146490,47552.0,5
E1270,Rahul Singh,Female,Sales,Mumbai,2022-08-09,7.4,173137,44287.0,3
E1271,Karan Sharma,Male,Sales,Mumbai,2015-09-11,1.9,54666,8773.0,2
E1272,Ananya Gupta,Male,IT,Delhi,2020-01-21,2.7,119115,31161.0,4
E1273,Rahul Singh,Male,Marketing,Hyderabad,2015-09-17,11.8,82976,31968.0,3
E1274,Priya Kumar,Female,Operations,Delhi,2020-09-02,9.3,52469,19158.0,4
E1275,Vivaan Sharma,Female,Finance,Hyderabad,2020-09-27,19.4,36547,6634.0,4
E1276,Diya Singh,Female,HR,Bengaluru,2022-12-14,8.1,62561,13492.0,3
E1277,Rahul Sharma,Male,IT,Jaipur,2022-11-01,9.6,50815,18389.0,2
E1278,Vivaan Singh,Female,Marketing,Lucknow,2019-04-11,18.9,161334,30188.0,5
E1279,Priya Kumar,Male,Finance,Mumbai,2012-08-17,1.2,63617,46117.0,4
E1280,Rahul Verma,Female,Finance,Bengaluru,2019-11-01,2.6,65609,11613.0,5
E1281,Rahul Patel,Male,Sales,Jaipur,2025-05-28,15.7,161055,26657.0,5
E1282,Aditya Patel,Female,Finance,Delhi,2020-05-14,9.1,170735,17199.0,5
E1283,Aditya Yadav,Male,Finance,Delhi,2012-12-11,18.0,82642,48639.0,5
E1284,Riya Das,Female,Finance,Pune,2019-01-16,18.7,115863,39529.0,2
E1285,Priya Sharma,Male,Sales,Mumbai,2016-02-01,14.8,116391,48217.0,4
E1286,Diya Verma,Male,Sales,Bengaluru,2013-01-26,16.5,83342,31647.0,4
E1287,Vivaan Yadav,Female,Marketing,Jaipur,2018-05-09,13.9,37585,19852.0,3
E1288,Riya Joshi,Female,HR,Mumbai,2023-09-09,16.1,168299,8500.0,3
E1289,Diya Singh,Female,Sales,Jaipur,2025-08-16,15.8,89916,41042.0,5
E1290,Priya Verma,Female,Sales,Mumbai,2021-10-29,9.9,162671,29291.0,3
E1291,Aditya Das,Male,Marketing,Lucknow,2019-11-04,6.5,167530,24191.0,4
E1292,Priya Verma,Male,Sales,Mumbai,2024-07-04,12.9,113638,6796.0,4
E1293,Karan Verma,Male,Sales,Bengaluru,2024-12-05,10.5,133649,25099.0,3
E1294,Riya Das,Male,Operations,Jaipur,2022-08-04,10.3,83260,22958.0,2
E1295,Ananya Gupta,Male,Operations,Mumbai,2022-12-01,7.3,79764,47632.0,2
E1296,Riya Singh,Female,IT,Jaipur,2013-09-11,9.1,124688,13364.0,2
E1297,Aditya Kumar,Female,Operations,Delhi,2014-10-27,13.4,90425,15903.0,4
E1298,Ananya Singh,Male,IT,Hyderabad,2022-04-01,4.4,67735,15209.0,3
E1299,Amit Joshi,Male,IT,Pune,2021-06-20,16.4,78437,16673.0,5
E1300,Rahul Patel,Female,Finance,Jaipur,2025-03-04,17.0,123915,46014.0,3
E1301,Priya Das,Female,Finance,Delhi,2015-11-18,17.5,154810,31395.0,5
E1302,Karan Verma,Female,Operations,Mumbai,2014-05-20,12.4,34964,35297.0,2
E1303,Amit Yadav,Male,Marketing,Jaipur,2023-01-22,10.4,94997,17948.0,4
E1304,Karan Singh,Male,Marketing,Lucknow,2023-10-17,14.9,171196,15711.0,2
E1305,Vivaan Joshi,Male,HR,Pune,2024-08-17,5.2,93023,37735.0,4
E1306,Vivaan Gupta,Female,HR,Delhi,2017-10-30,14.5,27485,13709.0,3
E1307,Priya Kumar,Male,Finance,Bengaluru,2021-12-16,1.9,123422,24624.0,5
E1308,Ananya Gupta,Male,IT,Hyderabad,2021-01-30,8.2,63850,11460.0,2
E1309,Priya Gupta,Female,Finance,Pune,2017-06-01,2.3,45249,33752.0,3
E1310,Karan Kumar,Female,Sales,Pune,2013-12-03,18.0,68203,49233.0,4
E1311,Priya Yadav,Male,Marketing,Jaipur,2014-02-16,16.6,25447,37230.0,2
E1312,Amit Verma,Female,Marketing,Bengaluru,2019-01-08,11.4,141570,13518.0,4
E1313,Diya Gupta,Male,Marketing,Mumbai,2025-06-05,5.1,126036,46412.0,3
E1314,Neha Gupta,Female,Operations,Jaipur,2021-10-19,11.7,65953,20837.0,2
E1315,Riya Joshi,Female,IT,Lucknow,2017-12-02,13.3,164939,44511.0,5
E1316,Neha Yadav,Female,IT,Bengaluru,2020-01-02,3.5,67413,19536.0,4
E1317,Priya Yadav,Female,HR,Bengaluru,2012-09-04,3.6,74566,35887.0,4
E1318,Sneha Yadav,Female,Marketing,Jaipur,2024-11-29,10.9,139513,44774.0,3
E1319,Riya Singh,Male,Marketing,Pune,2023-06-26,12.4,125995,27173.0,5
E1320,Aarav Yadav,Female,Finance,Jaipur,2020-06-04,18.4,91643,22054.0,4
E1321,Neha Verma,Male,Finance,Bengaluru,2012-06-11,18.0,69759,,4
E1322,Sneha Verma,Female,IT,Bengaluru,2025-05-06,9.1,122465,22983.0,4
E1323,Neha Gupta,Male,Operations,Mumbai,2020-08-22,13.9,46934,13920.0,3
E1324,Amit Mehta,Male,Marketing,Mumbai,2015-09-24,17.6,158686,45643.0,4
E1325,Ananya Sharma,Male,Marketing,Bengaluru,2013-03-26,13.4,133553,36528.0,3
E1326,Amit Sharma,Female,Operations,Delhi,2015-08-12,11.8,132221,44578.0,3
E1327,Ananya Verma,Female,Finance,Bengaluru,2023-01-09,7.2,50419,45540.0,2
E1328,Priya Kumar,Female,IT,Bengaluru,2012-09-03,8.3,162736,38914.0,4
E1329,Neha Yadav,Male,Marketing,Bengaluru,2017-07-11,9.2,173554,40439.0,3
E1330,Aarav Singh,Female,Operations,Delhi,2014-09-04,8.2,39162,16464.0,4
E1331,Priya Sharma,Male,IT,Delhi,2025-08-07,9.1,82821,10851.0,5
E1332,Rahul Das,Female,Finance,Mumbai,2013-08-25,4.0,47091,24871.0,3
E1333,Rahul Singh,Female,Marketing,Pune,2022-09-15,3.1,171775,,3
E1334,Priya Das,Female,IT,Hyderabad,2023-08-09,8.9,171584,24523.0,4
E1335,Neha Yadav,Female,Sales,Lucknow,2023-04-08,6.0,64196,,3
E1336,Karan Sharma,Male,IT,Bengaluru,2017-03-17,12.8,47871,27700.0,4
E1337,Priya Yadav,Female,IT,Lucknow,2022-05-21,19.9,144063,19708.0,5
E1338,Riya Patel,Male,Marketing,Pune,2021-02-06,3.8,162055,11993.0,3
E1339,Priya Verma,Male,IT,Bengaluru,2015-05-13,2.4,53717,24519.0,5
E1340,Vivaan Singh,Female,Sales,Delhi,2021-08-26,4.4,96919,20365.0,5
E1341,Vivaan Joshi,Male,Marketing,Delhi,2015-01-20,9.8,63186,36380.0,2
E1342,Amit Yadav,Male,IT,Mumbai,2014-12-18,6.9,161888,44997.0,5
E1343,Riya Verma,Male,Marketing,Pune,2016-06-15,5.2,124438,10912.0,2
E1344,Karan Mehta,Male,HR,Bengaluru,2014-04-20,12.1,134730,18038.0,5
E1345,Aarav Yadav,Male,IT,Lucknow,2024-04-13,15.5,89033,39524.0,4
E1346,Neha Kumar,Male,HR,Pune,2023-05-19,14.3,104564,18240.0,5
E1347,Diya Mehta,Male,Finance,Bengaluru,2024-06-12,13.8,157831,25598.0,4
E1348,Sneha Yadav,Female,Finance,Mumbai,2017-06-18,8.0,93039,16260.0,5
E1349,Sneha Yadav,Female,Sales,Jaipur,2016-04-14,15.3,178232,7682.0,2
E1350,Ananya Joshi,Male,Marketing,Jaipur,2020-12-31,12.5,141814,43148.0,2
E1351,Ananya Mehta,Female,Marketing,Bengaluru,2023-12-06,19.1,91288,21979.0,3
E1352,Neha Singh,Female,Sales,Jaipur,2013-11-30,14.3,83010,41939.0,3
E1353,Riya Yadav,Female,IT,Mumbai,2013-09-03,1.2,120053,32990.0,4
E1354,Aditya Joshi,Male,Finance,Hyderabad,2013-07-24,18.0,143336,48449.0,3
E1355,Riya Verma,Female,Finance,Hyderabad,2018-02-12,0.1,138459,10959.0,3
E1356,Diya Gupta,Male,IT,Hyderabad,2022-01-30,19.5,148796,13357.0,5
E1357,Aarav Joshi,Female,HR,Hyderabad,2020-04-02,7.4,91900,22630.0,2
E1358,Sneha Yadav,Female,HR,Lucknow,2024-11-23,12.1,61168,44879.0,2
E1359,Diya Singh,Female,Finance,Jaipur,2022-10-23,17.6,117762,37210.0,5
E1360,Rahul Patel,Female,HR,Jaipur,2025-04-13,17.7,120568,37632.0,2
E1361,Vivaan Gupta,Male,Operations,Hyderabad,2019-01-19,19.0,146328,43913.0,2
E1362,Riya Sharma,Female,Operations,Bengaluru,2015-11-13,8.6,68225,7431.0,5
E1363,Rahul Verma,Male,Marketing,Delhi,2016-04-13,1.4,113752,11100.0,2
E1364,Neha Kumar,Male,Finance,Lucknow,2013-11-29,19.1,144054,25310.0,2
E1365,Riya Das,Female,Marketing,Delhi,2023-10-01,13.8,175245,46492.0,3
E1366,Neha Yadav,Female,Operations,Pune,2024-12-12,17.6,91868,27007.0,5
E1367,Priya Sharma,Female,Marketing,Mumbai,2015-10-25,14.2,113038,40418.0,4
E1368,Diya Das,Male,HR,Jaipur,2019-07-02,11.2,152093,17177.0,5
E1369,Riya Gupta,Female,HR,Jaipur,2020-09-22,13.7,40467,28446.0,5
E1370,Vivaan Yadav,Male,IT,Mumbai,2025-05-15,15.8,33638,36406.0,5
E1371,Vivaan Yadav,Female,IT,Bengaluru,2021-09-12,4.0,26574,35978.0,3
E1372,Priya Gupta,Female,Marketing,Pune,2019-11-26,17.3,99128,42726.0,4
E1373,Aarav Verma,Female,HR,Mumbai,2017-01-02,16.3,26811,29005.0,4
E1374,Aditya Patel,Male,Operations,Hyderabad,2019-04-05,18.6,78677,11452.0,5
E1375,Amit Mehta,Female,Finance,Mumbai,2020-03-16,8.3,162955,9750.0,2
E1376,Riya Yadav,Female,Marketing,Bengaluru,2016-06-09,7.9,174106,45606.0,4
E1377,Amit Gupta,Male,Operations,Lucknow,2014-11-06,7.9,123372,9640.0,3
E1378,Aarav Singh,Male,Finance,Pune,2021-04-11,2.2,122709,30459.0,3
E1379,Vivaan Singh,Male,HR,Mumbai,2017-11-28,10.0,116511,24980.0,4
E1380,Amit Gupta,Female,Marketing,Hyderabad,2019-05-06,3.0,30380,15045.0,4
E1381,Aarav Das,Female,IT,Delhi,2018-05-05,0.2,126391,43296.0,3
E1382,Diya Yadav,Female,Sales,Pune,2019-01-26,11.1,102409,33381.0,2
E1383,Ananya Sharma,Male,IT,Bengaluru,2017-09-06,11.1,96558,47225.0,3
E1384,Diya Mehta,Female,Finance,Delhi,2018-10-03,14.6,96576,39624.0,5
E1385,Riya Joshi,Female,HR,Delhi,2017-06-19,4.7,110251,10963.0,2
E1386,Sneha Gupta,Female,Finance,Jaipur,2024-08-14,7.7,104119,21651.0,3
E1387,Sneha Patel,Female,Marketing,Delhi,2020-02-18,18.2,100948,,4
E1388,Aditya Kumar,Male,Sales,Jaipur,2019-01-08,19.3,71910,44984.0,2
E1389,Rahul Verma,Male,Sales,Bengaluru,2018-04-23,13.2,125930,23881.0,4
E1390,Riya Gupta,Female,Marketing,Delhi,2013-04-11,17.8,57344,33488.0,5
E1391,Amit Gupta,Female,Sales,Delhi,2025-05-17,8.6,64662,47191.0,5
E1392,Diya Yadav,Female,HR,Lucknow,2018-06-03,8.4,48067,43268.0,4
E1393,Aditya Singh,Female,IT,Hyderabad,2012-07-02,6.6,77514,43216.0,5
E1394,Sneha Gupta,Male,IT,Delhi,2016-10-21,10.3,147290,44716.0,4
E1395,Amit Gupta,Female,Sales,Jaipur,2024-01-19,4.7,137763,48972.0,2
E1396,Amit Sharma,Female,Marketing,Jaipur,2015-06-08,18.2,109679,29238.0,5
E1397,Riya Singh,Male,Sales,Lucknow,2020-07-19,17.9,170140,34125.0,3
E1398,Rahul Verma,Male,Sales,Hyderabad,2014-06-23,1.9,31223,7574.0,4
E1399,Riya Patel,Male,Operations,Hyderabad,2021-08-23,12.6,94920,35386.0,5
E1400,Neha Mehta,Female,Sales,Jaipur,2016-03-09,17.5,162407,14462.0,3
E1401,Ananya Patel,Female,Finance,Lucknow,2017-07-14,3.8,170434,9779.0,3
E1402,Neha Mehta,Female,Sales,Mumbai,2020-10-11,3.5,172854,18250.0,4
E1403,Ananya Mehta,Female,Marketing,Bengaluru,2012-05-20,2.5,155547,14562.0,5
E1404,Sneha Kumar,Female,HR,Jaipur,2018-01-09,11.0,61563,27214.0,2
E1405,Rahul Verma,Female,Operations,Pune,2019-01-03,15.7,91413,30795.0,3
E1406,Aarav Verma,Female,HR,Jaipur,2022-02-10,15.0,61784,10338.0,5
E1407,Sneha Singh,Female,IT,Bengaluru,2016-10-20,2.5,83313,,3
E1408,Ananya Yadav,Male,Sales,Jaipur,2012-02-18,11.3,154539,31888.0,5
E1409,Aarav Sharma,Male,Marketing,Pune,2015-06-18,4.9,65486,44736.0,3
E1410,Vivaan Mehta,Male,HR,Delhi,2024-08-23,1.9,81085,42558.0,2
E1411,Karan Mehta,Female,HR,Hyderabad,2024-04-06,7.2,166358,35119.0,5
E1412,Ananya Mehta,Female,Finance,Bengaluru,2015-08-31,17.7,156840,46890.0,4
E1413,Aditya Joshi,Female,Finance,Lucknow,2021-01-22,11.9,142289,28593.0,3
E1414,Karan Mehta,Male,Sales,Pune,2023-02-05,17.4,65277,28203.0,4
E1415,Vivaan Kumar,Male,Operations,Delhi,2021-09-23,9.5,36677,38033.0,3
E1416,Riya Kumar,Female,IT,Bengaluru,2024-03-23,13.8,34908,7204.0,5
E1417,Neha Das,Female,Sales,Pune,2024-05-07,15.3,109205,43566.0,2
E1418,Amit Mehta,Female,HR,Mumbai,2019-04-01,16.5,145808,23192.0,5
E1419,Riya Sharma,Female,Marketing,Hyderabad,2015-05-03,14.3,103456,35308.0,5
E1420,Neha Sharma,Female,HR,Pune,2014-04-01,9.8,144542,24280.0,3
E1421,Vivaan Das,Male,IT,Delhi,2025-08-08,3.1,70691,18143.0,4
E1422,Karan Singh,Male,Sales,Delhi,2023-08-05,12.5,42932,26403.0,2
E1423,Karan Gupta,Male,Finance,Bengaluru,2017-03-21,10.1,84699,15704.0,5
E1424,Amit Patel,Female,Sales,Bengaluru,2019-01-15,20.0,59798,13485.0,2
E1425,Amit Kumar,Female,HR,Bengaluru,2013-04-03,1.7,42827,10553.0,4
E1426,Rahul Patel,Male,Finance,Mumbai,2015-02-01,2.6,85065,8611.0,5
E1427,Aditya Yadav,Male,Sales,Jaipur,2015-02-04,0.3,76365,44655.0,3
E1428,Diya Joshi,Male,IT,Jaipur,2017-04-17,6.0,68424,36763.0,5
E1429,Priya Verma,Female,HR,Hyderabad,2017-11-24,13.3,146937,16715.0,2
E1430,Aditya Joshi,Male,IT,Bengaluru,2021-04-17,7.4,168810,17965.0,4
E1431,Riya Joshi,Female,Sales,Mumbai,2012-08-16,4.3,138163,20914.0,2
E1432,Aarav Kumar,Female,Marketing,Lucknow,2015-10-23,13.8,99219,13679.0,4
E1433,Priya Verma,Female,Finance,Jaipur,2024-08-07,0.9,74531,26893.0,5
E1434,Neha Singh,Female,HR,Pune,2012-03-11,9.6,139660,23303.0,4
E1435,Amit Kumar,Male,HR,Jaipur,2020-09-24,11.8,44299,14995.0,3
E1436,Riya Joshi,Male,HR,Bengaluru,2021-01-26,9.1,43650,33791.0,3
E1437,Priya Kumar,Female,HR,Hyderabad,2021-12-10,9.3,134310,43071.0,2
E1438,Neha Joshi,Female,Sales,Jaipur,2025-07-27,5.2,29983,44940.0,3
E1439,Neha Singh,Male,IT,Bengaluru,2020-10-09,3.2,88306,35248.0,3
E1440,Aditya Yadav,Female,HR,Jaipur,2020-09-22,7.2,89872,44482.0,2
E1441,Riya Joshi,Male,Operations,Lucknow,2015-08-19,9.8,85247,47236.0,4
E1442,Ananya Patel,Male,Marketing,Hyderabad,2014-03-13,5.8,159857,5001.0,5
E1443,Ananya Singh,Female,Finance,Pune,2023-09-29,8.6,173015,29288.0,3
E1444,Sneha Mehta,Female,Sales,Delhi,2017-03-12,9.7,156380,8799.0,2
E1445,Riya Sharma,Female,IT,Mumbai,2018-05-20,12.8,142618,9236.0,5
E1446,Karan Verma,Female,Operations,Jaipur,2017-06-22,18.7,170937,39659.0,5
E1447,Sneha Joshi,Male,Sales,Delhi,2012-07-22,7.3,49278,9719.0,2
E1448,Rahul Verma,Female,Marketing,Mumbai,2016-10-24,0.5,119803,25085.0,3
E1449,Sneha Singh,Male,IT,Jaipur,2012-06-16,7.9,122948,11685.0,3
E1450,Amit Kumar,Male,HR,Hyderabad,2014-02-24,17.5,39218,,3
E1451,Neha Kumar,Male,Marketing,Hyderabad,2013-07-13,16.2,99718,41106.0,2
E1452,Karan Das,Male,Marketing,Delhi,2016-07-31,17.3,103774,40929.0,4
E1453,Amit Patel,Female,Marketing,Jaipur,2019-08-07,7.9,129574,35908.0,5
E1454,Rahul Singh,Female,HR,Mumbai,2024-01-05,0.2,45921,45153.0,3
E1455,Karan Joshi,Male,Finance,Mumbai,2013-09-24,13.9,27877,11991.0,3
E1456,Ananya Yadav,Female,IT,Delhi,2014-08-18,19.5,87241,47736.0,2
E1457,Amit Patel,Female,Operations,Hyderabad,2018-08-02,0.6,119954,24070.0,2
E1458,Aditya Mehta,Female,IT,Bengaluru,2014-02-04,15.6,136704,31080.0,2
E1459,Diya Mehta,Female,IT,Pune,2016-10-21,7.4,175981,38536.0,4
E1460,Karan Gupta,Male,IT,Lucknow,2022-08-05,0.5,82725,44536.0,2
E1461,Diya Sharma,Male,Marketing,Pune,2023-06-09,1.2,52052,6456.0,2
E1462,Aarav Joshi,Female,Marketing,Mumbai,2016-11-02,1.0,140625,46021.0,4
E1463,Neha Patel,Female,Marketing,Mumbai,2024-12-02,5.2,162206,28704.0,5
E1464,Vivaan Sharma,Male,Sales,Jaipur,2018-12-18,17.2,102720,29504.0,4
E1465,Diya Kumar,Female,Marketing,Bengaluru,2020-12-11,4.2,143862,12685.0,2
E1466,Sneha Patel,Female,Marketing,Lucknow,2021-06-28,0.3,70581,22115.0,2
E1467,Priya Patel,Male,IT,Lucknow,2012-11-19,14.6,29838,6373.0,5
E1468,Amit Patel,Male,IT,Mumbai,2013-10-07,10.9,63884,29300.0,5
E1469,Diya Patel,Male,HR,Hyderabad,2023-03-21,1.3,75497,14086.0,2
E1470,Ananya Kumar,Male,Sales,Bengaluru,2020-08-01,17.4,68017,33002.0,3
E1471,Sneha Sharma,Female,IT,Bengaluru,2013-09-29,9.9,158896,25536.0,4
E1472,Ananya Yadav,Male,IT,Delhi,2022-06-03,18.8,133302,19576.0,5
E1473,Sneha Yadav,Male,Finance,Pune,2019-02-08,14.3,100343,46200.0,3
E1474,Aditya Singh,Male,Marketing,Jaipur,2020-04-02,6.5,52565,7736.0,3
E1475,Priya Mehta,Female,Marketing,Hyderabad,2018-12-18,18.4,127392,35851.0,5
E1476,Amit Patel,Female,Operations,Bengaluru,2015-03-17,18.2,149670,33255.0,4
E1477,Riya Yadav,Male,Sales,Mumbai,2023-01-03,1.8,161308,13425.0,2
E1478,Sneha Singh,Female,Finance,Jaipur,2024-03-28,10.7,174942,26536.0,5
E1479,Ananya Mehta,Female,Finance,Pune,2023-07-27,5.5,105962,38913.0,4
E1480,Karan Mehta,Female,IT,Jaipur,2012-05-18,2.7,71118,33671.0,4
E1481,Karan Sharma,Male,Sales,Pune,2014-04-16,5.1,170293,44234.0,2
E1482,Diya Joshi,Male,Marketing,Bengaluru,2013-02-02,2.9,174734,11248.0,3
E1483,Sneha Kumar,Female,Operations,Hyderabad,2018-05-20,17.3,96367,21243.0,5
E1484,Vivaan Gupta,Male,IT,Pune,2022-04-02,15.5,51023,23200.0,5
E1485,Karan Mehta,Female,IT,Hyderabad,2017-06-22,14.2,143573,35066.0,2
E1486,Sneha Yadav,Female,Finance,Delhi,2023-09-25,11.5,167548,47583.0,3
E1487,Aarav Yadav,Male,Operations,Lucknow,2025-01-09,4.9,115183,15484.0,4
E1488,Diya Sharma,Male,Operations,Jaipur,2023-11-04,12.6,142230,20793.0,4
E1489,Vivaan Joshi,Female,IT,Bengaluru,2012-06-01,7.9,95075,19812.0,3
E1490,Sneha Patel,Male,Marketing,Lucknow,2020-10-12,18.7,129879,35166.0,3
E1491,Vivaan Das,Female,Finance,Hyderabad,2019-05-02,4.5,116233,46356.0,5
E1492,Priya Singh,Male,Finance,Lucknow,2014-05-05,0.0,25088,49550.0,2
E1493,Vivaan Singh,Male,IT,Jaipur,2025-03-21,0.2,160543,23035.0,5
E1494,Priya Das,Female,Operations,Mumbai,2019-04-27,8.2,110525,11956.0,3
E1495,Riya Patel,Male,Sales,Delhi,2017-05-23,13.1,99084,26309.0,5
E1496,Sneha Verma,Female,HR,Hyderabad,2025-01-20,11.9,80392,10073.0,2
E1497,Neha Gupta,Female,Finance,Mumbai,2021-09-29,18.5,164847,19293.0,3
E1498,Karan Gupta,Male,IT,Bengaluru,2014-09-20,17.7,92130,45347.0,4
E1499,Sneha Singh,Male,HR,Mumbai,2023-08-12,17.4,35291,38815.0,5
E1500,Neha Verma,Male,HR,Lucknow,2020-07-08,19.8,26928,16321.0,2
E1501,Diya Singh,Male,Sales,Jaipur,2019-10-22,11.4,47278,8214.0,2
E1502,Amit Sharma,Male,Finance,Jaipur,2020-08-10,12.2,93222,9412.0,3
E1503,Vivaan Yadav,Female,Sales,Hyderabad,2022-10-09,10.5,153564,11233.0,4
E1504,Riya Patel,Female,Marketing,Bengaluru,2014-01-25,11.8,150293,49704.0,3
E1505,Priya Singh,Male,HR,Delhi,2018-02-02,16.6,141424,14315.0,3
E1506,Vivaan Yadav,Male,Marketing,Mumbai,2018-01-31,7.1,74274,45695.0,2
E1507,Karan Singh,Male,Sales,Jaipur,2024-12-10,1.2,70783,38615.0,3
E1508,Diya Yadav,Male,IT,Delhi,2023-12-22,4.7,57217,17863.0,2
E1509,Amit Sharma,Female,Operations,Pune,2024-07-26,17.2,133921,5411.0,3
E1510,Sneha Yadav,Female,Operations,Jaipur,2017-08-20,15.3,164272,23459.0,5
E1511,Rahul Sharma,Female,Operations,Jaipur,2017-03-30,14.4,84846,37068.0,5
E1512,Ananya Gupta,Male,Finance,Lucknow,2016-06-24,10.6,67448,48389.0,4
E1513,Diya Yadav,Female,HR,Mumbai,2016-04-27,1.3,131298,16262.0,3
E1514,Aditya Mehta,Male,Marketing,Lucknow,2016-06-16,13.5,107052,47490.0,3
E1515,Riya Verma,Female,Marketing,Bengaluru,2023-02-20,15.7,177412,16803.0,3
E1516,Neha Joshi,Male,Operations,Pune,2014-03-31,5.8,112725,43857.0,2
E1517,Diya Mehta,Female,HR,Hyderabad,2021-05-29,9.8,73217,41928.0,3
E1518,Vivaan Verma,Male,Operations,Bengaluru,2021-05-29,8.3,169599,15772.0,5
E1519,Riya Joshi,Male,Marketing,Delhi,2015-12-16,12.1,106037,29485.0,5
E1520,Karan Verma,Male,Marketing,Lucknow,2022-05-22,2.1,70641,34709.0,5
E1521,Riya Verma,Male,HR,Bengaluru,2017-10-30,16.2,92423,9152.0,5
E1522,Vivaan Patel,Male,Operations,Jaipur,2020-03-22,8.4,45706,19009.0,4
E1523,Aditya Kumar,Male,Finance,Pune,2017-01-25,18.5,100459,48247.0,3
E1524,Aditya Das,Female,Marketing,Mumbai,2023-05-08,0.5,101861,42671.0,3
E1525,Aditya Singh,Male,IT,Delhi,2020-04-08,12.0,175493,28463.0,3
E1526,Diya Joshi,Male,HR,Lucknow,2015-11-23,0.6,113867,35911.0,5
E1527,Riya Mehta,Male,Finance,Lucknow,2014-07-13,6.8,61507,46708.0,4
E1528,Neha Das,Male,IT,Delhi,2015-03-14,2.8,66245,28841.0,4
E1529,Sneha Patel,Male,HR,Delhi,2022-01-21,2.8,173132,13740.0,2
E1530,Neha Sharma,Female,Operations,Lucknow,2024-02-07,1.7,85819,38533.0,3
E1531,Amit Mehta,Male,Operations,Pune,2017-09-27,12.3,33366,28810.0,5
E1532,Amit Yadav,Male,HR,Delhi,2021-09-30,5.5,178136,22466.0,2
E1533,Priya Joshi,Female,Finance,Delhi,2012-04-10,10.7,103900,28118.0,4
E1534,Ananya Gupta,Female,Sales,Delhi,2021-06-19,14.5,63255,12537.0,2
E1535,Aarav Mehta,Female,Finance,Delhi,2017-09-04,12.9,136915,11432.0,4
E1536,Karan Sharma,Male,HR,Bengaluru,2015-11-29,3.2,134242,29746.0,2
E1537,Ananya Verma,Male,Finance,Delhi,2013-03-08,5.6,99940,37929.0,2
E1538,Priya Sharma,Female,IT,Pune,2023-07-07,16.3,51464,25692.0,4
E1539,Amit Gupta,Female,Marketing,Lucknow,2018-12-21,16.9,159867,20816.0,5
E1540,Karan Patel,Female,Marketing,Delhi,2019-06-04,6.6,69813,25379.0,4
E1541,Priya Kumar,Male,Marketing,Pune,2015-08-28,1.8,87783,5599.0,4
E1542,Aarav Verma,Female,Sales,Delhi,2023-12-06,1.7,133777,23644.0,4
E1543,Sneha Sharma,Male,Marketing,Jaipur,2017-09-06,3.7,91192,7236.0,5
E1544,Aarav Yadav,Male,Marketing,Jaipur,2025-03-18,12.9,127040,38231.0,4
E1545,Riya Gupta,Female,HR,Jaipur,2014-03-30,1.8,93063,42869.0,2
E1546,Karan Verma,Male,Finance,Lucknow,2021-07-20,9.4,137211,41152.0,2
E1547,Aditya Das,Male,HR,Mumbai,2020-05-14,0.1,125412,37533.0,4
E1548,Sneha Gupta,Male,Sales,Hyderabad,2013-07-13,4.9,158692,29749.0,3
E1549,Neha Patel,Female,IT,Hyderabad,2014-12-16,8.2,49651,37099.0,5
E1550,Karan Mehta,Male,Finance,Jaipur,2023-05-14,19.2,99425,28894.0,3
E1551,Amit Kumar,Male,IT,Jaipur,2021-05-26,1.8,29391,22055.0,3
E1552,Amit Verma,Male,IT,Lucknow,2014-02-24,3.6,144612,36895.0,2
E1553,Vivaan Kumar,Male,HR,Jaipur,2017-02-18,9.4,77177,5312.0,5
E1554,Sneha Sharma,Female,IT,Pune,2018-05-02,14.9,134584,27992.0,3
E1555,Sneha Yadav,Female,Marketing,Delhi,2012-12-30,8.2,171603,,4
E1556,Rahul Sharma,Male,Finance,Mumbai,2017-08-03,14.2,49812,18534.0,4
E1557,Karan Yadav,Female,HR,Pune,2021-11-26,4.2,135108,49792.0,5
E1558,Sneha Singh,Male,HR,Hyderabad,2012-10-26,8.4,77538,10521.0,2
E1559,Aarav Yadav,Male,Operations,Jaipur,2013-11-06,6.5,179182,45586.0,2
E1560,Vivaan Verma,Female,IT,Hyderabad,2023-09-10,12.6,83211,6068.0,2
E1561,Aditya Singh,Female,Operations,Delhi,2024-03-02,11.4,29557,23852.0,4
E1562,Aarav Yadav,Male,Sales,Mumbai,2016-03-27,9.5,134714,17016.0,4
E1563,Aarav Verma,Male,Sales,Jaipur,2021-05-25,11.9,131954,46144.0,3
E1564,Diya Verma,Male,Operations,Jaipur,2021-10-08,8.2,117718,29750.0,5
E1565,Diya Sharma,Female,IT,Hyderabad,2013-01-09,4.7,52281,21146.0,5
E1566,Rahul Kumar,Female,Sales,Lucknow,2019-03-28,12.6,125313,10162.0,5
E1567,Aarav Joshi,Male,IT,Bengaluru,2021-04-14,2.6,61746,40027.0,5
E1568,Neha Mehta,Female,Operations,Delhi,2016-10-18,15.2,161532,16380.0,3
E1569,Riya Singh,Female,Operations,Bengaluru,2016-02-19,6.1,152131,8047.0,4
E1570,Diya Mehta,Male,Operations,Mumbai,2013-12-03,12.1,39279,39814.0,4
E1571,Neha Joshi,Female,Marketing,Lucknow,2020-03-30,9.8,141331,39144.0,2
E1572,Neha Mehta,Male,Operations,Hyderabad,2022-03-02,7.2,61999,14643.0,5
E1573,Rahul Singh,Male,Sales,Bengaluru,2022-07-26,16.4,72570,9279.0,5
E1574,Riya Kumar,Female,Operations,Pune,2023-09-19,19.0,170577,42466.0,4
E1575,Aarav Patel,Male,Sales,Jaipur,2014-08-05,15.3,79040,31244.0,4
E1576,Riya Verma,Male,Sales,Bengaluru,2023-04-25,2.3,139716,47030.0,4
E1577,Ananya Joshi,Male,HR,Pune,2021-02-04,9.0,151179,42576.0,3
E1578,Amit Mehta,Female,Finance,Hyderabad,2014-08-20,1.1,146264,15125.0,3
E1579,Priya Joshi,Male,HR,Bengaluru,2021-07-15,13.1,144478,46300.0,4
E1580,Karan Das,Male,HR,Mumbai,2015-02-22,15.5,30561,17540.0,3
E1581,Priya Kumar,Male,Sales,Pune,2024-12-18,11.2,83682,12644.0,5
E1582,Diya Das,Female,Operations,Jaipur,2015-02-28,18.8,52121,28680.0,5
E1583,Vivaan Yadav,Female,Sales,Jaipur,2021-08-25,16.2,34845,45234.0,4
E1584,Aditya Patel,Male,HR,Mumbai,2016-11-23,19.7,58785,27764.0,5
E1585,Priya Sharma,Male,Sales,Bengaluru,2019-07-16,18.6,29361,36669.0,4
E1586,Ananya Yadav,Female,IT,Pune,2020-05-08,2.1,34669,33400.0,2
E1587,Rahul Sharma,Male,IT,Lucknow,2018-06-08,2.8,128871,10453.0,2
E1588,Aditya Kumar,Female,Sales,Lucknow,2017-04-16,14.1,166308,16278.0,2
E1589,Priya Yadav,Female,Marketing,Jaipur,2017-10-01,4.1,173601,35013.0,5
E1590,Ananya Yadav,Female,Finance,Pune,2012-10-26,7.7,150079,29286.0,3
E1591,Neha Sharma,Female,Finance,Jaipur,2022-12-15,11.8,101812,44070.0,4
E1592,Rahul Singh,Female,Operations,Hyderabad,2025-03-22,19.7,103059,8666.0,2
E1593,Diya Joshi,Male,Sales,Hyderabad,2015-09-30,13.6,114810,31984.0,3
E1594,Sneha Yadav,Female,IT,Jaipur,2018-11-21,4.9,157962,34542.0,5
E1595,Rahul Yadav,Male,Marketing,Mumbai,2017-05-14,15.3,167259,14853.0,5
E1596,Aditya Mehta,Male,Sales,Delhi,2016-05-22,18.0,133433,39960.0,4
E1597,Riya Gupta,Female,Sales,Delhi,2017-08-13,7.7,90922,45884.0,2
E1598,Sneha Gupta,Male,Operations,Bengaluru,2014-04-28,11.6,158271,16328.0,2
E1599,Amit Sharma,Female,Marketing,Lucknow,2024-02-15,11.1,47621,20741.0,4
E1600,Rahul Verma,Male,Operations,Jaipur,2025-06-05,5.0,128423,6300.0,5
E1601,Priya Das,Female,IT,Pune,2018-09-22,17.1,44157,30804.0,2
E1602,Rahul Gupta,Male,IT,Delhi,2018-07-07,11.9,36900,17146.0,3
E1603,Ananya Kumar,Female,Marketing,Lucknow,2014-02-17,18.7,35231,25835.0,4
E1604,Amit Gupta,Male,Operations,Mumbai,2016-07-07,11.2,28707,10315.0,5
E1605,Aditya Das,Female,IT,Hyderabad,2019-08-14,10.9,163760,22861.0,2
E1606,Rahul Sharma,Female,HR,Pune,2015-01-26,19.1,97278,28464.0,5
E1607,Aditya Joshi,Female,Sales,Jaipur,2024-10-05,5.6,91951,41506.0,2
E1608,Sneha Yadav,Female,Sales,Lucknow,2025-06-28,11.3,162533,36486.0,3
E1609,Karan Gupta,Female,Finance,Jaipur,2022-04-27,19.5,148459,34734.0,5
E1610,Priya Patel,Male,Sales,Hyderabad,2012-11-10,12.7,152419,5134.0,3
E1611,Neha Singh,Female,IT,Jaipur,2021-04-26,15.2,120858,45457.0,4
E1612,Karan Joshi,Female,Sales,Jaipur,2015-07-01,1.6,138345,29644.0,2
E1613,Riya Singh,Male,Finance,Jaipur,2023-07-26,3.0,154572,44605.0,3
E1614,Vivaan Das,Male,IT,Pune,2020-11-07,9.5,77382,12090.0,3
E1615,Riya Mehta,Female,IT,Hyderabad,2012-11-07,13.3,77245,23938.0,4
E1616,Karan Joshi,Male,Finance,Bengaluru,2021-08-24,1.0,33981,39773.0,5
E1617,Neha Singh,Male,HR,Lucknow,2024-11-23,4.5,75443,11166.0,4
E1618,Aarav Verma,Female,Marketing,Mumbai,2014-03-27,14.2,46851,29461.0,2
E1619,Ananya Joshi,Male,Sales,Pune,2018-01-13,5.5,128268,24095.0,5
E1620,Priya Gupta,Male,IT,Jaipur,2023-07-05,14.5,105352,17732.0,5
E1621,Vivaan Das,Female,HR,Delhi,2018-01-14,5.3,175530,45294.0,3
E1622,Diya Verma,Female,IT,Delhi,2014-01-05,12.2,71342,18461.0,4
E1623,Amit Joshi,Female,Marketing,Pune,2015-05-13,12.7,179098,28335.0,3
E1624,Amit Joshi,Female,HR,Jaipur,2013-12-18,4.0,111470,44919.0,3
E1625,Priya Gupta,Female,Sales,Bengaluru,2014-07-09,3.2,133734,12422.0,2
E1626,Aarav Gupta,Female,Operations,Lucknow,2019-10-25,18.0,110510,13706.0,4
E1627,Aarav Patel,Male,Marketing,Mumbai,2015-01-28,3.5,113903,7723.0,4
E1628,Amit Patel,Female,IT,Mumbai,2016-08-05,4.6,47112,46423.0,3
E1629,Aarav Mehta,Female,IT,Pune,2012-01-08,1.8,48590,48483.0,4
E1630,Karan Joshi,Female,Finance,Delhi,2020-11-22,4.0,135726,6941.0,4
E1631,Priya Mehta,Female,HR,Bengaluru,2014-12-19,14.9,106166,32322.0,3
E1632,Vivaan Joshi,Male,IT,Pune,2017-03-03,12.6,25546,41866.0,3
E1633,Amit Singh,Male,Sales,Mumbai,2017-05-24,16.8,25348,14296.0,2
E1634,Rahul Kumar,Female,Operations,Hyderabad,2015-09-26,16.7,130766,39830.0,5
E1635,Aarav Gupta,Male,Marketing,Jaipur,2015-02-13,8.8,170257,31667.0,3
E1636,Vivaan Joshi,Male,HR,Pune,2014-02-18,4.9,143855,35023.0,2
E1637,Priya Singh,Female,HR,Lucknow,2015-10-20,0.4,56434,6737.0,3
E1638,Diya Patel,Female,Finance,Delhi,2013-10-30,1.6,153676,13109.0,5
E1639,Amit Singh,Female,Finance,Delhi,2015-06-04,19.0,37096,46676.0,3
E1640,Amit Singh,Female,Marketing,Mumbai,2015-02-16,2.8,47831,,3
E1641,Diya Kumar,Male,HR,Mumbai,2025-09-04,10.2,77330,42044.0,5
E1642,Aarav Gupta,Female,HR,Hyderabad,2023-01-16,14.4,90752,25392.0,5
E1643,Aditya Yadav,Male,Operations,Pune,2015-02-26,18.9,112923,24914.0,2
E1644,Rahul Kumar,Female,HR,Delhi,2018-08-03,9.9,90749,26802.0,3
E1645,Aarav Verma,Female,Finance,Jaipur,2021-11-21,1.9,150634,16630.0,5
E1646,Rahul Kumar,Female,Operations,Jaipur,2019-10-08,2.2,169001,35276.0,5
E1647,Riya Verma,Male,Operations,Hyderabad,2015-08-22,9.9,143152,27599.0,3
E1648,Karan Yadav,Male,Marketing,Delhi,2025-04-20,13.4,112220,34476.0,2
E1649,Vivaan Kumar,Female,Sales,Delhi,2012-02-14,5.4,161257,37429.0,4
E1650,Ananya Gupta,Male,Finance,Jaipur,2023-01-29,4.1,68814,34795.0,4
E1651,Diya Joshi,Male,HR,Mumbai,2019-01-23,7.3,111218,11152.0,5
E1652,Amit Kumar,Male,Sales,Bengaluru,2019-03-06,1.1,54004,9409.0,5
E1653,Riya Mehta,Male,Finance,Pune,2016-08-01,2.6,141816,14153.0,2
E1654,Priya Joshi,Female,Finance,Delhi,2016-09-11,8.5,28891,39865.0,5
E1655,Priya Singh,Female,Marketing,Delhi,2022-08-17,2.5,144828,,3
E1656,Diya Sharma,Female,Sales,Mumbai,2018-11-13,15.1,120117,23097.0,2
E1657,Karan Joshi,Male,Operations,Delhi,2024-12-22,11.1,134551,26205.0,2
E1658,Aditya Das,Male,Sales,Bengaluru,2021-04-23,10.8,160940,45388.0,5
E1659,Aditya Kumar,Female,Marketing,Hyderabad,2017-12-28,9.9,95025,33596.0,4
E1660,Vivaan Patel,Male,HR,Jaipur,2012-06-05,1.5,74576,25246.0,3
E1661,Diya Mehta,Male,Operations,Lucknow,2019-09-22,0.5,152367,13639.0,2
E1662,Vivaan Gupta,Male,IT,Delhi,2020-07-23,17.7,106136,15583.0,3
E1663,Ananya Patel,Female,Marketing,Pune,2024-09-13,13.8,79433,,5
E1664,Neha Verma,Female,Marketing,Pune,2023-06-10,7.1,151699,14829.0,5
E1665,Aarav Joshi,Male,IT,Bengaluru,2012-05-20,15.0,99230,23305.0,3
E1666,Karan Sharma,Male,Operations,Hyderabad,2020-05-06,14.4,117062,18065.0,5
E1667,Sneha Yadav,Female,Sales,Bengaluru,2017-03-27,18.7,158937,36954.0,5
E1668,Aditya Gupta,Male,IT,Delhi,2024-08-24,19.8,177798,18257.0,2
E1669,Rahul Patel,Male,IT,Bengaluru,2023-11-15,18.2,65298,27167.0,4
E1670,Riya Sharma,Male,Sales,Lucknow,2014-02-24,13.2,58592,38451.0,2
E1671,Aarav Verma,Male,HR,Pune,2019-11-18,12.6,99874,31856.0,4
E1672,Priya Yadav,Male,Finance,Delhi,2012-07-02,15.9,174652,33563.0,2
E1673,Riya Patel,Male,Marketing,Hyderabad,2019-01-18,9.7,126117,12968.0,2
E1674,Sneha Mehta,Male,Marketing,Lucknow,2020-01-25,18.3,89821,,3
E1675,Priya Singh,Female,Sales,Mumbai,2024-06-24,16.1,69905,26345.0,3
E1676,Diya Singh,Male,HR,Lucknow,2023-03-12,15.5,95311,12080.0,4
E1677,Neha Das,Female,IT,Lucknow,2020-04-30,2.9,143981,8330.0,2
E1678,Amit Gupta,Male,HR,Mumbai,2022-05-15,11.5,166625,29340.0,5
E1679,Ananya Yadav,Female,IT,Jaipur,2017-03-08,3.2,48410,40645.0,5
E1680,Aarav Verma,Female,Sales,Delhi,2017-06-25,3.2,158146,18953.0,3
E1681,Neha Yadav,Male,Operations,Mumbai,2021-04-29,0.2,149947,12400.0,2
E1682,Aditya Joshi,Female,Sales,Pune,2018-08-29,6.7,107513,22125.0,2
E1683,Riya Joshi,Female,Marketing,Hyderabad,2015-09-27,5.2,157785,10338.0,5
E1684,Vivaan Mehta,Female,Finance,Lucknow,2012-04-16,0.2,41741,26822.0,3
E1685,Rahul Yadav,Female,IT,Mumbai,2014-01-30,0.7,154442,6033.0,2
E1686,Aditya Singh,Female,Sales,Mumbai,2018-08-24,2.4,112853,34607.0,5
E1687,Sneha Sharma,Male,HR,Delhi,2015-05-02,6.3,86934,28053.0,3
E1688,Vivaan Kumar,Male,Sales,Hyderabad,2015-06-02,11.3,126063,40529.0,3
E1689,Rahul Singh,Female,HR,Jaipur,2018-01-13,18.6,88735,11516.0,5
E1690,Aarav Sharma,Female,Sales,Delhi,2024-12-17,6.9,40583,26963.0,3
E1691,Priya Singh,Female,IT,Pune,2024-08-12,10.7,120251,48632.0,3
E1692,Rahul Sharma,Male,Marketing,Hyderabad,2015-05-14,3.0,82231,46895.0,5
E1693,Riya Das,Female,HR,Delhi,2017-05-03,8.3,147689,25753.0,2
E1694,Riya Singh,Male,Sales,Mumbai,2015-06-05,11.6,155521,32732.0,2
E1695,Rahul Patel,Male,Operations,Jaipur,2020-03-23,18.1,107860,36458.0,3
E1696,Aarav Kumar,Female,Marketing,Jaipur,2012-07-14,16.5,125432,38325.0,4
E1697,Aarav Verma,Female,HR,Mumbai,2019-11-20,13.9,138070,26774.0,5
E1698,Priya Patel,Female,HR,Jaipur,2023-11-29,19.1,68438,39227.0,2
E1699,Aditya Joshi,Female,Sales,Lucknow,2019-08-11,15.9,35670,18066.0,5
E1700,Priya Mehta,Female,IT,Delhi,2017-12-28,10.6,50094,36436.0,4
E1701,Ananya Patel,Female,Sales,Pune,2016-06-07,11.4,62400,,4
E1702,Ananya Gupta,Male,Operations,Bengaluru,2017-08-20,17.5,82136,44884.0,3
E1703,Rahul Gupta,Female,IT,Bengaluru,2024-11-04,14.0,56779,6005.0,2
E1704,Priya Verma,Male,Marketing,Pune,2022-06-29,14.3,149067,8960.0,5
E1705,Vivaan Kumar,Male,Finance,Jaipur,2018-12-17,6.3,94305,44022.0,4
E1706,Aarav Mehta,Male,Marketing,Bengaluru,2023-08-10,18.2,58942,34557.0,4
E1707,Amit Verma,Male,IT,Jaipur,2021-04-29,0.7,131012,16138.0,3
E1708,Priya Yadav,Male,HR,Delhi,2020-01-29,4.9,103932,5891.0,4
E1709,Priya Gupta,Male,IT,Pune,2020-11-17,5.7,100255,34066.0,4
E1710,Neha Mehta,Female,Sales,Delhi,2013-07-21,10.1,125208,6169.0,2
E1711,Karan Verma,Male,Operations,Mumbai,2015-12-28,5.2,69462,23152.0,5
E1712,Neha Verma,Male,Operations,Jaipur,2019-08-26,11.6,126752,43969.0,4
E1713,Rahul Yadav,Female,HR,Bengaluru,2013-02-16,5.7,33690,44448.0,3
E1714,Rahul Gupta,Female,IT,Pune,2015-08-12,16.1,148411,22487.0,4
E1715,Aarav Kumar,Male,Marketing,Bengaluru,2022-03-28,13.4,70274,17187.0,2
E1716,Diya Das,Female,Operations,Delhi,2014-11-22,12.3,103154,32768.0,3
E1717,Vivaan Yadav,Female,Operations,Delhi,2012-12-07,1.8,76104,37731.0,2
E1718,Diya Gupta,Male,IT,Delhi,2016-04-28,1.9,170593,23670.0,3
E1719,Amit Gupta,Male,IT,Hyderabad,2020-04-09,3.4,119461,18806.0,5
E1720,Riya Yadav,Female,Operations,Bengaluru,2017-02-11,8.1,45132,43347.0,4
E1721,Aditya Mehta,Female,HR,Jaipur,2018-08-05,16.1,161210,37020.0,3
E1722,Priya Joshi,Female,HR,Jaipur,2020-03-16,13.4,167644,48394.0,3
E1723,Sneha Gupta,Female,IT,Lucknow,2013-05-11,3.4,126870,13973.0,4
E1724,Diya Patel,Female,Operations,Lucknow,2023-10-12,2.2,179880,28481.0,2
E1725,Vivaan Yadav,Male,Sales,Jaipur,2021-11-02,14.8,141040,46099.0,4
E1726,Sneha Yadav,Male,Marketing,Hyderabad,2023-01-11,15.3,38891,46239.0,5
E1727,Rahul Gupta,Female,IT,Bengaluru,2022-09-21,18.2,118785,14484.0,5
E1728,Amit Patel,Male,HR,Hyderabad,2021-09-23,11.4,63131,23377.0,2
E1729,Karan Das,Female,Operations,Jaipur,2012-11-12,12.6,100659,10938.0,4
E1730,Amit Joshi,Male,Sales,Lucknow,2025-08-13,11.5,140978,21372.0,2
E1731,Aarav Joshi,Male,Sales,Pune,2018-04-19,17.1,150727,17517.0,3
E1732,Aditya Singh,Female,IT,Delhi,2015-12-02,12.8,53444,48513.0,4
E1733,Rahul Das,Male,Operations,Lucknow,2015-06-22,17.4,161667,35964.0,3
E1734,Rahul Joshi,Male,Sales,Delhi,2013-06-17,13.0,161509,5751.0,5
E1735,Karan Joshi,Female,Operations,Mumbai,2024-12-23,5.3,138915,22685.0,2
E1736,Sneha Das,Male,Sales,Pune,2017-07-29,1.6,121634,40875.0,2
E1737,Karan Verma,Female,HR,Delhi,2025-06-12,11.0,159078,49917.0,5
E1738,Karan Verma,Male,Operations,Lucknow,2014-04-10,19.4,136653,14900.0,4
E1739,Rahul Sharma,Male,Sales,Lucknow,2014-08-28,15.7,105908,28540.0,2
E1740,Vivaan Yadav,Female,HR,Bengaluru,2018-11-23,4.9,97981,41281.0,4
E1741,Priya Kumar,Female,IT,Jaipur,2021-02-05,4.0,154470,35448.0,5
E1742,Ananya Joshi,Male,IT,Mumbai,2018-08-06,13.4,28339,11089.0,2
E1743,Karan Yadav,Male,Sales,Jaipur,2019-04-24,0.4,43731,22605.0,4
E1744,Sneha Joshi,Male,Marketing,Jaipur,2013-03-11,18.3,112615,40593.0,5
E1745,Amit Verma,Male,Sales,Jaipur,2021-05-24,13.5,151244,34225.0,3
E1746,Priya Yadav,Female,HR,Jaipur,2014-06-21,12.0,39578,33897.0,3
E1747,Riya Singh,Male,Finance,Jaipur,2023-06-12,13.1,74734,30762.0,2
E1748,Amit Gupta,Male,IT,Delhi,2021-12-30,9.3,80259,15165.0,3
E1749,Priya Singh,Female,Finance,Delhi,2012-08-08,12.8,167034,25357.0,5
E1750,Priya Das,Female,Operations,Pune,2019-11-13,8.3,69771,46205.0,3
E1751,Amit Das,Female,Sales,Mumbai,2022-10-23,17.3,138904,33889.0,3
E1752,Vivaan Verma,Female,Operations,Hyderabad,2016-09-13,8.4,42926,17768.0,4
E1753,Amit Joshi,Male,Finance,Mumbai,2019-10-18,5.2,63127,20696.0,2
E1754,Diya Mehta,Female,HR,Lucknow,2019-05-02,1.6,127281,38404.0,4
E1755,Diya Gupta,Male,Operations,Pune,2016-04-26,5.5,58689,20092.0,2
E1756,Karan Singh,Female,HR,Bengaluru,2018-12-25,5.3,31334,20417.0,2
E1757,Sneha Verma,Female,HR,Mumbai,2016-04-05,9.4,76030,43657.0,2
E1758,Rahul Verma,Female,Sales,Mumbai,2012-05-07,2.8,111312,33245.0,3
E1759,Amit Kumar,Male,Operations,Lucknow,2025-08-05,14.5,93597,21612.0,5
E1760,Karan Gupta,Male,IT,Hyderabad,2015-04-20,8.9,71860,39965.0,2
E1761,Neha Mehta,Male,Finance,Hyderabad,2021-05-21,19.9,117588,5643.0,2
E1762,Aditya Sharma,Male,HR,Delhi,2017-03-15,17.2,171328,41753.0,2
E1763,Priya Mehta,Male,Finance,Bengaluru,2025-02-15,4.8,88680,42395.0,2
E1764,Sneha Mehta,Female,Finance,Pune,2024-12-16,6.0,122206,7338.0,4
E1765,Aarav Yadav,Female,Sales,Lucknow,2016-03-17,16.8,55594,49172.0,3
E1766,Vivaan Kumar,Male,HR,Delhi,2017-03-10,14.4,84726,25550.0,5
E1767,Ananya Verma,Female,IT,Bengaluru,2012-02-20,15.8,46891,25798.0,5
E1768,Riya Gupta,Male,Operations,Lucknow,2024-05-11,11.5,93383,26297.0,5
E1769,Priya Joshi,Male,Finance,Delhi,2018-01-27,8.5,149750,36755.0,2
E1770,Aarav Yadav,Male,HR,Bengaluru,2016-01-08,9.2,95898,21457.0,5
E1771,Aarav Sharma,Female,Sales,Bengaluru,2024-07-19,1.4,171195,21163.0,3
E1772,Aarav Joshi,Male,Sales,Hyderabad,2021-07-08,11.4,26486,31067.0,5
E1773,Ananya Yadav,Female,Finance,Jaipur,2019-05-24,11.2,44622,9289.0,5
E1774,Vivaan Yadav,Female,Operations,Pune,2014-01-16,5.7,35746,10960.0,2
E1775,Vivaan Mehta,Female,IT,Hyderabad,2016-05-19,18.8,99404,11812.0,5
E1776,Sneha Singh,Male,HR,Lucknow,2014-03-29,20.0,58672,41583.0,3
E1777,Riya Patel,Female,Marketing,Delhi,2019-05-05,10.2,38199,9024.0,5
E1778,Aditya Kumar,Male,Marketing,Lucknow,2024-04-18,18.9,177094,6481.0,3
E1779,Sneha Singh,Female,Operations,Bengaluru,2021-02-03,16.2,170310,15046.0,3
E1780,Sneha Verma,Female,Sales,Bengaluru,2012-09-13,7.0,136815,46394.0,4
E1781,Karan Sharma,Male,Operations,Lucknow,2014-05-08,19.6,92988,8328.0,4
E1782,Priya Das,Male,Sales,Mumbai,2018-11-28,11.1,145453,38988.0,5
E1783,Aarav Patel,Male,Marketing,Delhi,2020-06-24,16.2,127630,29251.0,5
E1784,Aditya Mehta,Male,Marketing,Delhi,2021-06-28,14.3,52606,6638.0,3
E1785,Amit Sharma,Female,Finance,Jaipur,2024-07-30,10.4,161952,8811.0,2
E1786,Rahul Yadav,Female,HR,Mumbai,2017-10-24,8.4,96548,40531.0,4
E1787,Neha Yadav,Male,HR,Pune,2013-09-06,19.2,74132,5743.0,3
E1788,Aarav Mehta,Female,Sales,Pune,2017-07-27,11.9,32385,30608.0,4
E1789,Riya Yadav,Female,Finance,Jaipur,2018-06-20,7.2,90486,29334.0,5
E1790,Neha Kumar,Male,Marketing,Lucknow,2019-05-14,9.4,46580,25978.0,2
E1791,Vivaan Joshi,Female,HR,Bengaluru,2024-04-17,0.8,138794,38542.0,2
E1792,Vivaan Patel,Female,Sales,Pune,2016-06-08,11.6,72423,20114.0,3
E1793,Vivaan Gupta,Male,Finance,Bengaluru,2023-01-08,12.2,110803,28632.0,4
E1794,Riya Verma,Male,IT,Lucknow,2016-01-21,4.3,81680,32839.0,2
E1795,Rahul Yadav,Male,HR,Lucknow,2019-12-31,14.1,144313,7881.0,2
E1796,Riya Singh,Female,Finance,Delhi,2024-02-14,13.6,80132,31395.0,2
E1797,Riya Mehta,Female,IT,Bengaluru,2019-05-08,3.0,73414,26442.0,2
E1798,Aarav Kumar,Female,Sales,Pune,2015-06-01,4.1,39973,27662.0,2
E1799,Amit Sharma,Male,Operations,Pune,2021-01-18,9.2,174374,18043.0,4
E1800,Vivaan Gupta,Male,Marketing,Hyderabad,2024-07-09,11.2,124174,7192.0,5
E1801,Diya Joshi,Female,Finance,Hyderabad,2020-03-14,4.3,69802,17385.0,3
E1802,Riya Verma,Male,Sales,Delhi,2023-07-06,15.8,78202,47298.0,3
E1803,Sneha Sharma,Male,Finance,Hyderabad,2012-11-10,16.4,35148,15899.0,4
E1804,Diya Yadav,Male,HR,Bengaluru,2014-08-05,7.9,121484,44104.0,3
E1805,Diya Patel,Female,Finance,Jaipur,2020-05-30,12.8,89899,26739.0,5
E1806,Ananya Das,Female,Marketing,Bengaluru,2021-01-01,4.8,55433,20096.0,3
E1807,Aarav Singh,Male,Finance,Jaipur,2015-06-13,16.6,65046,22417.0,3
E1808,Diya Joshi,Female,Operations,Mumbai,2023-10-09,2.1,175180,42378.0,5
E1809,Diya Yadav,Female,Finance,Mumbai,2023-04-16,11.7,150064,16083.0,5
E1810,Aarav Verma,Male,Finance,Lucknow,2019-10-01,15.8,76822,23822.0,2
E1811,Amit Mehta,Male,IT,Delhi,2024-06-21,0.7,123432,30415.0,4
E1812,Riya Joshi,Male,IT,Jaipur,2019-02-09,0.6,78283,18803.0,3
E1813,Riya Gupta,Female,HR,Jaipur,2012-08-13,14.2,116266,16474.0,5
E1814,Karan Joshi,Male,Finance,Pune,2016-12-14,9.5,133676,37821.0,5
E1815,Sneha Patel,Female,IT,Bengaluru,2022-12-05,19.8,62300,44837.0,3
E1816,Rahul Das,Female,HR,Jaipur,2017-02-11,19.9,72850,36395.0,4
E1817,Vivaan Gupta,Male,HR,Delhi,2018-03-24,18.2,148491,47632.0,3
E1818,Karan Gupta,Male,Marketing,Delhi,2024-02-22,10.9,113464,25890.0,5
E1819,Amit Gupta,Male,Operations,Lucknow,2013-09-16,12.4,85773,36718.0,5
E1820,Riya Das,Male,IT,Jaipur,2023-07-03,19.2,161226,28741.0,5
E1821,Riya Mehta,Male,Marketing,Jaipur,2025-07-25,17.6,46972,20755.0,4
E1822,Riya Patel,Male,Finance,Mumbai,2023-08-29,17.0,165777,25542.0,2
E1823,Karan Joshi,Female,HR,Bengaluru,2019-04-01,12.2,157808,17389.0,2
E1824,Ananya Kumar,Male,Operations,Hyderabad,2012-11-09,11.8,109827,40647.0,3
E1825,Amit Yadav,Male,Marketing,Hyderabad,2015-04-19,8.1,26439,21829.0,3
E1826,Amit Joshi,Female,HR,Hyderabad,2017-09-10,14.7,127975,12014.0,2
E1827,Aditya Patel,Female,Finance,Hyderabad,2019-09-04,17.9,150106,46589.0,5
E1828,Sneha Das,Male,Sales,Delhi,2017-07-19,6.2,92048,9679.0,3
E1829,Diya Sharma,Female,HR,Jaipur,2021-12-30,3.3,103673,36618.0,4
E1830,Karan Kumar,Male,Marketing,Lucknow,2020-08-20,0.4,83903,48794.0,3
E1831,Riya Gupta,Female,Sales,Mumbai,2015-11-19,16.1,39432,19631.0,4
E1832,Rahul Gupta,Male,Marketing,Bengaluru,2020-06-23,8.8,133576,42394.0,5
E1833,Aarav Singh,Male,HR,Hyderabad,2014-10-18,5.8,52112,11547.0,5
E1834,Amit Patel,Female,Sales,Hyderabad,2023-05-25,6.9,71273,16620.0,5
E1835,Priya Singh,Male,Finance,Delhi,2020-03-27,16.8,59282,46523.0,3
E1836,Ananya Patel,Male,Finance,Bengaluru,2022-04-15,2.4,117846,25953.0,2
E1837,Rahul Sharma,Female,Finance,Mumbai,2014-04-06,12.6,136366,10998.0,4
E1838,Vivaan Kumar,Male,Finance,Delhi,2017-04-10,6.6,130134,45949.0,5
E1839,Vivaan Gupta,Female,IT,Pune,2012-08-12,6.0,43674,35107.0,3
E1840,Priya Kumar,Female,Finance,Delhi,2020-02-13,5.4,144184,43132.0,3
E1841,Aarav Gupta,Female,IT,Hyderabad,2024-12-27,5.3,149067,19870.0,5
E1842,Neha Gupta,Female,Sales,Mumbai,2019-09-06,9.1,139073,44093.0,3
E1843,Amit Kumar,Female,Sales,Hyderabad,2022-04-12,12.0,40519,39961.0,2
E1844,Rahul Mehta,Female,Finance,Jaipur,2016-04-10,6.4,122658,10752.0,3
E1845,Neha Gupta,Male,Finance,Mumbai,2024-04-08,1.4,140810,39396.0,3
E1846,Vivaan Singh,Male,Operations,Bengaluru,2014-05-12,15.3,32851,42324.0,4
E1847,Ananya Das,Female,IT,Bengaluru,2014-01-07,7.6,164492,19023.0,5
E1848,Vivaan Joshi,Female,Marketing,Bengaluru,2016-02-29,0.4,87582,42347.0,5
E1849,Rahul Verma,Male,Finance,Pune,2019-01-18,13.0,48044,14969.0,3
E1850,Karan Kumar,Female,HR,Lucknow,2018-08-27,15.3,34375,30324.0,5
E1851,Karan Sharma,Male,Finance,Bengaluru,2023-07-16,17.9,35097,34905.0,3
E1852,Neha Joshi,Male,Sales,Hyderabad,2023-03-19,5.9,93147,24133.0,5
E1853,Ananya Das,Female,IT,Bengaluru,2015-12-24,19.7,90707,7590.0,2
E1854,Neha Kumar,Female,Sales,Lucknow,2018-04-09,13.2,100461,10392.0,4
E1855,Rahul Patel,Male,Marketing,Hyderabad,2019-12-03,10.3,34227,10378.0,2
E1856,Rahul Joshi,Female,Marketing,Lucknow,2018-12-25,19.6,82801,36219.0,4
E1857,Sneha Sharma,Female,Finance,Hyderabad,2012-11-21,13.5,160709,31727.0,5
E1858,Karan Das,Female,Operations,Hyderabad,2021-02-16,17.2,170120,18246.0,4
E1859,Vivaan Verma,Male,HR,Bengaluru,2021-12-05,16.6,76213,,3
E1860,Ananya Gupta,Male,HR,Bengaluru,2014-05-02,4.4,109297,7171.0,2
E1861,Diya Gupta,Male,Sales,Mumbai,2018-05-12,0.3,118464,48916.0,2
E1862,Karan Verma,Male,IT,Hyderabad,2012-07-05,6.7,77457,34671.0,2
E1863,Rahul Kumar,Male,Operations,Lucknow,2020-07-31,15.7,82824,17900.0,3
E1864,Sneha Das,Female,Operations,Bengaluru,2015-03-26,4.7,148434,7374.0,5
E1865,Sneha Sharma,Male,Finance,Pune,2017-04-11,17.9,85166,38508.0,3
E1866,Priya Joshi,Female,Sales,Lucknow,2017-12-08,9.8,91969,37421.0,5
E1867,Priya Verma,Female,Sales,Mumbai,2024-09-03,2.6,146711,33250.0,2
E1868,Sneha Mehta,Male,Finance,Jaipur,2023-09-16,13.0,64803,37262.0,5
E1869,Aarav Gupta,Male,Finance,Mumbai,2019-06-04,16.2,77199,27039.0,4
E1870,Vivaan Verma,Female,Finance,Delhi,2017-10-18,9.1,136260,6062.0,4
E1871,Neha Verma,Male,Marketing,Mumbai,2014-08-22,2.9,172280,25010.0,3
E1872,Sneha Gupta,Male,Operations,Delhi,2018-01-15,8.0,56365,37878.0,4
E1873,Aarav Mehta,Female,IT,Bengaluru,2022-10-19,13.8,99183,38175.0,5
E1874,Vivaan Joshi,Male,HR,Jaipur,2024-05-08,0.4,93907,17025.0,3
E1875,Sneha Verma,Female,HR,Mumbai,2018-06-01,8.2,29933,24547.0,5
E1876,Neha Singh,Male,IT,Jaipur,2015-05-18,18.2,170984,41379.0,5
E1877,Riya Verma,Female,Finance,Mumbai,2021-08-30,16.5,144431,45856.0,3
E1878,Sneha Verma,Male,Marketing,Delhi,2020-10-21,8.9,66688,15031.0,4
E1879,Sneha Kumar,Male,Marketing,Mumbai,2021-11-07,19.8,28946,13456.0,5
E1880,Aditya Mehta,Female,Operations,Jaipur,2023-04-07,18.0,113284,28862.0,3
E1881,Aarav Mehta,Male,Operations,Delhi,2021-01-05,4.4,177460,13200.0,4
E1882,Neha Yadav,Female,Finance,Hyderabad,2016-05-06,8.4,56015,7445.0,2
E1883,Neha Verma,Female,Operations,Hyderabad,2022-01-26,6.9,119862,15385.0,3
E1884,Vivaan Das,Male,Finance,Delhi,2014-09-28,17.5,135113,6459.0,4
E1885,Sneha Yadav,Male,HR,Mumbai,2014-02-25,0.9,75135,27304.0,3
E1886,Amit Sharma,Male,Marketing,Hyderabad,2018-04-03,1.9,178119,32723.0,4
E1887,Diya Das,Female,Marketing,Pune,2023-05-07,8.1,137199,22208.0,5
E1888,Riya Sharma,Female,Finance,Hyderabad,2019-05-16,14.1,136062,32253.0,4
E1889,Rahul Patel,Female,Finance,Lucknow,2019-02-12,0.5,28364,11353.0,5
E1890,Sneha Kumar,Female,IT,Jaipur,2019-04-05,3.8,62290,38532.0,3
E1891,Neha Kumar,Male,Finance,Bengaluru,2012-10-24,1.5,50309,8418.0,2
E1892,Sneha Yadav,Female,IT,Jaipur,2012-05-31,9.0,48965,10075.0,3
E1893,Priya Kumar,Male,Finance,Mumbai,2019-09-25,20.0,145905,40931.0,4
E1894,Aarav Joshi,Female,Operations,Mumbai,2022-03-04,12.0,68054,6674.0,3
E1895,Priya Verma,Male,Sales,Pune,2022-01-01,10.7,48985,21681.0,3
E1896,Aarav Verma,Male,IT,Hyderabad,2020-11-17,2.5,114013,49233.0,3
E1897,Karan Patel,Female,HR,Mumbai,2014-07-03,2.5,64296,46332.0,4
E1898,Karan Mehta,Male,Finance,Mumbai,2023-06-23,8.9,145624,28409.0,5
E1899,Riya Verma,Male,Operations,Lucknow,2021-02-03,14.7,75534,14912.0,3
E1900,Sneha Yadav,Female,Marketing,Pune,2015-07-09,12.6,87357,18215.0,3
E1901,Rahul Yadav,Male,Operations,Bengaluru,2020-05-17,6.7,67414,5136.0,5
E1902,Neha Singh,Male,HR,Pune,2014-03-15,4.3,70406,48922.0,5
E1903,Riya Das,Female,HR,Hyderabad,2022-07-03,10.2,59208,23664.0,3
E1904,Neha Joshi,Female,Operations,Delhi,2015-07-19,10.9,67650,20401.0,3
E1905,Aditya Patel,Male,Operations,Hyderabad,2022-06-03,16.2,80369,19487.0,2
E1906,Sneha Verma,Male,Sales,Hyderabad,2013-06-05,15.4,76465,48834.0,5
E1907,Diya Gupta,Female,HR,Bengaluru,2015-10-15,11.9,35302,28704.0,4
E1908,Vivaan Singh,Female,IT,Pune,2022-06-27,5.5,86942,13320.0,5
E1909,Rahul Singh,Male,Operations,Mumbai,2019-04-20,16.2,40715,8565.0,3
E1910,Karan Joshi,Female,Finance,Delhi,2022-03-09,3.2,108185,24791.0,4
E1911,Ananya Mehta,Male,HR,Mumbai,2020-05-31,16.1,31564,16658.0,5
E1912,Sneha Yadav,Female,IT,Jaipur,2014-09-06,8.0,167590,20103.0,2
E1913,Priya Verma,Female,Finance,Lucknow,2016-02-20,0.5,56857,34045.0,3
E1914,Aarav Yadav,Female,Marketing,Lucknow,2014-06-16,2.3,132160,36434.0,5
E1915,Aarav Patel,Male,Finance,Bengaluru,2019-01-21,1.5,174705,37021.0,2
E1916,Priya Mehta,Male,Operations,Jaipur,2013-09-23,17.6,169477,25343.0,3
E1917,Priya Patel,Male,Operations,Mumbai,2022-10-15,18.4,32459,43011.0,5
E1918,Neha Gupta,Male,IT,Bengaluru,2021-02-26,10.4,137188,32803.0,2
E1919,Rahul Mehta,Female,Marketing,Mumbai,2019-04-28,13.0,137898,41414.0,3
E1920,Ananya Mehta,Male,Marketing,Delhi,2014-06-12,7.9,150046,29430.0,3
E1921,Aarav Sharma,Male,Sales,Mumbai,2019-11-15,12.9,54012,46210.0,2
E1922,Vivaan Singh,Female,Operations,Pune,2025-03-31,19.1,71268,23012.0,4
E1923,Diya Das,Male,HR,Hyderabad,2021-03-11,6.4,89200,43530.0,3
E1924,Riya Sharma,Male,Marketing,Hyderabad,2012-04-12,6.7,35607,38636.0,3
E1925,Rahul Joshi,Female,Marketing,Lucknow,2019-09-20,15.1,101435,38728.0,5
E1926,Sneha Singh,Female,HR,Hyderabad,2025-01-13,17.8,98218,29883.0,2
E1927,Aditya Yadav,Female,IT,Bengaluru,2017-01-20,4.4,129415,39999.0,3
E1928,Karan Joshi,Male,Operations,Lucknow,2016-04-07,12.4,103355,45765.0,5
E1929,Riya Singh,Female,Sales,Hyderabad,2020-10-19,17.4,44935,27853.0,5
E1930,Rahul Mehta,Female,Marketing,Mumbai,2021-08-18,15.2,135069,28830.0,4
E1931,Amit Kumar,Male,Marketing,Pune,2015-04-21,6.0,117239,37167.0,5
E1932,Karan Yadav,Female,Sales,Delhi,2025-01-15,8.1,112431,17557.0,2
E1933,Amit Gupta,Female,IT,Bengaluru,2019-11-29,16.8,52235,27561.0,2
E1934,Amit Das,Female,HR,Pune,2012-05-28,14.8,51005,48629.0,3
E1935,Diya Kumar,Female,Sales,Jaipur,2014-12-14,6.3,25980,31406.0,3
E1936,Riya Joshi,Female,Operations,Mumbai,2018-12-04,5.9,104965,18609.0,4
E1937,Ananya Gupta,Male,Sales,Lucknow,2017-03-23,18.4,60448,46844.0,5
E1938,Vivaan Yadav,Male,Operations,Hyderabad,2019-12-31,17.5,95952,24869.0,5
E1939,Diya Sharma,Female,Finance,Bengaluru,2014-07-16,8.7,165466,15430.0,4
E1940,Rahul Joshi,Female,Operations,Jaipur,2013-03-03,12.8,74566,33073.0,4
E1941,Vivaan Yadav,Male,Finance,Bengaluru,2021-09-01,15.0,91305,22647.0,3
E1942,Neha Gupta,Male,Sales,Pune,2023-04-15,15.8,141260,23883.0,3
E1943,Priya Singh,Male,HR,Hyderabad,2014-10-02,9.2,48044,11623.0,4
E1944,Riya Patel,Female,Sales,Delhi,2012-08-09,13.1,125499,41808.0,4
E1945,Amit Patel,Male,HR,Pune,2014-07-01,5.8,127127,19655.0,4
E1946,Riya Verma,Male,Sales,Mumbai,2017-08-06,4.6,79232,12048.0,2
E1947,Sneha Mehta,Male,HR,Jaipur,2020-08-12,19.7,54144,37766.0,2
E1948,Riya Joshi,Male,Finance,Jaipur,2024-12-05,12.1,106230,24592.0,3
E1949,Sneha Patel,Female,HR,Delhi,2023-02-11,17.2,107634,30642.0,3
E1950,Aarav Singh,Male,Operations,Hyderabad,2019-11-04,6.0,50554,46963.0,5
E1951,Priya Joshi,Female,Sales,Lucknow,2016-09-07,5.2,49470,9605.0,2
E1952,Amit Sharma,Female,Marketing,Jaipur,2022-03-27,10.8,113865,37848.0,5
E1953,Aarav Das,Female,Sales,Delhi,2021-01-29,13.3,93231,16902.0,3
E1954,Aditya Joshi,Female,Marketing,Mumbai,2014-06-21,12.1,144155,13537.0,4
E1955,Amit Gupta,Male,Sales,Pune,2023-07-12,8.6,109400,44610.0,2
E1956,Rahul Patel,Male,Operations,Jaipur,2021-03-09,15.9,99776,27809.0,4
E1957,Aditya Mehta,Male,HR,Mumbai,2012-06-18,0.1,126242,28759.0,2
E1958,Rahul Singh,Female,HR,Delhi,2019-11-17,7.3,161142,8308.0,4
E1959,Amit Mehta,Male,Operations,Delhi,2014-09-12,16.6,146128,43789.0,3
E1960,Ananya Joshi,Male,Sales,Lucknow,2025-03-22,16.9,100332,41866.0,3
E1961,Diya Mehta,Female,IT,Pune,2015-06-21,0.7,52469,,3
E1962,Sneha Mehta,Male,Operations,Jaipur,2018-12-05,10.8,138101,42506.0,3
E1963,Neha Gupta,Female,Sales,Jaipur,2021-06-10,9.2,72927,23758.0,4
E1964,Riya Sharma,Female,HR,Pune,2013-01-10,0.8,158378,30912.0,5
E1965,Diya Singh,Female,IT,Mumbai,2012-08-19,6.6,95876,26634.0,4
E1966,Neha Sharma,Male,Operations,Delhi,2019-08-15,3.9,91788,15861.0,2
E1967,Sneha Sharma,Male,Finance,Bengaluru,2012-06-14,7.8,28255,,3
E1968,Ananya Singh,Female,Operations,Lucknow,2017-05-13,16.0,121370,34694.0,3
E1969,Neha Kumar,Female,HR,Lucknow,2016-01-31,13.2,113499,26557.0,5
E1970,Aarav Mehta,Female,Finance,Pune,2024-06-20,15.1,169357,25885.0,5
E1971,Diya Yadav,Female,IT,Mumbai,2021-08-09,0.4,69221,45754.0,4
E1972,Vivaan Patel,Male,Marketing,Jaipur,2023-01-17,3.4,138007,5438.0,3
E1973,Riya Mehta,Male,HR,Delhi,2024-07-04,5.6,149783,31848.0,5
E1974,Diya Gupta,Male,HR,Lucknow,2019-04-09,10.3,40277,10664.0,2
E1975,Neha Singh,Female,Operations,Lucknow,2021-05-28,11.4,131011,18085.0,4
E1976,Ananya Gupta,Male,Operations,Delhi,2014-02-11,11.2,124610,23056.0,5
E1977,Sneha Gupta,Male,Operations,Jaipur,2021-06-24,3.9,61075,15735.0,3
E1978,Aditya Patel,Female,Finance,Delhi,2013-09-15,12.9,63144,16851.0,2
E1979,Riya Mehta,Female,Sales,Lucknow,2024-02-20,16.9,150792,33360.0,2
E1980,Neha Yadav,Male,Operations,Delhi,2018-12-18,4.6,67162,29591.0,2
E1981,Riya Singh,Male,Operations,Delhi,2020-04-01,3.2,138735,40783.0,3
E1982,Ananya Mehta,Male,Finance,Mumbai,2017-03-09,19.0,37858,49291.0,2
E1983,Rahul Sharma,Male,Operations,Pune,2017-08-31,8.0,27315,39293.0,4
E1984,Priya Sharma,Male,IT,Mumbai,2023-06-27,20.0,173346,48338.0,2
E1985,Rahul Sharma,Female,Marketing,Bengaluru,2018-12-10,8.6,160875,38615.0,3
E1986,Vivaan Sharma,Female,Marketing,Pune,2012-05-05,19.5,35892,39747.0,2
E1987,Priya Verma,Male,Operations,Lucknow,2018-08-31,5.2,102098,39466.0,2
E1988,Priya Sharma,Male,IT,Jaipur,2024-02-12,2.8,142861,38285.0,4
E1989,Aditya Joshi,Female,HR,Hyderabad,2023-11-18,9.4,135334,44876.0,4
E1990,Amit Kumar,Male,Operations,Lucknow,2014-10-26,4.0,74781,16846.0,2
E1991,Priya Patel,Male,HR,Delhi,2023-08-23,9.6,104035,14434.0,5
E1992,Amit Joshi,Female,Sales,Lucknow,2022-10-20,14.5,154910,19803.0,5
E1993,Karan Yadav,Female,Marketing,Mumbai,2020-07-01,9.2,32694,37966.0,3
E1994,Aarav Mehta,Male,Marketing,Delhi,2016-10-24,17.1,66789,47080.0,2
E1995,Aarav Verma,Female,Operations,Hyderabad,2017-08-01,12.7,175728,29230.0,2
E1996,Aarav Das,Female,Marketing,Bengaluru,2016-01-11,18.2,157411,43060.0,5
E1997,Ananya Joshi,Female,Finance,Hyderabad,2025-06-04,14.0,49721,29936.0,2
E1998,Diya Sharma,Female,Sales,Pune,2016-01-03,8.8,60242,11235.0,3
E1999,Karan Singh,Female,Finance,Lucknow,2024-09-04,20.0,141655,6844.0,3
E2000,Ananya Mehta,Female,Sales,Bengaluru,2023-05-11,6.1,176236,5132.0,5
E2001,Sneha Mehta,Female,Marketing,Jaipur,2016-04-21,7.1,113190,43670.0,2
E2002,Diya Das,Male,Operations,Pune,2013-03-06,1.1,165358,7934.0,4
E2003,Karan Singh,Female,HR,Mumbai,2012-09-14,5.4,104612,33334.0,5
E2004,Rahul Das,Female,IT,Pune,2017-11-20,17.2,97601,48337.0,5
E2005,Priya Joshi,Male,Finance,Delhi,2022-03-22,13.6,140002,32242.0,5
E2006,Rahul Singh,Male,Finance,Pune,2013-11-12,15.1,70239,13474.0,5
E2007,Rahul Singh,Female,Marketing,Lucknow,2014-01-30,15.9,90101,26984.0,5
E2008,Diya Singh,Female,Marketing,Bengaluru,2021-05-29,17.8,96492,6041.0,2
E2009,Rahul Gupta,Male,Operations,Bengaluru,2017-07-09,11.0,175298,31375.0,3
E2010,Ananya Yadav,Female,Finance,Bengaluru,2024-10-23,17.0,94207,33089.0,4
E2011,Sneha Verma,Male,Finance,Hyderabad,2018-12-31,15.1,63503,29478.0,5
E2012,Amit Joshi,Female,Operations,Jaipur,2017-12-21,6.6,89153,37716.0,5
E2013,Sneha Singh,Female,Operations,Delhi,2021-01-07,3.4,67006,21379.0,3
E2014,Rahul Verma,Male,IT,Jaipur,2022-05-04,19.2,53075,,3
E2015,Ananya Yadav,Male,HR,Hyderabad,2013-02-13,8.8,95855,44271.0,3
E2016,Neha Singh,Female,Sales,Pune,2020-02-23,9.2,168301,29460.0,4
E2017,Ananya Joshi,Male,Finance,Delhi,2024-05-10,4.6,131324,35234.0,5
E2018,Priya Das,Female,Marketing,Jaipur,2019-04-25,4.9,66046,30391.0,2
E2019,Riya Yadav,Male,HR,Lucknow,2017-03-19,19.7,160566,39999.0,5
E2020,Ananya Joshi,Female,Operations,Pune,2020-08-10,7.7,58340,46457.0,2
E2021,Rahul Singh,Male,Sales,Pune,2018-05-30,11.7,172046,13628.0,5
E2022,Amit Verma,Female,Sales,Pune,2016-08-17,2.2,151416,9515.0,3
E2023,Aarav Patel,Female,Finance,Mumbai,2014-12-15,6.4,53920,37361.0,4
E2024,Neha Singh,Female,IT,Bengaluru,2017-11-24,16.8,179357,33429.0,2
E2025,Sneha Yadav,Male,Sales,Mumbai,2023-05-27,7.7,64443,32929.0,5
E2026,Riya Yadav,Female,Marketing,Bengaluru,2024-03-07,19.8,128339,10959.0,2
E2027,Sneha Joshi,Male,HR,Bengaluru,2016-06-22,5.2,81600,30465.0,4
E2028,Aarav Joshi,Male,HR,Jaipur,2016-05-21,6.0,101885,40124.0,3
E2029,Ananya Mehta,Female,Finance,Delhi,2022-07-09,14.0,167297,39554.0,4
E2030,Aditya Singh,Male,Marketing,Delhi,2023-09-07,5.2,147117,39965.0,2
E2031,Aarav Joshi,Male,HR,Lucknow,2018-05-30,2.0,112037,29334.0,5
E2032,Aditya Patel,Male,Marketing,Pune,2025-07-05,14.6,58570,9531.0,3
E2033,Sneha Joshi,Male,Marketing,Pune,2018-06-11,11.1,179333,28525.0,2
E2034,Aditya Verma,Female,IT,Jaipur,2016-08-04,10.5,136840,46548.0,3
E2035,Sneha Verma,Female,Sales,Pune,2018-11-20,4.1,127931,47698.0,2
E2036,Ananya Patel,Male,Finance,Pune,2017-11-06,8.1,71501,14343.0,5
E2037,Riya Sharma,Female,Marketing,Pune,2017-02-01,14.1,105441,19473.0,3
E2038,Rahul Patel,Male,Sales,Delhi,2022-04-19,16.7,91048,23438.0,4
E2039,Karan Singh,Female,IT,Lucknow,2019-05-02,7.0,147783,6490.0,4
E2040,Riya Singh,Female,Sales,Bengaluru,2018-06-06,20.0,72554,13698.0,4
E2041,Karan Patel,Male,IT,Mumbai,2019-09-05,2.4,27315,30632.0,5
E2042,Aditya Yadav,Female,Operations,Jaipur,2024-06-28,12.1,80884,24357.0,2
E2043,Riya Kumar,Male,HR,Delhi,2019-01-24,1.1,34603,48480.0,2
E2044,Sneha Kumar,Male,Operations,Delhi,2021-03-09,6.3,35160,21572.0,5
E2045,Aditya Mehta,Male,HR,Mumbai,2021-06-22,8.8,64440,49609.0,2
E2046,Riya Gupta,Female,HR,Delhi,2014-12-24,10.4,157750,25149.0,2
E2047,Riya Gupta,Female,Marketing,Pune,2016-01-19,1.7,83492,37666.0,3
E2048,Riya Kumar,Male,IT,Mumbai,2017-03-01,10.9,172834,10437.0,2
E2049,Aarav Gupta,Female,Operations,Lucknow,2014-11-19,19.4,32731,25557.0,5
E2050,Amit Sharma,Male,IT,Jaipur,2017-01-23,19.2,179485,10158.0,2
E2051,Aarav Sharma,Female,Marketing,Lucknow,2016-05-20,1.7,137071,34380.0,4
E2052,Amit Gupta,Female,Marketing,Jaipur,2015-08-05,3.8,69634,12092.0,2
E2053,Amit Sharma,Female,IT,Delhi,2013-12-07,14.0,93773,13967.0,3
E2054,Aarav Gupta,Male,Marketing,Delhi,2014-11-22,12.9,52002,27524.0,3
E2055,Rahul Joshi,Female,Finance,Pune,2021-02-15,12.0,78594,23174.0,5
E2056,Vivaan Gupta,Female,IT,Mumbai,2022-07-27,2.6,105531,8876.0,2
E2057,Diya Yadav,Male,HR,Lucknow,2024-08-04,8.0,86910,14448.0,4
E2058,Diya Yadav,Female,Marketing,Hyderabad,2022-06-04,3.0,56672,36832.0,5
E2059,Neha Singh,Female,IT,Hyderabad,2020-09-21,14.2,77610,21667.0,4
E2060,Diya Kumar,Female,IT,Jaipur,2016-09-09,1.0,118468,12883.0,2
E2061,Amit Mehta,Female,IT,Hyderabad,2013-08-17,8.4,35025,6300.0,4
E2062,Sneha Joshi,Male,Operations,Delhi,2021-01-24,19.3,46126,40294.0,2
E2063,Aarav Mehta,Female,IT,Mumbai,2015-05-18,17.4,35953,25861.0,3
E2064,Karan Gupta,Female,HR,Bengaluru,2012-12-07,9.2,30300,35280.0,5
E2065,Rahul Yadav,Female,Operations,Delhi,2021-11-22,16.6,107697,20847.0,5
E2066,Rahul Joshi,Female,Finance,Bengaluru,2017-03-03,4.4,134069,28576.0,2
E2067,Aditya Sharma,Female,Marketing,Hyderabad,2023-10-03,6.3,157805,33628.0,3
E2068,Diya Patel,Female,Marketing,Hyderabad,2013-03-03,4.0,86958,34979.0,5
E2069,Karan Singh,Female,IT,Bengaluru,2023-05-12,12.3,91189,21726.0,2
E2070,Amit Verma,Female,Finance,Pune,2022-03-28,19.3,39197,30602.0,3
E2071,Priya Singh,Male,Finance,Lucknow,2017-03-10,9.1,108545,23254.0,2
E2072,Sneha Sharma,Female,Operations,Mumbai,2023-11-11,11.0,101267,5462.0,3
E2073,Sneha Joshi,Female,Sales,Delhi,2020-01-18,9.2,167740,36007.0,4
E2074,Aarav Das,Female,Sales,Bengaluru,2021-02-03,11.3,170438,36778.0,5
E2075,Diya Gupta,Female,Finance,Jaipur,2012-07-02,9.3,88420,48772.0,3
E2076,Sneha Mehta,Female,IT,Pune,2018-04-02,19.9,34206,13232.0,2
E2077,Amit Das,Female,Finance,Bengaluru,2017-12-07,10.2,30809,30682.0,3
E2078,Karan Gupta,Male,IT,Lucknow,2018-12-08,9.0,153634,11384.0,5
E2079,Aditya Das,Male,Finance,Mumbai,2012-12-27,1.7,136110,30997.0,3
E2080,Riya Mehta,Male,Operations,Bengaluru,2020-02-26,18.1,164508,19454.0,3
E2081,Ananya Sharma,Male,Sales,Jaipur,2019-11-30,19.3,44455,45483.0,5
E2082,Sneha Kumar,Female,Sales,Hyderabad,2012-10-04,19.0,155203,8040.0,5
E2083,Diya Sharma,Female,IT,Delhi,2024-10-07,9.8,161323,41461.0,5
E2084,Aarav Sharma,Female,Sales,Mumbai,2016-09-04,9.2,92660,6040.0,5
E2085,Amit Kumar,Female,Marketing,Bengaluru,2017-04-28,13.2,54679,18998.0,2
E2086,Sneha Kumar,Male,HR,Pune,2017-09-23,16.5,149176,25276.0,2
E2087,Aditya Yadav,Male,IT,Lucknow,2020-08-24,8.3,75606,41774.0,2
E2088,Karan Sharma,Female,Operations,Pune,2014-06-07,13.3,168120,30400.0,2
E2089,Diya Kumar,Female,Marketing,Delhi,2014-01-06,10.9,101438,17609.0,4
E2090,Aarav Singh,Female,Operations,Pune,2015-05-05,13.4,130821,18033.0,2
E2091,Rahul Kumar,Female,Finance,Jaipur,2014-05-11,18.5,83535,47784.0,2
E2092,Diya Mehta,Female,Operations,Pune,2018-02-15,2.8,142635,5429.0,5
E2093,Sneha Sharma,Male,HR,Hyderabad,2021-03-30,12.4,81221,25962.0,3
E2094,Aditya Yadav,Male,Marketing,Lucknow,2016-04-16,14.4,51217,34501.0,3
E2095,Riya Kumar,Female,IT,Pune,2013-10-30,18.4,175927,22286.0,5
E2096,Aditya Patel,Female,Finance,Jaipur,2019-08-17,4.4,40495,38222.0,3
E2097,Ananya Sharma,Male,Operations,Hyderabad,2025-07-07,12.6,158808,15749.0,2
E2098,Rahul Das,Male,Finance,Hyderabad,2019-11-15,5.3,114037,46918.0,2
E2099,Priya Patel,Female,Finance,Jaipur,2022-11-01,13.2,49516,15738.0,4
E2100,Vivaan Gupta,Male,Finance,Pune,2017-10-07,8.9,79704,48786.0,4
E2101,Sneha Kumar,Female,Sales,Delhi,2018-09-06,15.5,169404,39876.0,4
E2102,Neha Singh,Female,IT,Mumbai,2022-12-12,12.3,125042,5288.0,3
E2103,Priya Kumar,Male,Finance,Delhi,2019-11-06,15.8,73276,14235.0,2
E2104,Aditya Sharma,Male,Operations,Hyderabad,2024-12-16,5.6,106905,10373.0,4
E2105,Vivaan Kumar,Male,HR,Jaipur,2025-01-26,7.2,103941,7185.0,4
E2106,Diya Kumar,Female,Marketing,Hyderabad,2025-06-13,9.6,109715,26521.0,2
E2107,Rahul Sharma,Female,HR,Hyderabad,2023-05-20,19.3,35753,6445.0,2
E2108,Vivaan Kumar,Female,HR,Lucknow,2018-12-23,2.6,50967,37243.0,3
E2109,Sneha Kumar,Female,Operations,Jaipur,2015-03-17,13.7,70773,30367.0,5
E2110,Vivaan Das,Female,Finance,Hyderabad,2021-05-05,5.4,166214,30868.0,5
E2111,Rahul Das,Male,IT,Delhi,2025-04-26,1.3,102862,44729.0,2
E2112,Riya Patel,Female,Finance,Jaipur,2016-09-27,7.0,80361,16809.0,4
E2113,Neha Verma,Male,IT,Jaipur,2016-09-23,0.5,132473,35003.0,2
E2114,Vivaan Patel,Male,Sales,Hyderabad,2013-03-26,0.8,72411,46167.0,2
E2115,Ananya Yadav,Male,IT,Mumbai,2021-09-03,18.0,140507,9534.0,3
E2116,Aarav Das,Male,IT,Delhi,2015-05-26,17.9,53466,14527.0,3
E2117,Riya Verma,Female,HR,Hyderabad,2013-02-26,14.4,128719,20932.0,3
E2118,Diya Singh,Female,Marketing,Jaipur,2015-03-10,2.4,175869,43509.0,3
E2119,Ananya Mehta,Female,IT,Hyderabad,2024-11-22,0.4,101286,48589.0,4
E2120,Neha Verma,Female,Sales,Lucknow,2015-12-21,14.6,177438,6680.0,3
E2121,Sneha Kumar,Female,IT,Pune,2013-03-14,10.6,99093,40784.0,2
E2122,Riya Kumar,Male,IT,Delhi,2020-02-03,16.1,29072,12499.0,5
E2123,Vivaan Das,Female,Sales,Bengaluru,2025-08-03,17.7,164455,29642.0,5
E2124,Sneha Yadav,Female,IT,Mumbai,2015-03-29,0.7,112406,22536.0,3
E2125,Vivaan Gupta,Male,HR,Pune,2019-07-29,9.0,124403,47024.0,2
E2126,Amit Mehta,Male,HR,Pune,2014-09-01,5.3,65631,46628.0,3
E2127,Diya Yadav,Male,IT,Hyderabad,2014-06-18,19.2,42860,43920.0,4
E2128,Karan Sharma,Male,Marketing,Mumbai,2020-12-31,0.0,65073,33376.0,2
E2129,Rahul Yadav,Male,IT,Lucknow,2022-12-12,15.8,76529,16881.0,2
E2130,Diya Singh,Male,Marketing,Bengaluru,2020-10-29,17.6,111241,32978.0,4
E2131,Vivaan Patel,Male,Operations,Lucknow,2020-02-21,6.6,130356,24261.0,2
E2132,Aarav Gupta,Male,Marketing,Pune,2019-02-14,19.8,81492,46728.0,2
E2133,Diya Gupta,Male,HR,Pune,2020-12-23,12.5,26859,24635.0,2
E2134,Vivaan Mehta,Male,Operations,Jaipur,2012-04-05,3.4,43242,18068.0,2
E2135,Karan Sharma,Male,Marketing,Mumbai,2020-11-07,5.0,158697,36046.0,3
E2136,Vivaan Singh,Female,HR,Jaipur,2024-03-26,10.0,132557,33857.0,5
E2137,Riya Das,Female,IT,Jaipur,2017-04-18,1.5,130020,23292.0,3
E2138,Neha Kumar,Male,IT,Hyderabad,2013-05-26,6.9,68631,37455.0,3
E2139,Diya Gupta,Male,Marketing,Mumbai,2018-11-25,6.6,67537,13442.0,3
E2140,Rahul Yadav,Female,Operations,Jaipur,2014-11-01,4.4,70079,5693.0,4
E2141,Rahul Kumar,Male,Marketing,Pune,2013-05-16,7.6,57324,24273.0,4
E2142,Priya Mehta,Male,Finance,Hyderabad,2022-05-08,7.6,117529,6750.0,5
E2143,Neha Singh,Female,HR,Lucknow,2025-07-20,2.3,41459,48653.0,5
E2144,Neha Verma,Female,Sales,Pune,2017-10-17,14.9,82557,,4
E2145,Neha Mehta,Male,Sales,Bengaluru,2018-02-03,5.9,34850,42797.0,2
E2146,Riya Gupta,Female,HR,Lucknow,2023-01-22,0.5,51082,47338.0,3
E2147,Riya Verma,Male,Marketing,Mumbai,2024-06-07,0.1,93068,41294.0,5
E2148,Aditya Kumar,Female,Operations,Bengaluru,2016-11-08,1.0,42281,25833.0,5
E2149,Neha Mehta,Male,Sales,Hyderabad,2012-04-26,8.2,122643,21133.0,4
E2150,Rahul Verma,Male,Finance,Hyderabad,2024-08-17,0.6,158282,16654.0,5
E2151,Amit Verma,Female,HR,Bengaluru,2016-10-21,13.5,53375,46170.0,5
E2152,Diya Das,Male,Operations,Hyderabad,2021-02-19,16.3,42985,42094.0,2
E2153,Aarav Joshi,Male,IT,Hyderabad,2021-11-26,7.6,92179,28980.0,3
E2154,Karan Sharma,Female,Marketing,Mumbai,2017-06-24,2.2,176050,45534.0,2
E2155,Diya Patel,Female,Finance,Hyderabad,2024-07-27,10.9,55621,28843.0,5
E2156,Neha Kumar,Female,HR,Jaipur,2023-08-13,5.5,117802,9103.0,3
E2157,Amit Das,Male,Operations,Jaipur,2022-06-14,12.3,106366,35439.0,2
E2158,Diya Kumar,Female,Sales,Delhi,2017-09-03,12.0,136715,9263.0,4
E2159,Vivaan Singh,Male,Operations,Jaipur,2014-10-27,16.0,172068,39246.0,3
E2160,Amit Yadav,Female,Marketing,Hyderabad,2022-02-22,2.4,113577,41309.0,3
E2161,Riya Gupta,Male,HR,Mumbai,2023-05-05,8.0,91650,16351.0,3
E2162,Karan Verma,Female,HR,Hyderabad,2012-03-29,1.5,37442,25910.0,2
E2163,Sneha Mehta,Female,HR,Mumbai,2021-05-09,15.5,128720,33822.0,2
E2164,Aditya Verma,Female,HR,Mumbai,2024-01-20,10.1,179317,46174.0,5
E2165,Aarav Yadav,Male,Operations,Lucknow,2016-11-04,14.5,25655,49151.0,3
E2166,Vivaan Sharma,Male,Sales,Lucknow,2017-01-24,3.2,105481,34370.0,2
E2167,Aarav Singh,Female,Sales,Bengaluru,2023-03-12,7.3,53609,28605.0,3
E2168,Aditya Patel,Female,Operations,Hyderabad,2024-08-07,3.6,132597,42099.0,5
E2169,Karan Patel,Male,Sales,Pune,2024-12-09,17.5,114406,20748.0,4
E2170,Rahul Sharma,Male,HR,Jaipur,2020-01-19,10.1,134945,30804.0,3
E2171,Aarav Verma,Female,Finance,Hyderabad,2023-09-28,14.9,51185,22155.0,4
E2172,Diya Patel,Male,IT,Pune,2012-06-24,10.2,29238,,5
E2173,Diya Yadav,Female,Finance,Delhi,2020-08-18,3.0,138679,,3
E2174,Rahul Verma,Female,HR,Delhi,2022-01-23,12.5,43675,47922.0,2
E2175,Aditya Yadav,Male,Marketing,Hyderabad,2020-03-01,14.8,82720,30935.0,2
E2176,Ananya Das,Male,Operations,Hyderabad,2020-10-18,12.2,73222,20882.0,5
E2177,Karan Kumar,Female,HR,Lucknow,2023-03-19,4.4,47981,38621.0,5
E2178,Riya Joshi,Female,Operations,Jaipur,2020-12-04,15.7,116333,18029.0,2
E2179,Riya Kumar,Female,Marketing,Jaipur,2012-04-25,1.7,79074,19768.0,2
E2180,Sneha Patel,Female,Operations,Hyderabad,2014-09-05,17.0,69652,36266.0,5
E2181,Sneha Joshi,Female,Marketing,Jaipur,2014-02-03,3.3,153831,21864.0,2
E2182,Diya Sharma,Female,IT,Delhi,2022-07-29,0.2,38476,9800.0,3
E2183,Aditya Yadav,Female,Sales,Mumbai,2016-10-13,6.9,126122,13903.0,2
E2184,Priya Verma,Male,HR,Jaipur,2024-01-23,7.2,54737,47921.0,2
E2185,Priya Das,Female,IT,Jaipur,2015-06-12,16.7,65132,10510.0,2
E2186,Aditya Yadav,Female,Marketing,Hyderabad,2015-12-11,16.5,177823,34292.0,4
E2187,Aditya Singh,Male,Finance,Lucknow,2024-03-03,15.7,139106,29217.0,4
E2188,Sneha Singh,Male,Operations,Mumbai,2013-06-15,1.4,115863,39012.0,3
E2189,Aditya Mehta,Female,HR,Pune,2014-04-08,1.8,124248,6740.0,4
E2190,Priya Joshi,Female,Finance,Mumbai,2016-07-14,13.8,134642,16951.0,5
E2191,Riya Kumar,Male,IT,Delhi,2025-08-18,1.5,94135,44702.0,2
E2192,Aditya Joshi,Female,HR,Mumbai,2020-01-01,18.9,32910,8868.0,2
E2193,Riya Joshi,Male,Operations,Mumbai,2016-11-25,0.6,138117,28425.0,2
E2194,Neha Das,Male,Sales,Hyderabad,2025-07-15,5.7,116459,35191.0,3
E2195,Vivaan Mehta,Male,Finance,Mumbai,2015-10-09,0.2,101022,36827.0,4
E2196,Karan Kumar,Male,Operations,Mumbai,2013-12-11,14.5,120505,30585.0,2
E2197,Diya Patel,Female,IT,Bengaluru,2017-01-18,10.0,106035,27345.0,5
E2198,Ananya Patel,Female,Finance,Jaipur,2012-11-17,6.3,69262,44818.0,3
E2199,Aditya Sharma,Female,IT,Pune,2012-03-07,11.9,31096,40989.0,4
E2200,Amit Sharma,Male,Finance,Hyderabad,2023-10-05,1.9,127172,47130.0,5
E2201,Vivaan Gupta,Female,Operations,Lucknow,2015-05-31,16.7,174728,46345.0,4
E2202,Aditya Das,Male,Marketing,Delhi,2023-11-14,18.5,77238,28451.0,4
E2203,Aarav Singh,Female,Operations,Bengaluru,2014-09-09,7.2,76147,47289.0,4
E2204,Amit Gupta,Female,Marketing,Hyderabad,2024-06-08,8.5,73281,23400.0,3
E2205,Amit Sharma,Male,Sales,Jaipur,2018-01-05,16.3,176652,11750.0,4
E2206,Aarav Mehta,Male,Sales,Lucknow,2021-07-15,18.3,166509,46784.0,3
E2207,Ananya Joshi,Male,Marketing,Jaipur,2020-07-13,9.9,89835,19298.0,5
E2208,Priya Joshi,Male,Marketing,Jaipur,2012-09-25,2.5,59552,20534.0,3
E2209,Aditya Yadav,Female,HR,Hyderabad,2018-10-10,0.2,133429,10935.0,2
E2210,Sneha Verma,Female,Marketing,Hyderabad,2024-04-20,13.9,159838,14001.0,3
E2211,Riya Singh,Male,Marketing,Pune,2023-10-06,11.7,160641,47643.0,4
E2212,Aarav Sharma,Male,Sales,Delhi,2018-04-09,15.6,177823,31475.0,5
E2213,Priya Joshi,Female,Finance,Hyderabad,2013-12-11,12.1,178491,19590.0,5
E2214,Rahul Yadav,Female,Finance,Jaipur,2023-07-14,19.8,174630,22583.0,5
E2215,Priya Sharma,Female,Finance,Lucknow,2021-02-20,1.8,54350,46440.0,5
E2216,Ananya Mehta,Male,Operations,Bengaluru,2022-03-30,2.2,58865,13901.0,4
E2217,Aditya Verma,Female,Marketing,Lucknow,2021-07-29,6.3,28263,45825.0,2
E2218,Aditya Verma,Female,Marketing,Lucknow,2020-11-07,14.6,87095,27205.0,3
E2219,Riya Mehta,Female,HR,Lucknow,2020-08-13,15.3,79322,7647.0,2
E2220,Neha Singh,Female,IT,Pune,2020-02-21,6.7,168412,5394.0,2
E2221,Sneha Mehta,Male,Marketing,Bengaluru,2025-06-03,7.3,102660,40949.0,5
E2222,Karan Gupta,Female,Sales,Lucknow,2012-12-03,16.1,79673,44912.0,3
E2223,Karan Kumar,Male,Sales,Bengaluru,2025-06-29,12.4,150907,38076.0,4
E2224,Rahul Verma,Female,Marketing,Pune,2019-06-06,18.7,49735,26893.0,3
E2225,Vivaan Singh,Female,IT,Hyderabad,2016-09-22,1.9,72923,22623.0,4
E2226,Vivaan Patel,Female,Sales,Pune,2012-04-09,11.6,70086,11261.0,4
E2227,Diya Yadav,Male,Finance,Pune,2016-02-26,1.0,161032,13656.0,5
E2228,Diya Gupta,Male,Marketing,Lucknow,2015-01-23,17.5,58262,29909.0,3
E2229,Karan Yadav,Female,Sales,Jaipur,2025-01-13,13.1,172199,17880.0,2
E2230,Aditya Yadav,Male,HR,Bengaluru,2023-09-26,5.9,70271,17175.0,3
E2231,Neha Patel,Female,Finance,Mumbai,2012-02-04,5.4,93553,19969.0,3
E2232,Rahul Kumar,Male,HR,Hyderabad,2018-11-18,15.6,107837,14971.0,3
E2233,Priya Patel,Male,Marketing,Mumbai,2023-08-03,15.5,35496,18883.0,4
E2234,Riya Sharma,Female,Finance,Delhi,2023-02-20,16.5,62488,29755.0,5
E2235,Riya Kumar,Male,Finance,Delhi,2017-08-02,6.3,95043,6961.0,2
E2236,Vivaan Verma,Male,Marketing,Bengaluru,2023-11-06,7.7,64070,29426.0,4
E2237,Riya Joshi,Female,Operations,Bengaluru,2023-08-03,10.1,133973,44554.0,5
E2238,Vivaan Sharma,Male,HR,Bengaluru,2019-05-18,0.1,106989,28806.0,5
E2239,Diya Joshi,Female,Sales,Bengaluru,2014-01-02,3.5,73834,21243.0,3
E2240,Amit Yadav,Female,HR,Delhi,2018-11-21,12.5,55336,6201.0,4
E2241,Amit Das,Male,Finance,Pune,2014-11-10,4.8,158031,38090.0,5
E2242,Rahul Das,Female,Sales,Bengaluru,2018-06-14,6.6,56300,39927.0,3
E2243,Amit Kumar,Female,Finance,Jaipur,2014-08-12,2.0,68442,41327.0,5
E2244,Karan Verma,Female,Marketing,Hyderabad,2021-10-01,12.2,97625,31825.0,4
E2245,Karan Patel,Female,Operations,Pune,2013-06-30,1.6,172660,39864.0,2
E2246,Vivaan Yadav,Female,Marketing,Hyderabad,2019-02-05,2.8,87572,38170.0,2
E2247,Ananya Sharma,Male,Sales,Jaipur,2015-02-02,1.3,114259,12368.0,4
E2248,Aditya Mehta,Female,Operations,Hyderabad,2022-12-24,3.5,70701,44374.0,3
E2249,Priya Joshi,Female,IT,Mumbai,2025-06-04,19.4,107660,18301.0,4
E2250,Amit Yadav,Male,Finance,Delhi,2022-06-02,10.9,163276,28514.0,4
E2251,Priya Joshi,Female,Sales,Bengaluru,2015-08-20,4.3,98488,37172.0,2
E2252,Ananya Yadav,Male,HR,Mumbai,2020-09-29,13.3,176426,47775.0,4
E2253,Amit Kumar,Male,Finance,Hyderabad,2018-06-15,1.0,43511,23187.0,5
E2254,Karan Patel,Male,Operations,Lucknow,2019-02-12,2.4,38941,24950.0,3
E2255,Aditya Das,Male,HR,Delhi,2024-07-09,14.5,147024,22911.0,3
E2256,Priya Yadav,Female,Operations,Lucknow,2021-07-03,9.3,144966,24827.0,3
E2257,Ananya Verma,Female,IT,Lucknow,2023-05-22,2.5,97006,30574.0,4
E2258,Aarav Verma,Female,HR,Bengaluru,2023-04-12,6.1,115389,43483.0,5
E2259,Ananya Das,Male,IT,Bengaluru,2017-07-09,11.6,131415,16212.0,4
E2260,Karan Joshi,Male,Operations,Pune,2022-01-01,15.1,99156,49508.0,4
E2261,Neha Sharma,Male,HR,Bengaluru,2017-06-06,16.9,176800,33671.0,2
E2262,Sneha Gupta,Female,Finance,Pune,2025-04-20,13.7,45836,37196.0,4
E2263,Rahul Mehta,Female,Finance,Delhi,2019-10-04,6.4,87216,8534.0,3
E2264,Vivaan Verma,Female,IT,Pune,2020-02-11,5.8,143653,46352.0,2
E2265,Vivaan Joshi,Male,HR,Pune,2016-12-08,10.3,151159,26296.0,2
E2266,Aditya Kumar,Female,Sales,Bengaluru,2016-11-02,18.5,102381,43587.0,2
E2267,Aarav Mehta,Female,HR,Pune,2023-09-11,17.0,127732,13414.0,2
E2268,Vivaan Joshi,Female,Sales,Bengaluru,2012-10-28,0.3,137457,49478.0,2
E2269,Diya Das,Male,Operations,Lucknow,2019-08-07,9.2,171377,40467.0,5
E2270,Karan Kumar,Female,Operations,Delhi,2014-04-03,10.8,86311,25387.0,2
E2271,Rahul Mehta,Female,Sales,Jaipur,2018-07-30,3.7,145372,19620.0,5
E2272,Priya Mehta,Male,IT,Hyderabad,2013-01-07,5.2,137630,25990.0,5
E2273,Sneha Sharma,Male,Finance,Pune,2017-11-08,7.4,94366,10913.0,5
E2274,Aarav Kumar,Male,HR,Jaipur,2020-06-23,18.2,121127,47069.0,3
E2275,Vivaan Mehta,Female,Finance,Pune,2023-12-10,13.1,133463,6365.0,5
E2276,Riya Gupta,Female,Operations,Lucknow,2022-03-02,12.3,124394,6110.0,4
E2277,Sneha Das,Female,Sales,Mumbai,2023-07-24,14.4,83153,26887.0,5
E2278,Neha Singh,Male,Marketing,Jaipur,2024-07-10,7.7,155136,24008.0,2
E2279,Vivaan Kumar,Male,Marketing,Delhi,2024-03-03,6.4,30359,37653.0,2
E2280,Amit Patel,Male,Operations,Delhi,2016-06-08,2.2,152856,45481.0,2
E2281,Ananya Kumar,Female,IT,Delhi,2016-02-28,10.3,51184,23030.0,2
E2282,Aditya Das,Male,Marketing,Jaipur,2022-08-04,1.3,65670,42661.0,2
E2283,Priya Mehta,Female,Finance,Lucknow,2018-05-02,9.3,56094,39155.0,4
E2284,Sneha Joshi,Male,HR,Mumbai,2020-10-26,1.0,68150,46404.0,5
E2285,Priya Kumar,Male,IT,Hyderabad,2024-07-30,1.1,105626,46434.0,4
E2286,Riya Kumar,Female,HR,Bengaluru,2023-10-10,17.6,148731,46735.0,4
E2287,Sneha Patel,Male,Finance,Jaipur,2012-01-19,5.3,175209,37570.0,5
E2288,Rahul Joshi,Female,Finance,Pune,2021-12-20,19.3,140708,19549.0,3
E2289,Aditya Das,Female,Marketing,Jaipur,2020-11-21,7.9,154153,30513.0,5
E2290,Karan Singh,Male,Marketing,Mumbai,2023-03-31,2.3,77536,29092.0,2
E2291,Neha Yadav,Male,IT,Hyderabad,2012-06-20,8.6,96475,20616.0,5
E2292,Diya Singh,Female,HR,Mumbai,2017-09-29,0.1,176624,42198.0,5
E2293,Diya Kumar,Female,Marketing,Lucknow,2023-11-16,0.6,113947,40898.0,5
E2294,Aarav Joshi,Male,HR,Hyderabad,2020-07-12,11.1,82518,9801.0,2
E2295,Sneha Sharma,Male,Operations,Bengaluru,2020-09-24,17.1,89457,43422.0,5
E2296,Neha Das,Female,Finance,Hyderabad,2020-02-28,4.9,95042,21157.0,5
E2297,Karan Verma,Male,Operations,Lucknow,2023-11-27,3.9,49949,18646.0,3
E2298,Diya Verma,Male,HR,Delhi,2018-03-23,12.8,171724,28458.0,3
E2299,Karan Patel,Female,HR,Hyderabad,2016-04-26,4.7,51488,9811.0,2
E2300,Rahul Patel,Female,IT,Pune,2023-06-19,6.2,48661,13060.0,2
E2301,Amit Mehta,Female,Marketing,Hyderabad,2014-01-30,0.0,94227,40181.0,2
E2302,Sneha Kumar,Female,IT,Mumbai,2014-01-09,10.3,141312,32192.0,2
E2303,Vivaan Kumar,Male,IT,Mumbai,2015-07-20,3.8,120017,8033.0,3
E2304,Riya Joshi,Female,HR,Delhi,2020-11-15,14.4,113772,36337.0,5
E2305,Ananya Sharma,Female,Operations,Lucknow,2017-11-07,4.1,153817,25932.0,3
E2306,Priya Das,Male,Sales,Hyderabad,2018-02-05,10.4,151069,8916.0,4
E2307,Karan Yadav,Male,IT,Pune,2022-07-26,19.5,80805,29051.0,3
E2308,Rahul Singh,Male,Operations,Jaipur,2021-03-29,9.6,163985,39371.0,2
E2309,Riya Yadav,Male,HR,Delhi,2018-08-27,3.9,56153,22562.0,5
E2310,Riya Kumar,Male,HR,Mumbai,2022-09-17,7.2,124612,6495.0,5
E2311,Aarav Das,Male,IT,Lucknow,2021-12-25,10.5,136236,40433.0,2
E2312,Aditya Das,Female,HR,Jaipur,2012-09-12,8.0,139154,27740.0,4
E2313,Karan Singh,Female,Finance,Pune,2018-05-29,6.6,104962,24151.0,3
E2314,Priya Singh,Male,Marketing,Lucknow,2015-08-07,9.1,170406,48792.0,2
E2315,Sneha Singh,Female,IT,Pune,2017-08-08,10.9,65741,14825.0,2
E2316,Sneha Kumar,Female,Marketing,Bengaluru,2017-12-29,14.3,85238,43667.0,2
E2317,Aarav Das,Female,Marketing,Delhi,2024-02-19,16.8,152728,5646.0,3
E2318,Riya Joshi,Male,Finance,Mumbai,2019-12-18,14.9,75382,20846.0,4
E2319,Aarav Gupta,Male,Operations,Bengaluru,2020-05-03,15.4,103020,27526.0,3
E2320,Aarav Verma,Male,Sales,Bengaluru,2014-07-01,16.5,174097,12983.0,2
E2321,Amit Singh,Female,Operations,Pune,2022-06-14,16.9,135698,7037.0,2
E2322,Amit Das,Male,Sales,Jaipur,2023-09-10,4.5,172531,8644.0,3
E2323,Diya Yadav,Female,Marketing,Bengaluru,2016-10-04,14.2,76154,17725.0,4
E2324,Sneha Sharma,Male,HR,Bengaluru,2025-02-27,14.4,34346,29924.0,3
E2325,Aarav Kumar,Male,Finance,Hyderabad,2024-04-09,17.4,38432,47101.0,4
E2326,Riya Das,Female,Sales,Hyderabad,2021-02-13,7.8,129824,28191.0,4
E2327,Rahul Sharma,Male,HR,Lucknow,2024-10-06,17.7,169553,5170.0,3
E2328,Priya Patel,Male,IT,Delhi,2013-02-16,17.8,110223,36560.0,2
E2329,Aditya Patel,Female,Finance,Delhi,2013-07-05,19.8,60980,26114.0,2
E2330,Ananya Sharma,Female,Operations,Mumbai,2018-08-23,5.2,78072,,2
E2331,Aditya Patel,Female,Operations,Pune,2019-11-06,19.4,100207,34893.0,4
E2332,Karan Patel,Male,Marketing,Lucknow,2016-12-03,17.9,116599,33807.0,4
E2333,Neha Mehta,Female,Finance,Delhi,2022-05-02,3.4,108507,40899.0,4
E2334,Amit Mehta,Female,IT,Pune,2022-02-10,0.7,78056,13250.0,4
E2335,Aditya Mehta,Male,Sales,Lucknow,2012-05-02,0.1,161592,15707.0,5
E2336,Amit Mehta,Male,IT,Delhi,2021-03-17,11.4,96651,19380.0,5
E2337,Riya Verma,Female,HR,Lucknow,2014-05-26,19.4,70692,26259.0,3
E2338,Amit Yadav,Female,Operations,Mumbai,2024-09-13,5.5,61434,29661.0,3
E2339,Riya Singh,Male,Sales,Jaipur,2022-04-25,5.1,179755,23394.0,4
E2340,Neha Yadav,Male,Finance,Pune,2024-09-11,4.9,41030,21266.0,3
E2341,Amit Yadav,Female,Sales,Pune,2024-02-16,7.6,175505,39305.0,2
E2342,Aditya Das,Female,Operations,Bengaluru,2018-08-06,15.8,72115,10510.0,4
E2343,Aarav Mehta,Female,Finance,Mumbai,2021-09-29,13.8,133567,39450.0,5
E2344,Amit Kumar,Female,Marketing,Hyderabad,2020-02-29,4.5,27740,20599.0,3
E2345,Aditya Das,Female,IT,Jaipur,2022-11-10,18.1,76231,39487.0,2
E2346,Vivaan Das,Female,Sales,Jaipur,2020-03-27,6.4,36407,24695.0,5
E2347,Diya Verma,Female,Sales,Hyderabad,2018-06-02,1.4,52558,48019.0,4
E2348,Sneha Patel,Female,Operations,Mumbai,2018-12-02,10.7,33845,46118.0,3
E2349,Amit Patel,Male,HR,Hyderabad,2019-08-20,13.2,159180,29791.0,2
E2350,Vivaan Verma,Female,Sales,Hyderabad,2015-10-31,13.7,71722,31738.0,2
E2351,Karan Yadav,Female,Operations,Lucknow,2017-12-06,15.6,179118,37277.0,3
E2352,Ananya Mehta,Female,HR,Mumbai,2021-07-16,3.1,175955,28009.0,5
E2353,Diya Mehta,Female,IT,Jaipur,2021-04-19,18.9,25477,7216.0,4
E2354,Rahul Singh,Male,Operations,Pune,2018-01-13,3.7,143253,48523.0,3
E2355,Karan Joshi,Male,Operations,Mumbai,2017-01-11,17.6,99071,25971.0,5
E2356,Aarav Yadav,Male,Sales,Delhi,2019-04-21,6.5,74355,26743.0,5
E2357,Diya Joshi,Female,Sales,Lucknow,2022-07-30,14.4,163769,47533.0,3
E2358,Neha Patel,Female,Finance,Lucknow,2025-07-06,10.7,82015,18042.0,3
E2359,Neha Mehta,Male,Finance,Delhi,2012-07-07,16.8,103847,7593.0,5
E2360,Riya Mehta,Female,IT,Mumbai,2021-06-22,9.7,176959,18256.0,5
E2361,Diya Joshi,Male,Marketing,Pune,2012-09-01,11.0,139138,48778.0,2
E2362,Aditya Kumar,Male,IT,Bengaluru,2012-07-22,3.2,25429,28493.0,5
E2363,Sneha Sharma,Male,Finance,Jaipur,2020-11-12,10.7,167557,36453.0,5
E2364,Karan Mehta,Female,Sales,Jaipur,2023-04-02,11.7,159569,42153.0,4
E2365,Ananya Kumar,Male,Operations,Jaipur,2018-04-15,10.6,112784,34781.0,4
E2366,Sneha Kumar,Female,Finance,Bengaluru,2012-03-25,1.1,157146,28789.0,4
E2367,Aditya Joshi,Male,IT,Pune,2022-12-27,8.5,105920,30718.0,4
E2368,Ananya Verma,Male,IT,Hyderabad,2014-11-03,12.2,68321,,5
E2369,Aditya Mehta,Male,Sales,Mumbai,2016-12-11,13.7,101600,32097.0,3
E2370,Rahul Joshi,Female,Marketing,Delhi,2024-07-01,16.4,60237,37066.0,5
E2371,Ananya Sharma,Female,IT,Hyderabad,2014-09-02,8.2,116355,31077.0,3
E2372,Sneha Mehta,Male,Operations,Jaipur,2015-10-14,0.9,128149,28787.0,3
E2373,Karan Das,Female,IT,Hyderabad,2015-04-27,5.8,170659,9575.0,5
E2374,Diya Yadav,Male,Marketing,Pune,2014-07-25,10.3,71686,12448.0,2
E2375,Diya Mehta,Male,HR,Hyderabad,2021-09-26,17.6,158316,15227.0,3
E2376,Riya Singh,Male,Marketing,Bengaluru,2014-12-04,2.7,45224,15562.0,2
E2377,Karan Joshi,Female,HR,Mumbai,2013-01-01,5.3,111046,25529.0,3
E2378,Karan Verma,Male,Sales,Hyderabad,2014-05-14,15.7,27086,7902.0,2
E2379,Vivaan Mehta,Male,HR,Bengaluru,2015-05-22,5.0,140290,22117.0,2
E2380,Vivaan Patel,Female,Operations,Lucknow,2014-11-22,9.7,151916,10067.0,3
E2381,Neha Patel,Male,Operations,Delhi,2015-11-13,4.6,106022,6462.0,4
E2382,Priya Joshi,Female,Marketing,Pune,2024-01-22,8.7,78378,15278.0,4
E2383,Aditya Singh,Female,Sales,Hyderabad,2024-03-26,13.1,147448,8879.0,3
E2384,Amit Patel,Male,IT,Delhi,2024-03-22,1.1,97677,35543.0,4
E2385,Rahul Mehta,Male,Sales,Mumbai,2023-09-29,17.4,27514,29051.0,4
E2386,Ananya Das,Female,Marketing,Pune,2024-03-17,1.7,81219,41865.0,2
E2387,Diya Das,Male,IT,Lucknow,2019-12-19,12.4,28401,24640.0,3
E2388,Ananya Das,Female,Finance,Lucknow,2012-07-13,6.2,121777,20491.0,4
E2389,Sneha Joshi,Male,Finance,Jaipur,2014-06-20,5.4,115937,39204.0,2
E2390,Ananya Gupta,Female,Operations,Delhi,2021-04-18,19.5,102826,43619.0,4
E2391,Karan Kumar,Female,Sales,Mumbai,2022-05-13,10.6,74189,44158.0,4
E2392,Sneha Sharma,Male,Finance,Lucknow,2019-11-16,5.6,112305,18337.0,5
E2393,Vivaan Verma,Male,Sales,Mumbai,2020-05-15,7.7,156036,16327.0,2
E2394,Neha Das,Male,Marketing,Bengaluru,2020-04-25,11.1,89330,37483.0,2
E2395,Aditya Joshi,Female,HR,Delhi,2024-02-19,16.7,91807,8750.0,2
E2396,Priya Mehta,Female,Operations,Lucknow,2018-05-09,16.5,124073,49727.0,3
E2397,Aditya Patel,Female,Sales,Jaipur,2018-08-17,3.1,156503,32561.0,3
E2398,Aditya Gupta,Male,IT,Pune,2018-01-20,3.5,104597,47205.0,2
E2399,Vivaan Verma,Male,Finance,Bengaluru,2023-03-20,6.7,175052,28210.0,5
E2400,Aditya Patel,Female,Finance,Hyderabad,2022-01-19,12.8,105985,33335.0,2
E2401,Riya Mehta,Female,Operations,Pune,2013-03-16,18.5,55977,35237.0,5
E2402,Rahul Singh,Female,IT,Delhi,2012-03-08,14.6,26258,14992.0,2
E2403,Aarav Joshi,Male,Marketing,Jaipur,2016-08-23,0.9,27451,22451.0,3
E2404,Aditya Yadav,Male,IT,Bengaluru,2013-11-14,3.4,175498,46057.0,3
E2405,Amit Das,Female,HR,Mumbai,2013-03-08,5.5,75856,38426.0,2
E2406,Riya Singh,Female,IT,Delhi,2023-08-21,1.8,90673,47467.0,5
E2407,Aarav Gupta,Male,Marketing,Mumbai,2019-11-22,14.1,91870,39047.0,2
E2408,Rahul Das,Female,Finance,Lucknow,2017-04-29,17.2,95064,49556.0,5
E2409,Aarav Sharma,Female,HR,Mumbai,2017-01-04,18.1,45279,36905.0,5
E2410,Karan Gupta,Male,Finance,Pune,2023-04-01,9.3,151599,8059.0,2
E2411,Priya Joshi,Female,IT,Jaipur,2020-11-03,16.3,179498,28891.0,2
E2412,Sneha Gupta,Female,HR,Delhi,2018-05-08,11.1,31208,17178.0,2
E2413,Vivaan Das,Male,HR,Pune,2013-06-02,17.9,164096,8188.0,4
E2414,Aditya Joshi,Male,Finance,Hyderabad,2019-08-12,1.9,132044,20364.0,4
E2415,Vivaan Mehta,Male,IT,Bengaluru,2021-05-11,7.1,88383,47276.0,3
E2416,Aditya Singh,Female,HR,Bengaluru,2015-09-09,8.5,93292,9540.0,2
E2417,Sneha Joshi,Female,Marketing,Hyderabad,2021-10-14,13.9,38945,14486.0,3
E2418,Rahul Patel,Male,Marketing,Jaipur,2013-10-04,7.7,91904,13005.0,2
E2419,Ananya Kumar,Male,Operations,Pune,2012-09-03,6.2,76530,21149.0,2
E2420,Rahul Kumar,Female,HR,Delhi,2017-05-28,19.4,31202,41345.0,2
E2421,Diya Verma,Female,Sales,Delhi,2016-07-29,7.8,58696,47951.0,5
E2422,Aditya Yadav,Female,IT,Delhi,2014-05-25,11.5,159949,28757.0,3
E2423,Neha Yadav,Male,Finance,Delhi,2020-10-07,14.7,42887,14759.0,5
E2424,Amit Gupta,Male,Marketing,Jaipur,2018-04-26,8.7,167207,35688.0,5
E2425,Diya Sharma,Male,HR,Bengaluru,2023-11-28,3.7,69063,18726.0,2
E2426,Priya Singh,Male,Finance,Pune,2019-04-27,7.2,117238,41119.0,4
E2427,Neha Mehta,Male,Operations,Hyderabad,2023-09-14,4.5,93492,47003.0,3
E2428,Ananya Gupta,Male,Finance,Mumbai,2019-08-01,4.3,77886,49128.0,4
E2429,Aarav Kumar,Female,Sales,Pune,2023-11-23,18.4,149164,26704.0,3
E2430,Aditya Joshi,Female,Operations,Delhi,2013-09-12,19.6,122069,32063.0,5
E2431,Neha Das,Male,Operations,Pune,2012-09-06,6.3,141684,45268.0,4
E2432,Amit Singh,Male,Finance,Mumbai,2016-03-30,17.5,122555,18588.0,2
E2433,Aarav Sharma,Male,Sales,Jaipur,2018-08-23,15.9,99688,15543.0,3
E2434,Rahul Mehta,Female,Marketing,Jaipur,2014-08-15,11.0,163721,42189.0,3
E2435,Priya Singh,Female,IT,Hyderabad,2023-06-05,4.0,87970,40042.0,5
E2436,Diya Kumar,Male,Sales,Bengaluru,2012-09-22,3.1,79497,33627.0,4
E2437,Amit Das,Male,IT,Lucknow,2016-03-15,14.1,34884,10171.0,3
E2438,Neha Mehta,Male,IT,Mumbai,2012-10-16,18.7,76441,19943.0,4
E2439,Ananya Das,Male,Marketing,Hyderabad,2024-04-10,0.7,101217,24679.0,3
E2440,Karan Gupta,Male,Marketing,Mumbai,2016-07-26,9.7,114795,46206.0,4
E2441,Amit Das,Female,Operations,Bengaluru,2022-12-11,0.8,150558,38202.0,5
E2442,Aarav Mehta,Male,Marketing,Pune,2017-12-03,5.5,39954,12485.0,3
E2443,Diya Yadav,Female,IT,Hyderabad,2021-03-30,16.4,57583,31174.0,3
E2444,Riya Mehta,Male,Marketing,Jaipur,2022-09-11,3.1,79510,40166.0,4
E2445,Amit Sharma,Female,HR,Lucknow,2022-09-02,1.8,26594,8574.0,5
E2446,Sneha Patel,Male,Sales,Hyderabad,2019-04-13,5.3,146645,34856.0,5
E2447,Aditya Gupta,Male,Sales,Lucknow,2013-02-18,15.8,73591,5908.0,2
E2448,Karan Gupta,Male,Marketing,Lucknow,2015-12-07,7.2,74203,7751.0,2
E2449,Aditya Verma,Female,Finance,Pune,2013-12-11,9.9,27452,37058.0,2
E2450,Ananya Gupta,Female,IT,Mumbai,2022-11-23,0.4,92534,10057.0,2
E2451,Rahul Gupta,Female,Operations,Hyderabad,2023-09-23,17.8,64228,6201.0,2
E2452,Karan Singh,Female,Finance,Pune,2012-11-29,5.4,62586,34561.0,5
E2453,Karan Gupta,Male,Operations,Hyderabad,2014-04-01,15.4,136893,,4
E2454,Diya Yadav,Male,Operations,Lucknow,2021-10-08,16.4,131408,38539.0,4
E2455,Priya Gupta,Female,Finance,Lucknow,2023-03-27,17.5,147936,41528.0,3
E2456,Aditya Singh,Male,Marketing,Bengaluru,2012-01-19,18.5,144159,28937.0,2
E2457,Aarav Yadav,Male,Operations,Delhi,2018-11-02,14.2,155541,39551.0,2
E2458,Rahul Sharma,Female,Sales,Mumbai,2013-01-08,0.7,108691,27640.0,4
E2459,Riya Kumar,Female,Marketing,Pune,2016-08-03,17.6,26088,18840.0,3
E2460,Ananya Joshi,Male,HR,Pune,2012-11-04,4.2,93255,49592.0,2
E2461,Karan Sharma,Male,Sales,Jaipur,2022-03-19,6.8,135810,23406.0,2
E2462,Amit Sharma,Male,IT,Jaipur,2024-07-07,9.2,119728,6323.0,5
E2463,Aditya Joshi,Female,Sales,Bengaluru,2018-02-05,1.8,91150,10138.0,4
E2464,Rahul Kumar,Male,Operations,Hyderabad,2017-04-11,2.6,51073,5413.0,4
E2465,Amit Mehta,Female,Finance,Bengaluru,2025-07-16,7.5,135861,44822.0,3
E2466,Ananya Kumar,Male,HR,Hyderabad,2012-03-17,8.2,126098,17071.0,4
E2467,Karan Singh,Female,IT,Mumbai,2015-12-30,8.7,78556,30716.0,4
E2468,Diya Mehta,Female,Sales,Lucknow,2015-12-20,8.4,66636,39214.0,5
E2469,Ananya Singh,Female,Sales,Lucknow,2013-07-21,13.0,87307,44578.0,4
E2470,Aditya Yadav,Female,HR,Pune,2015-11-22,13.2,57462,13430.0,5
E2471,Aarav Patel,Female,Finance,Bengaluru,2013-02-15,12.8,116154,40928.0,5
E2472,Amit Mehta,Female,HR,Pune,2018-01-06,5.5,75303,26065.0,2
E2473,Diya Das,Male,Sales,Hyderabad,2024-05-13,12.2,136509,46413.0,2
E2474,Ananya Das,Female,Marketing,Jaipur,2025-09-03,11.4,118267,18946.0,3
E2475,Amit Gupta,Male,Sales,Mumbai,2015-09-14,0.5,41626,12795.0,5
E2476,Ananya Mehta,Female,IT,Lucknow,2015-04-30,19.5,43477,21106.0,5
E2477,Rahul Joshi,Male,IT,Lucknow,2022-04-06,8.8,69267,18485.0,5
E2478,Riya Verma,Male,HR,Lucknow,2025-08-07,17.8,96157,16101.0,3
E2479,Karan Singh,Male,IT,Mumbai,2019-05-09,8.3,65620,46752.0,3
E2480,Aarav Singh,Male,Sales,Bengaluru,2023-01-23,9.8,144837,31008.0,4
E2481,Amit Singh,Male,HR,Pune,2016-01-17,9.1,147273,47890.0,3
E2482,Amit Patel,Male,Finance,Lucknow,2014-05-06,13.9,153772,30020.0,2
E2483,Vivaan Patel,Male,Sales,Mumbai,2016-08-07,0.1,32047,34452.0,5
E2484,Riya Gupta,Female,Operations,Lucknow,2021-08-17,11.1,135290,19208.0,5
E2485,Aarav Mehta,Male,Operations,Pune,2014-07-01,2.5,175806,38444.0,3
E2486,Karan Verma,Female,Finance,Delhi,2013-01-22,6.1,81395,6718.0,5
E2487,Sneha Sharma,Female,Marketing,Mumbai,2019-11-23,3.0,42408,40965.0,5
E2488,Ananya Mehta,Female,IT,Delhi,2015-02-25,1.9,36046,7389.0,3
E2489,Rahul Kumar,Male,Operations,Hyderabad,2024-08-15,9.7,58245,25400.0,2
E2490,Rahul Patel,Male,Sales,Bengaluru,2012-08-07,11.5,87967,19965.0,3
E2491,Amit Das,Male,HR,Hyderabad,2020-01-26,6.9,93625,12261.0,4
E2492,Karan Yadav,Male,Operations,Lucknow,2025-02-04,3.5,168136,47300.0,3
E2493,Priya Joshi,Female,IT,Bengaluru,2018-06-08,4.6,134229,40820.0,2
E2494,Priya Gupta,Male,Marketing,Delhi,2024-12-18,2.0,75837,21721.0,2
E2495,Riya Das,Female,Operations,Mumbai,2020-03-29,18.0,99387,24864.0,2
E2496,Priya Singh,Female,Finance,Delhi,2014-10-12,17.1,105044,48858.0,4
E2497,Vivaan Mehta,Female,Operations,Pune,2018-10-24,13.0,51471,40408.0,2
E2498,Priya Das,Male,Sales,Pune,2019-08-10,8.9,104353,23770.0,5
E2499,Priya Sharma,Male,Finance,Lucknow,2022-11-18,17.0,163082,13840.0,4
E2500,Aarav Sharma,Female,IT,Delhi,2019-01-10,12.3,53038,34470.0,2
E2501,Amit Singh,Male,Finance,Delhi,2016-09-10,14.6,86250,34382.0,2
E2502,Vivaan Verma,Male,Marketing,Pune,2012-09-27,18.4,126677,21511.0,3
E2503,Diya Kumar,Female,IT,Lucknow,2021-10-15,1.4,28377,46512.0,4
E2504,Priya Patel,Female,Operations,Lucknow,2024-03-10,17.4,30786,14755.0,3
E2505,Neha Gupta,Male,Operations,Pune,2012-06-12,8.1,98150,10956.0,5
E2506,Amit Patel,Female,Operations,Mumbai,2022-01-15,12.4,84155,23646.0,5
E2507,Diya Singh,Male,Finance,Pune,2018-09-10,15.3,178705,42518.0,4
E2508,Aarav Verma,Male,Finance,Lucknow,2015-07-04,6.9,155172,7288.0,4
E2509,Neha Gupta,Male,Operations,Delhi,2024-09-22,18.5,115761,6968.0,5
E2510,Diya Verma,Male,Finance,Bengaluru,2016-07-19,4.5,92304,6028.0,4
E2511,Priya Verma,Male,IT,Jaipur,2019-11-28,13.6,168246,16058.0,5
E2512,Amit Kumar,Female,Sales,Jaipur,2012-09-13,0.5,82479,8896.0,3
E2513,Riya Patel,Female,HR,Delhi,2014-07-30,2.0,165399,47320.0,2
E2514,Vivaan Kumar,Female,IT,Mumbai,2024-01-14,4.8,71090,48929.0,2
E2515,Karan Sharma,Female,HR,Mumbai,2018-02-13,12.9,126603,41854.0,5
E2516,Sneha Patel,Male,Sales,Pune,2013-07-07,5.2,172961,44287.0,3
E2517,Aarav Mehta,Male,IT,Delhi,2018-04-14,16.4,159662,40254.0,4
E2518,Karan Singh,Female,Marketing,Mumbai,2013-05-14,6.2,86583,19609.0,4
E2519,Sneha Singh,Male,Marketing,Bengaluru,2022-09-12,18.9,42207,44686.0,2
E2520,Amit Kumar,Male,Finance,Jaipur,2016-11-19,5.6,55482,19202.0,4
E2521,Rahul Das,Male,Marketing,Hyderabad,2012-08-10,17.1,149820,32601.0,5
E2522,Diya Singh,Male,IT,Pune,2021-12-06,13.3,128309,27600.0,4
E2523,Ananya Gupta,Female,Marketing,Lucknow,2013-04-22,17.9,111869,21585.0,5
E2524,Diya Das,Male,Finance,Lucknow,2016-06-11,12.5,162719,44825.0,5
E2525,Rahul Singh,Female,Operations,Jaipur,2015-07-03,6.3,30164,26777.0,5
E2526,Aditya Gupta,Female,HR,Bengaluru,2013-09-21,1.1,97068,44649.0,2
E2527,Aarav Yadav,Male,Operations,Hyderabad,2020-08-22,17.2,90206,12331.0,5
E2528,Priya Yadav,Female,Finance,Hyderabad,2024-01-13,8.3,69139,16429.0,4
E2529,Karan Verma,Female,Operations,Mumbai,2014-06-14,0.2,152366,31599.0,3
E2530,Diya Verma,Male,Marketing,Pune,2025-07-09,4.8,123848,,4
E2531,Aarav Kumar,Female,IT,Hyderabad,2014-10-15,9.5,54559,43395.0,2
E2532,Priya Patel,Female,Finance,Lucknow,2013-06-30,6.1,133110,17888.0,2
E2533,Riya Kumar,Female,HR,Jaipur,2024-11-30,6.3,96913,26979.0,4
E2534,Amit Das,Female,HR,Mumbai,2018-01-01,10.9,133004,33752.0,2
E2535,Aarav Singh,Male,Marketing,Jaipur,2020-03-13,15.3,139419,42482.0,3
E2536,Priya Das,Female,IT,Pune,2013-03-26,19.2,164848,9424.0,5
E2537,Diya Verma,Female,Marketing,Lucknow,2014-08-12,11.2,102245,24817.0,4
E2538,Neha Kumar,Female,Finance,Jaipur,2017-10-25,6.1,50950,32900.0,4
E2539,Neha Mehta,Female,Marketing,Hyderabad,2016-01-25,0.2,109571,25004.0,5
E2540,Aarav Verma,Female,IT,Hyderabad,2023-10-22,11.6,131086,29839.0,4
E2541,Neha Sharma,Female,Operations,Bengaluru,2017-04-07,1.7,148328,44021.0,5
E2542,Vivaan Yadav,Female,Marketing,Mumbai,2014-05-25,12.3,141338,21677.0,2
E2543,Aarav Patel,Male,Operations,Pune,2018-10-31,14.4,125488,29589.0,4
E2544,Priya Singh,Male,Operations,Mumbai,2017-06-15,6.7,143492,37846.0,5
E2545,Amit Patel,Female,IT,Mumbai,2017-03-13,11.0,97402,27179.0,3
E2546,Priya Verma,Male,Sales,Lucknow,2019-03-02,16.5,148006,13613.0,5
E2547,Rahul Das,Female,Finance,Lucknow,2021-03-29,9.9,157999,8940.0,5
E2548,Amit Das,Female,IT,Lucknow,2014-05-07,19.2,58415,27322.0,3
E2549,Neha Gupta,Female,Operations,Delhi,2021-02-19,15.3,36461,44890.0,4
E2550,Aarav Das,Female,Finance,Lucknow,2023-03-14,6.5,89137,9133.0,5
E2551,Neha Joshi,Male,Operations,Delhi,2024-02-29,7.2,142165,20101.0,5
E2552,Amit Patel,Female,Marketing,Bengaluru,2019-04-14,5.3,135492,45002.0,3
E2553,Sneha Das,Male,HR,Jaipur,2019-12-01,14.3,57701,34766.0,5
E2554,Neha Das,Male,Marketing,Delhi,2019-02-01,10.5,80243,16294.0,3
E2555,Riya Verma,Male,HR,Pune,2020-02-19,1.0,73842,5918.0,5
E2556,Karan Mehta,Female,HR,Pune,2015-10-15,6.3,30774,28643.0,4
E2557,Priya Kumar,Male,Operations,Pune,2017-04-07,12.2,122649,38739.0,5
E2558,Aditya Yadav,Female,HR,Delhi,2012-10-20,11.6,100598,36381.0,3
E2559,Amit Joshi,Male,Sales,Delhi,2021-10-17,15.9,152146,18253.0,4
E2560,Karan Das,Male,IT,Hyderabad,2015-10-10,0.2,72242,49772.0,5
E2561,Aditya Mehta,Male,HR,Pune,2023-07-21,8.0,116528,49042.0,5
E2562,Aditya Mehta,Female,Operations,Pune,2013-09-02,12.1,29259,21602.0,2
E2563,Aarav Sharma,Male,Operations,Bengaluru,2023-07-16,1.3,166030,21779.0,3
E2564,Vivaan Gupta,Female,HR,Pune,2022-08-21,11.7,177100,13356.0,3
E2565,Aditya Singh,Female,HR,Hyderabad,2025-05-05,8.0,63387,28855.0,2
E2566,Priya Yadav,Male,HR,Pune,2018-03-25,18.1,113216,46662.0,5
E2567,Amit Das,Female,IT,Hyderabad,2016-09-18,4.4,149472,5515.0,2
E2568,Rahul Singh,Male,Sales,Bengaluru,2023-07-14,3.0,160074,7644.0,2
E2569,Riya Patel,Female,Marketing,Jaipur,2018-07-24,14.1,166972,31806.0,4
E2570,Vivaan Singh,Male,Sales,Lucknow,2012-11-05,9.8,128264,12188.0,5
E2571,Rahul Mehta,Male,Marketing,Bengaluru,2015-07-08,11.8,126526,33889.0,2
E2572,Karan Singh,Male,Finance,Jaipur,2024-02-03,17.2,36383,8797.0,4
E2573,Amit Verma,Male,Sales,Pune,2012-02-25,12.7,162681,5188.0,5
E2574,Aditya Singh,Male,HR,Delhi,2013-03-01,13.4,42525,,5
E2575,Amit Das,Male,HR,Hyderabad,2017-08-09,6.2,132055,38950.0,4
E2576,Neha Das,Female,Finance,Bengaluru,2023-04-19,8.9,158848,27822.0,2
E2577,Neha Patel,Female,HR,Jaipur,2012-11-29,14.2,90642,12038.0,3
E2578,Sneha Kumar,Female,Finance,Jaipur,2013-10-15,18.1,134986,42002.0,3
E2579,Sneha Verma,Female,Operations,Mumbai,2020-10-14,14.8,91404,33490.0,4
E2580,Riya Patel,Male,Operations,Hyderabad,2020-06-26,14.9,76328,32057.0,5
E2581,Neha Sharma,Female,HR,Jaipur,2012-03-20,1.1,169727,25166.0,2
E2582,Riya Das,Male,Finance,Bengaluru,2018-08-07,19.7,164354,34890.0,4
E2583,Amit Sharma,Female,Finance,Jaipur,2017-09-25,2.0,131141,37352.0,4
E2584,Ananya Joshi,Female,Finance,Jaipur,2022-08-26,9.4,86538,15432.0,5
E2585,Vivaan Mehta,Female,Finance,Hyderabad,2017-12-25,15.1,74796,25652.0,3
E2586,Sneha Mehta,Female,Operations,Hyderabad,2012-06-30,14.9,103169,39672.0,2
E2587,Vivaan Das,Male,HR,Delhi,2020-05-21,7.1,109004,29824.0,4
E2588,Riya Mehta,Male,Finance,Lucknow,2014-07-10,18.6,94362,45357.0,3
E2589,Rahul Mehta,Female,Finance,Hyderabad,2021-10-11,11.3,114240,7412.0,4
E2590,Ananya Patel,Male,IT,Bengaluru,2017-04-15,15.1,86689,7601.0,5
E2591,Aditya Kumar,Female,Operations,Bengaluru,2021-03-01,8.5,41960,6966.0,2
E2592,Amit Das,Female,Operations,Hyderabad,2015-09-03,19.8,179347,40224.0,2
E2593,Amit Mehta,Female,IT,Pune,2014-04-29,6.8,94229,37020.0,2
E2594,Aarav Gupta,Male,Finance,Hyderabad,2023-07-14,9.5,35437,41111.0,3
E2595,Karan Mehta,Male,Finance,Delhi,2022-07-06,14.5,91287,41779.0,2
E2596,Rahul Joshi,Female,HR,Delhi,2016-02-12,7.6,150695,24190.0,4
E2597,Priya Sharma,Male,HR,Lucknow,2016-08-23,13.8,148601,8888.0,2
E2598,Priya Verma,Female,HR,Mumbai,2016-09-06,3.3,75165,13519.0,3
E2599,Karan Mehta,Male,Sales,Pune,2024-03-06,11.0,38544,6274.0,2
E2600,Diya Sharma,Female,Marketing,Delhi,2015-12-24,0.4,26630,32169.0,2
E2601,Neha Mehta,Female,Finance,Bengaluru,2019-04-17,1.1,147786,16491.0,2
E2602,Priya Das,Female,IT,Lucknow,2012-09-10,8.0,71608,17976.0,3
E2603,Amit Singh,Male,Finance,Lucknow,2024-08-12,9.8,67777,41285.0,4
E2604,Aarav Singh,Male,Sales,Mumbai,2019-02-22,1.3,99995,34221.0,2
E2605,Karan Das,Female,HR,Bengaluru,2013-05-24,7.8,73064,10961.0,5
E2606,Riya Joshi,Male,Finance,Pune,2023-01-06,10.3,144665,36578.0,4
E2607,Vivaan Patel,Female,Operations,Lucknow,2017-06-21,3.7,26936,21862.0,3
E2608,Aditya Kumar,Female,IT,Lucknow,2020-08-26,18.3,29865,24610.0,4
E2609,Karan Joshi,Male,HR,Lucknow,2012-02-10,13.1,169127,42331.0,5
E2610,Vivaan Sharma,Female,Sales,Pune,2018-03-03,6.3,87929,7573.0,4
E2611,Riya Kumar,Male,Finance,Pune,2024-11-16,10.9,52870,35865.0,4
E2612,Riya Mehta,Female,HR,Bengaluru,2017-07-27,1.8,47687,8837.0,3
E2613,Ananya Patel,Female,Sales,Pune,2024-01-22,13.8,63554,12500.0,5
E2614,Rahul Mehta,Female,Marketing,Lucknow,2022-05-03,17.8,96290,10272.0,3
E2615,Karan Kumar,Male,Marketing,Delhi,2022-11-15,0.6,157368,,5
E2616,Amit Das,Female,IT,Pune,2017-01-12,16.3,66162,47036.0,3
E2617,Riya Verma,Female,Marketing,Delhi,2020-07-25,2.9,75328,9995.0,4
E2618,Rahul Singh,Male,Marketing,Jaipur,2024-10-14,18.1,41616,37394.0,5
E2619,Priya Joshi,Male,Operations,Bengaluru,2021-04-01,16.2,141374,21378.0,3
E2620,Priya Kumar,Female,Sales,Mumbai,2017-06-22,10.2,58384,13971.0,5
E2621,Karan Mehta,Male,Finance,Bengaluru,2025-06-05,3.0,88917,13364.0,3
E2622,Sneha Yadav,Female,Sales,Mumbai,2012-02-23,3.1,155791,25773.0,5
E2623,Vivaan Kumar,Female,Marketing,Bengaluru,2018-09-03,13.8,105537,5700.0,4
E2624,Priya Mehta,Female,IT,Pune,2022-04-22,17.6,48802,43455.0,5
E2625,Neha Gupta,Male,IT,Mumbai,2022-07-22,7.6,133549,40243.0,5
E2626,Sneha Singh,Male,Marketing,Hyderabad,2012-12-28,6.5,168953,46761.0,4
E2627,Ananya Yadav,Female,Marketing,Lucknow,2018-02-03,1.4,32488,9329.0,5
E2628,Diya Verma,Female,IT,Jaipur,2022-09-18,17.7,174616,25251.0,5
E2629,Ananya Verma,Male,Sales,Bengaluru,2018-07-10,1.7,46441,31736.0,5
E2630,Riya Kumar,Male,IT,Hyderabad,2025-05-17,7.6,38698,9485.0,2
E2631,Amit Singh,Male,Sales,Hyderabad,2015-02-02,14.1,153033,39073.0,5
E2632,Aditya Singh,Male,Sales,Delhi,2016-07-14,1.2,174302,28419.0,3
E2633,Diya Patel,Female,Finance,Delhi,2019-03-05,13.3,114656,14640.0,4
E2634,Neha Sharma,Female,Operations,Pune,2022-05-05,0.8,104005,38135.0,4
E2635,Priya Singh,Male,Marketing,Mumbai,2022-11-01,16.3,95867,28628.0,3
E2636,Neha Singh,Female,Finance,Delhi,2014-04-24,10.3,50687,33823.0,2
E2637,Vivaan Das,Female,IT,Hyderabad,2023-12-11,10.0,124950,44509.0,2
E2638,Aditya Sharma,Male,IT,Hyderabad,2022-11-02,7.1,105357,13368.0,5
E2639,Vivaan Kumar,Male,Operations,Delhi,2013-12-11,3.7,45266,48408.0,2
E2640,Riya Mehta,Male,HR,Lucknow,2016-07-04,0.6,28918,20599.0,4
E2641,Rahul Joshi,Female,IT,Mumbai,2024-12-03,6.3,167699,17450.0,4
E2642,Aditya Kumar,Female,IT,Bengaluru,2024-04-28,1.3,136516,33853.0,4
E2643,Amit Mehta,Male,Sales,Delhi,2013-02-03,14.0,106028,38394.0,4
E2644,Diya Mehta,Female,HR,Pune,2021-03-31,0.4,46735,37013.0,2
E2645,Riya Yadav,Female,Finance,Hyderabad,2021-06-13,9.8,167755,12423.0,4
E2646,Aditya Das,Male,Marketing,Jaipur,2023-05-13,13.3,74826,11825.0,3
E2647,Priya Gupta,Male,HR,Bengaluru,2020-02-21,8.4,95759,45334.0,3
E2648,Diya Kumar,Male,IT,Mumbai,2022-08-10,17.1,40600,9983.0,5
E2649,Rahul Yadav,Male,Operations,Bengaluru,2013-04-21,9.8,66736,12298.0,3
E2650,Karan Gupta,Female,Finance,Delhi,2013-07-31,13.2,43007,38613.0,5
E2651,Vivaan Joshi,Female,Sales,Hyderabad,2022-03-01,2.6,35226,25521.0,2
E2652,Karan Verma,Female,HR,Jaipur,2022-11-30,3.6,47062,16344.0,4
E2653,Diya Patel,Male,HR,Mumbai,2023-06-06,9.1,136479,39890.0,4
E2654,Aarav Singh,Male,Marketing,Bengaluru,2017-08-24,19.6,139053,9540.0,5
E2655,Rahul Yadav,Male,HR,Delhi,2020-12-17,4.6,90287,23478.0,5
E2656,Ananya Singh,Male,Finance,Delhi,2012-12-31,10.2,65914,32738.0,4
E2657,Amit Singh,Male,Finance,Lucknow,2025-05-18,7.9,28560,25979.0,2
E2658,Aditya Mehta,Male,Finance,Bengaluru,2015-08-28,5.4,123412,5710.0,2
E2659,Karan Mehta,Male,IT,Delhi,2013-06-28,2.7,134545,31221.0,3
E2660,Neha Gupta,Female,Finance,Jaipur,2013-07-22,1.7,146666,,3
E2661,Riya Kumar,Female,HR,Lucknow,2019-06-14,12.1,136104,29768.0,5
E2662,Karan Verma,Female,Operations,Delhi,2015-05-02,17.7,165560,34254.0,2
E2663,Ananya Mehta,Male,HR,Hyderabad,2013-11-05,1.2,72862,11392.0,2
E2664,Riya Joshi,Male,Finance,Delhi,2015-05-31,13.9,28024,11143.0,3
E2665,Diya Mehta,Female,Operations,Jaipur,2015-08-23,17.3,52072,31822.0,2
E2666,Sneha Gupta,Male,Finance,Jaipur,2017-05-24,12.0,125980,,3
E2667,Priya Mehta,Female,Operations,Bengaluru,2016-08-06,11.7,78627,35768.0,3
E2668,Aarav Patel,Female,Operations,Pune,2018-11-27,1.4,71348,8408.0,2
E2669,Aarav Gupta,Female,IT,Pune,2013-06-19,11.2,78657,,5
E2670,Neha Gupta,Male,HR,Delhi,2012-01-11,17.6,37580,30970.0,4
E2671,Diya Mehta,Male,IT,Lucknow,2018-04-25,10.3,116821,17304.0,4
E2672,Karan Joshi,Male,Marketing,Pune,2024-08-04,7.9,155746,27349.0,2
E2673,Ananya Verma,Male,Finance,Jaipur,2021-02-01,5.4,131801,9061.0,3
E2674,Ananya Das,Male,IT,Mumbai,2023-04-28,12.7,145540,31079.0,5
E2675,Aarav Patel,Male,IT,Lucknow,2015-07-25,3.7,126048,6311.0,3
E2676,Priya Kumar,Female,Marketing,Hyderabad,2022-05-27,3.5,132180,25376.0,3
E2677,Priya Gupta,Male,Sales,Bengaluru,2016-11-07,8.4,119395,48563.0,5
E2678,Karan Joshi,Male,Operations,Delhi,2013-09-01,8.4,174041,42847.0,3
E2679,Aditya Sharma,Female,Marketing,Mumbai,2018-12-09,10.2,177885,14192.0,3
E2680,Aditya Kumar,Female,Marketing,Pune,2023-09-12,9.7,55321,42744.0,4
E2681,Riya Patel,Female,Sales,Mumbai,2019-01-29,17.8,154903,35467.0,2
E2682,Diya Gupta,Female,IT,Hyderabad,2018-03-22,9.6,28362,8311.0,3
E2683,Karan Joshi,Male,IT,Lucknow,2014-01-01,19.6,162722,10928.0,3
E2684,Aarav Patel,Female,Marketing,Hyderabad,2024-05-09,6.6,140029,39555.0,4
E2685,Diya Das,Female,IT,Mumbai,2016-10-24,0.2,83114,8484.0,4
E2686,Riya Sharma,Male,Finance,Lucknow,2018-11-11,16.0,147426,20798.0,3
E2687,Sneha Das,Male,IT,Delhi,2013-12-24,18.8,111122,19702.0,5
E2688,Sneha Sharma,Male,Sales,Hyderabad,2017-12-09,12.5,137410,23921.0,2
E2689,Diya Mehta,Female,Finance,Mumbai,2013-01-01,5.5,143572,28885.0,5
E2690,Neha Yadav,Female,Finance,Pune,2024-01-16,3.2,176938,5663.0,5
E2691,Riya Joshi,Male,HR,Pune,2024-04-02,17.2,71499,35487.0,5
E2692,Diya Das,Female,Sales,Jaipur,2024-10-10,15.5,144720,24434.0,4
E2693,Aditya Das,Male,IT,Pune,2015-12-26,1.9,94930,45863.0,3
E2694,Priya Yadav,Male,IT,Bengaluru,2023-08-30,0.4,40189,20719.0,3
E2695,Riya Patel,Male,Marketing,Bengaluru,2024-07-22,6.3,172063,32850.0,5
E2696,Vivaan Patel,Male,IT,Jaipur,2020-08-01,14.5,108406,14796.0,5
E2697,Sneha Das,Male,IT,Bengaluru,2020-10-18,13.0,73833,16371.0,4
E2698,Priya Patel,Female,Sales,Bengaluru,2018-02-14,18.7,52337,34386.0,4
E2699,Amit Sharma,Female,Operations,Pune,2014-10-14,0.6,106403,48318.0,3
E2700,Diya Verma,Female,Sales,Hyderabad,2025-04-18,2.5,164307,28090.0,2
E2701,Aditya Sharma,Male,Marketing,Lucknow,2012-09-17,0.3,127009,22091.0,4
E2702,Vivaan Yadav,Male,IT,Jaipur,2024-01-14,15.8,173464,19727.0,5
E2703,Ananya Sharma,Male,Finance,Delhi,2012-01-08,14.3,83881,35194.0,5
E2704,Karan Joshi,Female,Sales,Lucknow,2013-07-16,8.1,102654,25277.0,2
E2705,Aarav Verma,Female,IT,Jaipur,2016-04-29,9.0,163070,22542.0,2
E2706,Ananya Joshi,Male,Sales,Hyderabad,2019-06-03,14.6,99839,49481.0,5
E2707,Riya Singh,Female,Marketing,Pune,2014-07-05,10.0,126226,42667.0,2
E2708,Karan Singh,Female,IT,Bengaluru,2016-09-25,12.0,78799,13890.0,3
E2709,Rahul Das,Male,Finance,Delhi,2016-07-24,16.1,39585,49961.0,2
E2710,Rahul Yadav,Female,Sales,Lucknow,2013-04-09,11.8,155875,,2
E2711,Sneha Das,Male,Sales,Jaipur,2022-12-29,6.1,25483,11229.0,4
E2712,Aarav Patel,Female,Operations,Hyderabad,2017-02-04,0.5,44220,36280.0,3
E2713,Aarav Yadav,Female,Operations,Hyderabad,2020-11-27,19.0,72323,11465.0,2
E2714,Sneha Patel,Male,Marketing,Lucknow,2014-03-29,10.2,136073,8169.0,2
E2715,Karan Yadav,Female,Sales,Delhi,2016-03-15,19.8,37264,23011.0,5
E2716,Ananya Singh,Female,IT,Bengaluru,2021-02-23,7.6,30520,41940.0,3
E2717,Sneha Kumar,Male,IT,Delhi,2023-04-26,15.4,58788,41376.0,3
E2718,Sneha Gupta,Female,Operations,Bengaluru,2022-09-14,2.8,108715,9441.0,3
E2719,Vivaan Patel,Male,Sales,Delhi,2020-07-05,16.8,146527,20826.0,4
E2720,Vivaan Verma,Female,Marketing,Bengaluru,2017-10-13,5.3,85220,36505.0,5
E2721,Riya Kumar,Male,Finance,Pune,2016-12-10,9.5,157774,8409.0,2
E2722,Rahul Patel,Male,Marketing,Hyderabad,2023-07-12,9.9,106698,,5
E2723,Sneha Kumar,Female,Finance,Mumbai,2012-07-16,5.1,178793,30814.0,4
E2724,Riya Mehta,Female,HR,Delhi,2012-11-04,19.8,142486,19255.0,5
E2725,Aarav Kumar,Female,IT,Mumbai,2024-11-14,16.7,176783,37362.0,5
E2726,Aditya Kumar,Male,Operations,Pune,2015-10-07,14.4,143182,45926.0,2
E2727,Diya Verma,Male,Sales,Lucknow,2021-03-19,18.2,132813,31187.0,5
E2728,Rahul Patel,Male,Operations,Pune,2014-05-22,6.5,141273,23844.0,4
E2729,Aarav Joshi,Female,Operations,Bengaluru,2012-07-22,11.5,111419,7821.0,4
E2730,Diya Gupta,Male,HR,Pune,2017-11-25,17.0,85127,9941.0,3
E2731,Aditya Gupta,Male,Sales,Pune,2018-08-20,7.3,122364,38639.0,2
E2732,Amit Verma,Female,Finance,Mumbai,2019-11-16,12.3,150280,43500.0,3
E2733,Sneha Singh,Male,Finance,Jaipur,2023-09-14,6.0,93316,30863.0,3
E2734,Neha Joshi,Male,Operations,Jaipur,2013-09-20,5.7,65641,20559.0,5
E2735,Karan Mehta,Male,Finance,Lucknow,2019-01-13,11.4,126779,41822.0,3
E2736,Neha Sharma,Female,IT,Hyderabad,2017-04-16,18.0,135206,20315.0,3
E2737,Riya Gupta,Female,Sales,Mumbai,2025-02-22,18.1,114496,25098.0,3
E2738,Aditya Das,Female,HR,Hyderabad,2023-06-27,12.8,37238,11851.0,2
E2739,Karan Yadav,Female,Sales,Jaipur,2020-05-04,1.9,73143,47839.0,2
E2740,Aditya Gupta,Male,Sales,Pune,2017-09-10,6.0,124490,46663.0,2
E2741,Aarav Singh,Male,Marketing,Bengaluru,2020-09-14,7.0,155672,,4
E2742,Aarav Yadav,Female,HR,Jaipur,2019-12-18,2.4,46333,45268.0,5
E2743,Riya Singh,Female,IT,Bengaluru,2016-08-22,7.2,78992,39552.0,2
E2744,Priya Kumar,Female,Sales,Hyderabad,2014-08-22,13.2,165348,34931.0,4
E2745,Riya Sharma,Female,Operations,Hyderabad,2017-11-04,18.9,124660,13182.0,3
E2746,Diya Mehta,Female,Finance,Mumbai,2012-07-25,0.8,73910,36011.0,5
E2747,Aditya Mehta,Male,IT,Bengaluru,2024-11-23,16.4,130188,46211.0,5
E2748,Diya Sharma,Male,IT,Delhi,2021-04-04,1.9,165475,22590.0,5
E2749,Vivaan Mehta,Female,IT,Bengaluru,2022-09-09,10.5,161713,26807.0,3
E2750,Neha Sharma,Female,Marketing,Lucknow,2016-02-29,6.7,62415,40338.0,5
E2751,Neha Gupta,Female,HR,Bengaluru,2020-07-16,11.6,138696,42325.0,5
E2752,Karan Verma,Male,IT,Jaipur,2014-01-23,7.6,58613,11967.0,2
E2753,Diya Gupta,Male,Operations,Bengaluru,2022-08-09,2.4,40928,,5
E2754,Vivaan Sharma,Male,HR,Lucknow,2020-10-30,9.0,26525,11571.0,5
E2755,Priya Joshi,Female,Marketing,Hyderabad,2014-05-10,1.8,163152,25228.0,3
E2756,Riya Verma,Female,Marketing,Lucknow,2019-04-22,19.4,46666,41110.0,5
E2757,Riya Kumar,Male,Marketing,Lucknow,2016-06-12,16.2,101604,6316.0,3
E2758,Diya Das,Female,Operations,Bengaluru,2021-03-01,1.0,60231,9027.0,3
E2759,Vivaan Patel,Female,IT,Bengaluru,2016-12-27,11.7,171186,27906.0,4
E2760,Aarav Singh,Female,HR,Jaipur,2016-06-13,15.7,95805,6394.0,2
E2761,Karan Gupta,Male,HR,Mumbai,2014-06-19,3.8,50439,7278.0,3
E2762,Riya Joshi,Female,IT,Hyderabad,2015-04-01,18.3,131030,26705.0,2
E2763,Aarav Joshi,Female,Sales,Lucknow,2018-07-23,17.0,79817,47000.0,2
E2764,Neha Patel,Male,HR,Bengaluru,2020-06-04,6.0,137924,35125.0,4
E2765,Rahul Verma,Male,Sales,Delhi,2013-03-10,14.8,168653,49546.0,5
E2766,Aditya Gupta,Male,Operations,Jaipur,2018-02-20,13.0,79589,46322.0,5
E2767,Priya Mehta,Female,Sales,Lucknow,2013-01-03,4.7,171629,49956.0,3
E2768,Riya Das,Female,Marketing,Jaipur,2016-01-26,9.2,150943,25957.0,3
E2769,Aarav Kumar,Male,Operations,Delhi,2021-10-26,2.9,44401,33010.0,3
E2770,Diya Verma,Male,IT,Bengaluru,2020-04-16,19.1,56687,30158.0,5
E2771,Riya Mehta,Male,Finance,Jaipur,2012-01-30,16.2,102287,31007.0,2
E2772,Vivaan Kumar,Female,HR,Pune,2023-09-22,18.3,122398,14555.0,4
E2773,Diya Sharma,Male,Finance,Jaipur,2023-11-22,10.9,97486,38891.0,4
E2774,Karan Patel,Male,Sales,Jaipur,2014-05-03,3.3,130838,16538.0,4
E2775,Aarav Mehta,Male,IT,Mumbai,2018-07-06,15.4,104669,12470.0,4
E2776,Amit Joshi,Male,IT,Delhi,2022-03-15,19.3,35940,41104.0,5
E2777,Vivaan Yadav,Male,HR,Mumbai,2024-04-20,9.5,95128,10716.0,5
E2778,Sneha Das,Female,Finance,Jaipur,2014-07-01,7.0,117026,47225.0,5
E2779,Priya Patel,Female,Sales,Pune,2016-04-12,16.7,57921,25005.0,5
E2780,Aditya Patel,Female,Sales,Jaipur,2025-08-01,17.9,50685,35288.0,4
E2781,Aditya Mehta,Female,Marketing,Hyderabad,2020-03-06,14.0,91144,35887.0,5
E2782,Aditya Mehta,Male,HR,Jaipur,2012-01-19,3.8,179428,11185.0,3
E2783,Amit Yadav,Female,Marketing,Hyderabad,2023-08-30,16.9,86862,48838.0,2
E2784,Neha Mehta,Male,IT,Lucknow,2017-08-17,6.6,42306,40332.0,5
E2785,Sneha Yadav,Male,Operations,Lucknow,2019-07-09,14.4,85825,14901.0,4
E2786,Amit Patel,Female,Marketing,Jaipur,2020-09-17,1.9,112520,47148.0,4
E2787,Karan Patel,Male,Operations,Delhi,2021-06-03,18.6,150104,44220.0,2
E2788,Karan Gupta,Female,IT,Lucknow,2015-12-23,0.9,93530,33622.0,2
E2789,Amit Yadav,Male,IT,Pune,2014-01-31,7.4,64262,43048.0,3
E2790,Aditya Yadav,Female,Marketing,Lucknow,2017-04-24,4.1,37851,29940.0,2
E2791,Aarav Yadav,Female,Marketing,Delhi,2019-04-04,17.3,114553,25636.0,3
E2792,Aditya Patel,Male,Marketing,Jaipur,2023-10-24,6.8,118333,36509.0,4
E2793,Rahul Mehta,Male,Sales,Jaipur,2023-02-06,12.2,131899,18515.0,3
E2794,Karan Sharma,Female,Sales,Pune,2025-01-18,0.9,151598,35363.0,4
E2795,Karan Kumar,Male,HR,Mumbai,2025-02-13,17.5,132162,46727.0,3
E2796,Neha Singh,Female,Finance,Jaipur,2024-02-19,14.7,25742,45201.0,4
E2797,Aditya Yadav,Female,Sales,Pune,2023-10-23,3.2,45292,46662.0,4
E2798,Sneha Mehta,Female,IT,Hyderabad,2023-10-30,18.3,81522,31074.0,2
E2799,Aditya Sharma,Male,Sales,Lucknow,2020-01-27,17.6,153307,30208.0,5
E2800,Ananya Sharma,Female,Sales,Pune,2015-06-28,12.8,29885,32495.0,2
E2801,Amit Gupta,Male,Marketing,Jaipur,2012-12-24,1.0,165835,11692.0,4
E2802,Sneha Joshi,Male,HR,Pune,2021-12-29,18.1,41120,5995.0,2
E2803,Karan Joshi,Female,Sales,Hyderabad,2015-12-20,15.4,80960,11728.0,2
E2804,Priya Gupta,Male,Marketing,Hyderabad,2022-12-28,3.4,142625,12393.0,3
E2805,Priya Das,Female,HR,Pune,2023-01-04,4.3,179958,40373.0,4
E2806,Karan Kumar,Female,IT,Mumbai,2016-06-04,1.0,144473,33192.0,4
E2807,Amit Joshi,Female,HR,Bengaluru,2021-10-23,17.1,112693,36512.0,4
E2808,Aditya Joshi,Female,Operations,Delhi,2020-07-19,4.6,87637,7185.0,2
E2809,Rahul Singh,Female,Marketing,Delhi,2020-12-15,15.4,115808,16572.0,2
E2810,Sneha Patel,Female,HR,Bengaluru,2019-03-17,2.6,42603,44795.0,5
E2811,Amit Joshi,Female,Finance,Bengaluru,2022-08-04,19.3,119533,18282.0,2
E2812,Rahul Singh,Male,Finance,Jaipur,2019-05-12,7.7,60047,37375.0,5
E2813,Amit Sharma,Male,Marketing,Pune,2024-07-07,10.7,114724,33322.0,2
E2814,Aditya Gupta,Female,Sales,Pune,2025-06-26,18.0,54610,46457.0,4
E2815,Sneha Verma,Female,Finance,Pune,2020-12-22,19.8,99756,44333.0,2
E2816,Neha Singh,Female,HR,Jaipur,2025-07-29,6.2,157193,38724.0,5
E2817,Priya Joshi,Male,Operations,Hyderabad,2017-05-05,17.9,111382,20579.0,4
E2818,Diya Gupta,Male,IT,Lucknow,2018-06-24,17.0,162136,42871.0,5
E2819,Diya Verma,Female,Sales,Pune,2025-04-30,2.0,91271,12633.0,5
E2820,Rahul Das,Female,IT,Delhi,2023-07-10,5.7,58724,35216.0,3
E2821,Amit Sharma,Male,HR,Mumbai,2020-06-29,13.6,68453,29408.0,3
E2822,Amit Verma,Male,HR,Delhi,2012-07-21,1.7,75854,,5
E2823,Karan Joshi,Female,HR,Lucknow,2020-04-01,2.0,104764,39806.0,5
E2824,Diya Yadav,Female,IT,Mumbai,2013-03-12,15.1,154759,32203.0,2
E2825,Vivaan Das,Female,Marketing,Jaipur,2017-06-05,16.1,129649,24427.0,5
E2826,Ananya Patel,Male,Marketing,Hyderabad,2020-04-12,1.2,96033,37944.0,5
E2827,Rahul Yadav,Male,HR,Lucknow,2021-01-09,14.8,91449,49769.0,3
E2828,Diya Singh,Male,Operations,Bengaluru,2024-05-17,0.7,92334,27376.0,3
E2829,Riya Yadav,Female,Sales,Jaipur,2014-03-28,15.2,128600,37940.0,2
E2830,Vivaan Sharma,Male,Operations,Delhi,2016-04-18,15.8,108812,31020.0,2
E2831,Priya Mehta,Female,HR,Jaipur,2013-10-29,5.0,30765,36448.0,3
E2832,Aarav Mehta,Male,Marketing,Pune,2021-09-08,14.0,95069,27386.0,2
E2833,Rahul Verma,Male,IT,Bengaluru,2025-07-03,13.8,67145,28886.0,2
E2834,Ananya Joshi,Female,Marketing,Jaipur,2024-05-20,6.0,29978,41860.0,2
E2835,Ananya Das,Female,Operations,Hyderabad,2022-11-04,4.6,59890,49561.0,2
E2836,Aditya Sharma,Male,IT,Hyderabad,2023-06-17,3.1,108404,24343.0,2
E2837,Neha Yadav,Female,Marketing,Mumbai,2024-09-07,20.0,138761,23315.0,2
E2838,Riya Verma,Male,HR,Delhi,2013-11-13,19.7,134261,25702.0,4
E2839,Aditya Joshi,Female,Finance,Bengaluru,2019-09-25,10.1,27639,33541.0,5
E2840,Vivaan Kumar,Male,Marketing,Hyderabad,2019-03-02,1.5,152564,39668.0,3
E2841,Aditya Das,Female,Marketing,Jaipur,2019-08-06,19.2,58581,36065.0,5
E2842,Ananya Kumar,Male,Operations,Bengaluru,2014-01-01,10.8,28075,30841.0,5
E2843,Ananya Patel,Male,Sales,Mumbai,2021-03-26,7.6,178639,35409.0,4
E2844,Diya Joshi,Female,HR,Jaipur,2017-08-05,19.1,53625,49130.0,5
E2845,Rahul Yadav,Male,Finance,Lucknow,2024-05-04,8.3,155670,46738.0,5
E2846,Riya Singh,Male,Finance,Pune,2012-06-28,3.6,177821,29432.0,4
E2847,Priya Gupta,Female,Finance,Bengaluru,2021-10-26,15.9,67485,13915.0,2
E2848,Karan Gupta,Male,Sales,Hyderabad,2020-12-17,14.3,169087,28507.0,4
E2849,Sneha Yadav,Female,Finance,Hyderabad,2019-03-30,0.9,42533,7143.0,3
E2850,Diya Mehta,Female,Marketing,Jaipur,2012-02-04,6.1,59782,18914.0,2
E2851,Karan Mehta,Female,Marketing,Pune,2025-04-04,12.7,146432,46192.0,4
E2852,Rahul Das,Male,HR,Mumbai,2021-08-17,15.8,122182,14955.0,3
E2853,Neha Kumar,Female,IT,Hyderabad,2012-11-18,14.4,93570,10036.0,4
E2854,Amit Joshi,Female,Operations,Delhi,2018-10-05,8.4,71807,37626.0,5
E2855,Neha Singh,Male,Finance,Pune,2012-03-18,1.3,125740,10445.0,2
E2856,Karan Joshi,Female,Marketing,Bengaluru,2014-06-08,10.1,167973,41863.0,2
E2857,Ananya Mehta,Female,IT,Bengaluru,2017-05-26,6.1,56945,15494.0,3
E2858,Amit Singh,Male,HR,Mumbai,2021-10-14,11.9,123429,23134.0,4
E2859,Sneha Yadav,Female,IT,Jaipur,2022-04-28,11.5,135691,48651.0,5
E2860,Riya Joshi,Female,HR,Lucknow,2013-02-28,7.6,137098,9361.0,3
E2861,Priya Mehta,Female,Finance,Jaipur,2017-10-09,19.7,52026,46542.0,2
E2862,Neha Gupta,Female,Finance,Jaipur,2013-02-07,19.5,46058,39655.0,5
E2863,Ananya Joshi,Female,Operations,Jaipur,2019-08-25,11.9,82666,47827.0,4
E2864,Diya Kumar,Female,Finance,Bengaluru,2015-05-06,15.2,28280,49545.0,5
E2865,Aditya Yadav,Female,Sales,Mumbai,2020-05-19,6.9,107193,24444.0,3
E2866,Riya Singh,Female,Operations,Bengaluru,2025-09-02,1.4,47910,5731.0,2
E2867,Neha Joshi,Female,Operations,Mumbai,2024-07-15,16.7,94330,24656.0,5
E2868,Aarav Patel,Female,IT,Lucknow,2021-06-17,19.6,35344,11509.0,5
E2869,Vivaan Yadav,Male,Operations,Jaipur,2022-10-25,6.5,33465,25231.0,5
E2870,Neha Kumar,Female,Operations,Hyderabad,2018-09-23,11.5,90950,6047.0,4
E2871,Riya Yadav,Male,Sales,Mumbai,2023-09-02,1.7,138008,43419.0,2
E2872,Ananya Gupta,Female,Marketing,Bengaluru,2015-02-18,2.9,42726,18680.0,5
E2873,Ananya Singh,Female,IT,Mumbai,2016-01-18,15.8,145675,8601.0,5
E2874,Diya Sharma,Male,Sales,Lucknow,2016-04-18,4.7,63941,31686.0,4
E2875,Ananya Gupta,Female,IT,Pune,2014-04-17,16.9,102513,17979.0,3
E2876,Riya Joshi,Female,IT,Bengaluru,2020-08-21,17.8,126837,19235.0,2
E2877,Neha Verma,Female,Finance,Lucknow,2012-05-03,1.6,79396,33314.0,3
E2878,Karan Kumar,Female,Operations,Mumbai,2012-11-06,18.6,88664,25210.0,4
E2879,Karan Kumar,Male,Sales,Delhi,2015-01-06,17.9,139878,40857.0,3
E2880,Riya Das,Male,Operations,Bengaluru,2020-11-01,16.1,90602,14134.0,3
E2881,Riya Sharma,Male,Operations,Delhi,2012-06-21,7.9,110100,26690.0,2
E2882,Rahul Gupta,Female,HR,Hyderabad,2018-09-27,9.1,33034,25164.0,4
E2883,Aarav Gupta,Male,HR,Hyderabad,2016-04-03,18.7,45887,36008.0,4
E2884,Ananya Patel,Female,IT,Jaipur,2024-02-13,4.0,26287,39806.0,2
E2885,Ananya Sharma,Female,Marketing,Bengaluru,2024-08-26,7.5,136487,43286.0,2
E2886,Karan Das,Female,Sales,Delhi,2025-04-10,0.8,93712,36629.0,3
E2887,Vivaan Mehta,Female,HR,Lucknow,2021-03-06,15.1,168117,45137.0,5
E2888,Aditya Joshi,Female,Marketing,Delhi,2020-03-30,10.0,102261,26616.0,5
E2889,Rahul Patel,Female,Marketing,Mumbai,2015-01-12,10.0,170086,39060.0,3
E2890,Diya Sharma,Male,Marketing,Hyderabad,2023-04-17,11.3,54227,9366.0,5
E2891,Diya Sharma,Female,Marketing,Delhi,2012-03-09,0.7,33142,11410.0,2
E2892,Diya Gupta,Male,Marketing,Hyderabad,2018-08-29,3.8,143581,5931.0,4
E2893,Aarav Das,Female,Sales,Mumbai,2014-12-17,5.9,68034,18582.0,4
E2894,Karan Gupta,Male,HR,Mumbai,2019-07-28,0.0,98187,26320.0,4
E2895,Aarav Yadav,Male,HR,Lucknow,2018-09-03,13.1,78600,11999.0,2
E2896,Priya Gupta,Female,Sales,Delhi,2020-11-25,10.3,135719,37738.0,2
E2897,Aarav Patel,Female,IT,Pune,2017-09-07,6.4,112680,20641.0,2
E2898,Priya Mehta,Male,HR,Mumbai,2019-10-28,14.9,176391,,5
E2899,Vivaan Verma,Male,Sales,Hyderabad,2023-05-01,10.1,93266,8904.0,3
E2900,Karan Patel,Female,Marketing,Delhi,2018-02-09,5.7,47968,40526.0,5
E2901,Karan Gupta,Male,IT,Hyderabad,2013-04-16,8.8,127088,18008.0,4
E2902,Sneha Yadav,Female,IT,Hyderabad,2021-03-13,13.2,116569,5679.0,3
E2903,Amit Sharma,Female,IT,Delhi,2015-01-22,5.7,34501,,5
E2904,Rahul Verma,Female,HR,Hyderabad,2018-08-27,18.8,88485,41623.0,4
E2905,Sneha Sharma,Female,Sales,Delhi,2020-05-08,19.2,55646,28629.0,4
E2906,Vivaan Mehta,Female,Operations,Lucknow,2015-03-02,17.1,154012,47281.0,3
E2907,Sneha Yadav,Male,Operations,Lucknow,2013-01-22,19.2,161991,12177.0,4
E2908,Diya Mehta,Male,HR,Pune,2018-02-20,19.2,131076,19446.0,2
E2909,Sneha Kumar,Female,Finance,Bengaluru,2023-07-24,9.3,27828,38211.0,3
E2910,Ananya Das,Female,HR,Jaipur,2020-11-26,13.4,101796,24092.0,2
E2911,Amit Das,Male,Marketing,Mumbai,2016-04-18,11.9,61179,46840.0,4
E2912,Vivaan Yadav,Male,HR,Delhi,2021-03-02,11.5,148473,13376.0,3
E2913,Vivaan Das,Female,Finance,Jaipur,2020-12-02,18.4,80742,44509.0,3
E2914,Neha Kumar,Female,HR,Bengaluru,2012-11-27,19.6,111093,26509.0,4
E2915,Karan Singh,Male,Finance,Mumbai,2022-08-23,0.1,172290,31157.0,3
E2916,Aditya Yadav,Female,Operations,Lucknow,2017-06-18,10.1,33802,5441.0,4
E2917,Diya Singh,Female,HR,Lucknow,2015-08-25,19.6,70082,45043.0,4
E2918,Riya Mehta,Female,Operations,Delhi,2020-06-17,9.4,170012,42418.0,2
E2919,Karan Mehta,Female,Finance,Pune,2024-02-10,19.7,65882,37605.0,3
E2920,Sneha Yadav,Male,Finance,Delhi,2013-04-13,9.6,142890,30395.0,3
E2921,Sneha Sharma,Male,HR,Pune,2016-06-19,1.1,158911,11934.0,4
E2922,Amit Kumar,Male,Operations,Jaipur,2015-04-04,3.4,73950,32635.0,5
E2923,Priya Mehta,Female,Finance,Jaipur,2024-02-29,4.1,58207,13522.0,4
E2924,Diya Joshi,Female,Sales,Delhi,2013-11-18,13.1,167664,11832.0,4
E2925,Karan Yadav,Male,Marketing,Bengaluru,2024-08-31,18.4,149008,18769.0,4
E2926,Priya Patel,Female,IT,Lucknow,2013-07-29,18.9,30600,39533.0,2
E2927,Neha Yadav,Male,Finance,Delhi,2018-01-21,15.5,137142,15746.0,3
E2928,Aarav Joshi,Female,Sales,Delhi,2017-02-12,7.3,163355,33714.0,2
E2929,Sneha Patel,Male,Finance,Jaipur,2023-10-09,7.0,94563,32668.0,2
E2930,Karan Kumar,Female,IT,Delhi,2020-03-10,9.7,77128,17888.0,3
E2931,Sneha Yadav,Male,Marketing,Mumbai,2015-01-18,6.9,179920,36102.0,2
E2932,Vivaan Singh,Female,Marketing,Delhi,2019-01-23,10.2,141862,37510.0,4
E2933,Aditya Singh,Male,IT,Bengaluru,2014-06-25,14.2,50111,47920.0,4
E2934,Ananya Joshi,Male,IT,Jaipur,2017-08-10,0.4,34693,34398.0,4
E2935,Neha Verma,Male,Operations,Lucknow,2020-03-28,5.0,106640,14233.0,3
E2936,Neha Gupta,Male,Finance,Pune,2015-04-02,11.0,170077,37593.0,4
E2937,Aarav Kumar,Male,IT,Bengaluru,2023-12-01,20.0,56755,23062.0,3
E2938,Diya Mehta,Male,HR,Pune,2012-06-20,15.0,113513,36530.0,5
E2939,Riya Joshi,Male,IT,Mumbai,2020-11-01,7.2,68456,19205.0,3
E2940,Riya Gupta,Female,HR,Mumbai,2017-07-12,7.3,118787,27313.0,4
E2941,Neha Patel,Male,Operations,Delhi,2018-10-27,15.9,119580,42189.0,5
E2942,Ananya Sharma,Female,Sales,Pune,2019-01-21,2.3,75474,40571.0,2
E2943,Sneha Patel,Male,HR,Lucknow,2012-01-28,3.1,27132,30694.0,2
E2944,Diya Yadav,Female,HR,Delhi,2021-11-06,6.5,63941,30182.0,3
E2945,Diya Verma,Male,IT,Pune,2014-02-07,2.6,36975,40982.0,2
E2946,Rahul Joshi,Male,Sales,Jaipur,2018-10-02,16.0,40166,48342.0,3
E2947,Vivaan Kumar,Female,HR,Mumbai,2017-09-13,9.3,166872,42119.0,5
E2948,Priya Sharma,Male,IT,Bengaluru,2021-04-01,2.5,62464,41736.0,4
E2949,Aditya Sharma,Female,Operations,Pune,2018-02-14,16.4,159002,35420.0,4
E2950,Priya Kumar,Male,Finance,Delhi,2014-07-01,6.0,56371,13769.0,2
E2951,Vivaan Patel,Female,HR,Jaipur,2019-12-10,0.5,36305,39996.0,4
E2952,Rahul Sharma,Male,IT,Jaipur,2019-10-29,2.9,178862,10811.0,4
E2953,Diya Kumar,Female,Marketing,Pune,2012-09-24,10.8,83119,25937.0,2
E2954,Vivaan Yadav,Female,Marketing,Pune,2023-03-31,16.4,163155,25011.0,4
E2955,Riya Sharma,Male,Operations,Delhi,2022-06-17,8.2,123571,43639.0,4
E2956,Neha Das,Male,Sales,Pune,2019-09-24,0.8,40005,35926.0,4
E2957,Amit Das,Female,Marketing,Hyderabad,2012-07-27,2.4,42476,8338.0,5
E2958,Ananya Sharma,Male,Sales,Hyderabad,2013-03-09,0.9,147145,17157.0,4
E2959,Sneha Verma,Male,Sales,Hyderabad,2017-07-26,16.6,144863,49708.0,2
E2960,Diya Verma,Male,IT,Hyderabad,2012-02-15,8.1,140602,25900.0,4
E2961,Diya Kumar,Male,Finance,Pune,2020-12-01,5.2,127516,43291.0,5
E2962,Vivaan Kumar,Female,Operations,Bengaluru,2022-05-23,13.7,175150,44646.0,2
E2963,Aarav Verma,Female,Finance,Lucknow,2013-10-01,11.7,84862,15437.0,2
E2964,Ananya Singh,Female,Sales,Delhi,2020-05-17,6.8,44749,29424.0,3
E2965,Riya Singh,Male,Operations,Mumbai,2017-05-15,2.0,81152,30390.0,5
E2966,Neha Verma,Male,IT,Bengaluru,2014-08-26,19.3,160810,6736.0,4
E2967,Sneha Sharma,Male,Finance,Jaipur,2020-12-28,12.5,65524,38913.0,4
E2968,Aarav Gupta,Female,Sales,Delhi,2018-02-23,3.2,80614,6991.0,2
E2969,Riya Sharma,Male,Operations,Pune,2020-11-07,15.6,39900,45359.0,4
E2970,Sneha Sharma,Female,Sales,Jaipur,2018-05-14,1.1,108043,35280.0,3
E2971,Priya Kumar,Male,Sales,Jaipur,2018-01-26,0.2,100434,18206.0,3
E2972,Riya Kumar,Female,Finance,Jaipur,2023-06-17,18.2,56997,14975.0,4
E2973,Ananya Patel,Male,Sales,Pune,2013-02-28,3.6,119105,24062.0,2
E2974,Rahul Yadav,Female,Marketing,Pune,2017-03-09,7.6,144346,45819.0,4
E2975,Priya Gupta,Female,HR,Bengaluru,2017-06-17,15.8,26582,28852.0,4
E2976,Amit Gupta,Female,IT,Pune,2013-01-07,2.9,32041,26266.0,4
E2977,Aarav Joshi,Male,Marketing,Hyderabad,2019-10-13,14.3,43420,38095.0,3
E2978,Diya Yadav,Female,Marketing,Pune,2019-02-03,2.4,104793,5330.0,3
E2979,Neha Singh,Female,Operations,Lucknow,2017-10-25,12.9,95904,38698.0,5
E2980,Amit Das,Male,IT,Jaipur,2022-12-30,18.7,39642,30618.0,4
E2981,Ananya Verma,Female,HR,Pune,2017-10-11,10.0,40306,39725.0,4
E2982,Vivaan Yadav,Female,IT,Mumbai,2023-11-17,11.3,165979,34657.0,5
E2983,Diya Patel,Female,Marketing,Hyderabad,2018-01-06,0.2,45890,8375.0,5
E2984,Vivaan Mehta,Male,Marketing,Mumbai,2021-03-30,7.5,124200,38750.0,2
E2985,Aarav Verma,Female,HR,Lucknow,2015-06-12,16.4,146628,44412.0,2
E2986,Rahul Singh,Male,Operations,Lucknow,2015-09-07,13.6,145777,20906.0,3
E2987,Aditya Gupta,Male,Sales,Mumbai,2022-06-09,4.6,123259,36069.0,2
E2988,Riya Patel,Male,Finance,Hyderabad,2019-07-15,9.1,159215,37239.0,2
E2989,Priya Singh,Male,HR,Hyderabad,2022-02-22,4.1,94800,16307.0,3
E2990,Sneha Mehta,Female,Operations,Lucknow,2015-03-08,10.5,28784,49220.0,4
E2991,Ananya Joshi,Male,HR,Delhi,2021-09-23,1.8,25277,,4
E2992,Karan Mehta,Male,Finance,Jaipur,2023-02-18,17.2,99585,14447.0,4
E2993,Amit Verma,Male,Operations,Lucknow,2022-12-04,12.7,134447,,4
E2994,Riya Yadav,Female,IT,Mumbai,2012-12-17,17.0,36107,33625.0,3
E2995,Amit Patel,Male,Finance,Lucknow,2020-04-18,6.6,144235,44386.0,4
E2996,Vivaan Yadav,Male,Finance,Bengaluru,2013-02-06,7.9,116726,37485.0,5
E2997,Priya Mehta,Male,Marketing,Hyderabad,2017-07-10,8.1,59599,28297.0,5
E2998,Riya Verma,Male,Finance,Jaipur,2025-09-04,14.8,37108,46069.0,2
E2999,Diya Das,Female,Sales,Hyderabad,2020-08-09,1.5,164655,41583.0,2
E3000,Rahul Das,Male,Finance,Lucknow,2016-06-08,1.0,100765,29763.0,5
