Match_ID,Season,Date,Venue,Team1,Team2,Toss_Winner,Toss_Decision,Winner,Team1_Score,Team2_Score,Highest_Scorer,Highest_Runs,Best_Bowler,Wickets,Player_of_Match,Fours,Sixes,Extras,Weather
1,2019,4/2/2018,Eden Gardens,KKR,GT,GT,Field,KKR,178,113,Suryakumar Yadav,108,Shami,4,MS Dhoni,12,114,11,Sunny
2,2020,4/3/2018,Wankhede,PBKS,GT,PBKS,Bat,PBKS,200,187,Shubman Gill,38,Bumrah,3,Virat Kohli,14,93,8,Sunny
3,2021,4/4/2018,Arun Jaitley,LSG,GT,LSG,Bat,LSG,203,151,Suryakumar Yadav,45,Narine,2,Rohit Sharma,19,74,22,Sunny
4,2022,4/5/2018,Eden Gardens,GT,SRH,GT,Bat,GT,208,108,Shubman Gill,113,Bumrah,6,Shubman Gill,14,86,19,Sunny
5,2023,4/6/2018,Chepauk,SRH,RCB,SRH,Field,SRH,231,136,Jos Buttler,67,Bumrah,6,Rohit Sharma,17,95,15,Clear
6,2024,4/7/2018,Chepauk,KKR,GT,GT,Field,KKR,238,215,Shubman Gill,47,Bumrah,2,Shubman Gill,20,104,15,Cloudy
7,2025,4/8/2018,Narendra Modi,MI,LSG,LSG,Field,MI,146,135,MS Dhoni,123,Rabada,5,MS Dhoni,25,108,18,Clear
8,2018,4/9/2018,Narendra Modi,CSK,RCB,CSK,Field,CSK,234,146,Suryakumar Yadav,54,Chahal,2,KL Rahul,11,101,22,Cloudy
9,2019,4/10/2018,Narendra Modi,SRH,LSG,SRH,Field,LSG,203,204,Jos Buttler,79,Bumrah,3,Jos Buttler,10,107,10,Clear
10,2020,4/11/2018,Arun Jaitley,SRH,LSG,SRH,Bat,SRH,238,147,Rohit Sharma,96,Rashid Khan,2,Rohit Sharma,18,118,16,Cloudy
11,2021,4/12/2018,Chinnaswamy,CSK,SRH,CSK,Field,CSK,214,164,Jasprit Bumrah,62,Rashid Khan,5,Jasprit Bumrah,12,43,17,Cloudy
12,2022,4/13/2018,Eden Gardens,LSG,PBKS,PBKS,Bat,LSG,162,125,Jos Buttler,78,Rashid Khan,2,Jos Buttler,16,60,10,Sunny
13,2023,4/14/2018,Eden Gardens,GT,RCB,RCB,Field,GT,121,120,Virat Kohli,50,Bumrah,4,Virat Kohli,22,87,17,Sunny
14,2024,4/15/2018,Wankhede,KKR,SRH,KKR,Bat,SRH,147,190,Suryakumar Yadav,95,Chahal,1,Shubman Gill,21,117,11,Sunny
15,2025,4/16/2018,Narendra Modi,DC,GT,GT,Field,GT,209,216,Jos Buttler,90,Arshdeep,2,Jos Buttler,8,86,11,Sunny
16,2018,4/17/2018,Wankhede,MI,DC,MI,Bat,MI,167,162,Yuzvendra Chahal,108,Chahal,3,Yuzvendra Chahal,19,71,15,Sunny
17,2019,4/18/2018,Chinnaswamy,PBKS,RCB,RCB,Bat,PBKS,222,138,Shubman Gill,119,Narine,2,Yuzvendra Chahal,10,100,18,Cloudy
18,2020,4/19/2018,Wankhede,RR,RCB,RR,Bat,RR,234,117,Jos Buttler,87,Narine,1,Jos Buttler,8,81,15,Sunny
19,2021,4/20/2018,Chepauk,DC,RCB,RCB,Field,DC,195,193,Rashid Khan,69,Narine,3,Rashid Khan,21,45,13,Cloudy
20,2022,4/21/2018,Wankhede,RR,LSG,LSG,Field,LSG,153,168,Rashid Khan,30,Narine,1,Rashid Khan,17,75,22,Clear
21,2023,4/22/2018,Chinnaswamy,RR,SRH,SRH,Bat,RR,237,195,Jasprit Bumrah,43,Arshdeep,4,Jasprit Bumrah,21,47,18,Cloudy
22,2024,4/23/2018,Narendra Modi,MI,PBKS,MI,Bat,MI,220,125,Jasprit Bumrah,120,Siraj,4,Jasprit Bumrah,11,92,14,Clear
23,2025,4/24/2018,Arun Jaitley,DC,SRH,SRH,Bat,SRH,133,139,Virat Kohli,125,Chahal,1,Rashid Khan,20,100,16,Cloudy
24,2018,4/25/2018,Eden Gardens,RR,GT,RR,Field,RR,209,163,Virat Kohli,68,Arshdeep,4,Jos Buttler,19,105,13,Sunny
25,2019,4/26/2018,Wankhede,KKR,MI,MI,Field,KKR,193,172,Shubman Gill,84,Bumrah,2,Shubman Gill,10,65,19,Clear
26,2020,4/27/2018,Arun Jaitley,MI,LSG,LSG,Field,MI,195,134,Virat Kohli,35,Siraj,1,Shubman Gill,22,55,18,Clear
27,2021,4/28/2018,Wankhede,RR,GT,RR,Field,RR,215,119,Jos Buttler,79,Chahal,2,Jos Buttler,14,46,11,Cloudy
28,2022,4/29/2018,Wankhede,KKR,CSK,CSK,Field,CSK,151,162,Virat Kohli,114,Rabada,1,Rashid Khan,9,114,20,Clear
29,2023,4/30/2018,Eden Gardens,LSG,SRH,LSG,Bat,LSG,240,211,Virat Kohli,30,Chahal,3,Virat Kohli,17,78,9,Sunny
30,2024,5/1/2018,Chepauk,SRH,RR,SRH,Field,SRH,227,159,Suryakumar Yadav,89,Bumrah,1,Suryakumar Yadav,16,93,9,Clear
31,2025,5/2/2018,Narendra Modi,RR,MI,MI,Field,MI,166,186,Yuzvendra Chahal,83,Chahal,6,Yuzvendra Chahal,12,45,21,Clear
32,2018,5/3/2018,Chepauk,CSK,PBKS,PBKS,Field,PBKS,210,222,Rashid Khan,92,Chahal,4,MS Dhoni,9,70,14,Cloudy
33,2019,5/4/2018,Wankhede,RCB,CSK,CSK,Field,CSK,160,216,Shubman Gill,111,Arshdeep,6,Shubman Gill,17,51,18,Sunny
34,2020,5/5/2018,Chepauk,KKR,SRH,KKR,Field,KKR,147,112,Jos Buttler,78,Narine,5,Jos Buttler,19,42,8,Sunny
35,2021,5/6/2018,Eden Gardens,PBKS,RCB,RCB,Bat,PBKS,135,112,Suryakumar Yadav,127,Narine,4,Suryakumar Yadav,22,46,10,Clear
36,2022,5/7/2018,Eden Gardens,DC,RCB,DC,Field,RCB,169,209,Virat Kohli,124,Siraj,1,Virat Kohli,23,101,11,Sunny
37,2023,5/8/2018,Narendra Modi,CSK,GT,CSK,Bat,CSK,186,119,KL Rahul,58,Shami,6,MS Dhoni,25,108,15,Clear
38,2024,5/9/2018,Chepauk,GT,KKR,GT,Field,KKR,190,192,Suryakumar Yadav,78,Siraj,6,Suryakumar Yadav,17,86,16,Cloudy
39,2025,5/10/2018,Chinnaswamy,LSG,CSK,CSK,Field,CSK,170,207,Virat Kohli,60,Bumrah,2,Virat Kohli,21,50,22,Clear
40,2018,5/11/2018,Narendra Modi,DC,RCB,RCB,Field,DC,212,152,Shubman Gill,45,Arshdeep,4,Rashid Khan,9,113,18,Cloudy
41,2019,5/12/2018,Eden Gardens,RR,PBKS,RR,Field,RR,212,126,MS Dhoni,119,Rabada,6,Jos Buttler,23,100,14,Sunny
42,2020,5/13/2018,Chepauk,RCB,LSG,RCB,Field,RCB,160,107,Rashid Khan,108,Bumrah,3,Yuzvendra Chahal,22,65,10,Cloudy
43,2021,5/14/2018,Wankhede,RCB,LSG,RCB,Field,LSG,123,198,Jasprit Bumrah,51,Bumrah,2,Jasprit Bumrah,25,88,8,Sunny
44,2022,5/15/2018,Chepauk,RR,DC,RR,Bat,DC,193,206,Virat Kohli,95,Siraj,1,Virat Kohli,8,66,15,Cloudy
45,2023,5/16/2018,Wankhede,DC,KKR,DC,Bat,KKR,171,177,Yuzvendra Chahal,51,Siraj,3,Suryakumar Yadav,9,67,16,Sunny
46,2024,5/17/2018,Chepauk,GT,RCB,GT,Bat,GT,239,170,Jos Buttler,55,Chahal,3,Jos Buttler,13,83,8,Cloudy
47,2025,5/18/2018,Chinnaswamy,RR,SRH,SRH,Field,SRH,156,181,Shubman Gill,83,Arshdeep,3,Yuzvendra Chahal,12,42,11,Clear
48,2018,5/19/2018,Arun Jaitley,RR,CSK,RR,Field,RR,238,221,Jasprit Bumrah,35,Rashid Khan,4,Jasprit Bumrah,20,92,18,Clear
49,2019,5/20/2018,Wankhede,DC,RCB,RCB,Bat,RCB,150,225,Shubman Gill,130,Shami,4,Shubman Gill,25,118,20,Sunny
50,2020,5/21/2018,Narendra Modi,SRH,LSG,SRH,Bat,LSG,170,226,MS Dhoni,98,Rabada,6,Shubman Gill,24,115,11,Sunny
51,2021,5/22/2018,Chinnaswamy,KKR,CSK,CSK,Bat,CSK,180,206,KL Rahul,117,Siraj,4,KL Rahul,24,74,20,Clear
52,2022,5/23/2018,Wankhede,RCB,RR,RR,Bat,RCB,216,136,Virat Kohli,54,Arshdeep,4,MS Dhoni,20,54,18,Sunny
53,2023,5/24/2018,Narendra Modi,PBKS,KKR,PBKS,Bat,PBKS,146,145,Yuzvendra Chahal,118,Rabada,5,Virat Kohli,25,69,19,Sunny
54,2024,5/25/2018,Arun Jaitley,DC,RR,RR,Bat,RR,131,191,KL Rahul,96,Narine,6,KL Rahul,24,52,13,Cloudy
55,2025,5/26/2018,Chinnaswamy,RR,PBKS,RR,Bat,RR,190,146,Jos Buttler,91,Rashid Khan,1,Jos Buttler,20,75,17,Clear
56,2018,5/27/2018,Chinnaswamy,KKR,RCB,KKR,Bat,RCB,150,205,Yuzvendra Chahal,71,Rabada,2,MS Dhoni,22,87,18,Clear
57,2019,5/28/2018,Eden Gardens,GT,PBKS,PBKS,Field,GT,181,143,Jasprit Bumrah,36,Rabada,6,Jasprit Bumrah,23,102,11,Clear
58,2020,5/29/2018,Arun Jaitley,GT,PBKS,PBKS,Bat,GT,153,147,Virat Kohli,128,Bumrah,6,Virat Kohli,15,95,13,Clear
59,2021,5/30/2018,Eden Gardens,PBKS,CSK,CSK,Bat,PBKS,190,158,Jos Buttler,103,Bumrah,2,Jos Buttler,13,45,21,Sunny
60,2022,5/31/2018,Arun Jaitley,CSK,LSG,LSG,Bat,CSK,172,119,Jos Buttler,125,Bumrah,2,Jos Buttler,13,58,14,Cloudy
61,2023,6/1/2018,Wankhede,RCB,CSK,RCB,Field,CSK,152,206,Yuzvendra Chahal,62,Bumrah,5,Yuzvendra Chahal,9,119,9,Clear
62,2024,6/2/2018,Chepauk,PBKS,GT,PBKS,Bat,PBKS,142,132,Rashid Khan,45,Rashid Khan,3,Rashid Khan,18,61,22,Cloudy
63,2025,6/3/2018,Eden Gardens,PBKS,GT,GT,Field,GT,123,130,Virat Kohli,58,Rashid Khan,1,Virat Kohli,8,71,11,Cloudy
64,2018,6/4/2018,Wankhede,MI,SRH,MI,Bat,SRH,138,207,MS Dhoni,100,Rashid Khan,2,MS Dhoni,15,67,22,Clear
65,2019,6/5/2018,Chinnaswamy,DC,RCB,RCB,Bat,RCB,168,229,MS Dhoni,130,Rabada,5,MS Dhoni,21,93,8,Cloudy
66,2020,6/6/2018,Wankhede,GT,RR,RR,Bat,GT,203,203,Jasprit Bumrah,97,Narine,4,Jasprit Bumrah,13,72,19,Clear
67,2021,6/7/2018,Chepauk,RR,LSG,LSG,Bat,RR,198,187,Jasprit Bumrah,129,Bumrah,3,Jasprit Bumrah,13,84,17,Sunny
68,2022,6/8/2018,Chepauk,RR,KKR,RR,Field,RR,211,115,KL Rahul,126,Rabada,4,KL Rahul,12,110,22,Clear
69,2023,6/9/2018,Narendra Modi,GT,KKR,KKR,Bat,GT,228,176,Rohit Sharma,129,Rabada,6,Jasprit Bumrah,18,62,10,Cloudy
70,2024,6/10/2018,Narendra Modi,CSK,PBKS,PBKS,Field,CSK,188,169,Rashid Khan,88,Rashid Khan,5,Rashid Khan,16,42,20,Sunny
71,2025,6/11/2018,Eden Gardens,LSG,RR,RR,Bat,LSG,182,122,Jos Buttler,78,Rabada,6,Jos Buttler,11,112,12,Cloudy
72,2018,6/12/2018,Eden Gardens,SRH,CSK,SRH,Field,SRH,129,120,Rashid Khan,116,Siraj,3,Rashid Khan,21,91,14,Sunny
73,2019,6/13/2018,Chinnaswamy,PBKS,RCB,RCB,Field,PBKS,164,135,Shubman Gill,130,Chahal,2,Shubman Gill,12,87,15,Cloudy
74,2020,6/14/2018,Narendra Modi,DC,LSG,LSG,Bat,DC,204,159,Rashid Khan,42,Narine,4,Rashid Khan,25,98,21,Cloudy
75,2021,6/15/2018,Chinnaswamy,CSK,MI,CSK,Field,CSK,178,124,Jasprit Bumrah,86,Rashid Khan,1,Jasprit Bumrah,16,42,9,Cloudy
76,2022,6/16/2018,Arun Jaitley,KKR,LSG,KKR,Field,KKR,166,101,Shubman Gill,88,Narine,3,Shubman Gill,24,103,9,Clear
77,2023,6/17/2018,Chinnaswamy,LSG,KKR,LSG,Field,KKR,179,225,Suryakumar Yadav,123,Rashid Khan,5,Suryakumar Yadav,20,114,11,Clear
78,2024,6/18/2018,Chepauk,LSG,SRH,LSG,Bat,SRH,125,215,Yuzvendra Chahal,73,Rabada,6,Yuzvendra Chahal,16,87,13,Sunny
79,2025,6/19/2018,Eden Gardens,PBKS,MI,MI,Field,MI,210,221,Shubman Gill,98,Arshdeep,6,KL Rahul,11,40,18,Clear
80,2018,6/20/2018,Chepauk,CSK,RCB,CSK,Field,CSK,219,219,Jasprit Bumrah,74,Chahal,1,Jasprit Bumrah,20,107,9,Cloudy
81,2019,6/21/2018,Narendra Modi,PBKS,CSK,PBKS,Bat,CSK,155,199,Rohit Sharma,36,Rabada,4,Rohit Sharma,9,106,9,Clear
82,2020,6/22/2018,Narendra Modi,SRH,KKR,KKR,Field,SRH,212,115,Jasprit Bumrah,38,Arshdeep,4,Jasprit Bumrah,18,64,10,Cloudy
83,2021,6/23/2018,Eden Gardens,SRH,RCB,SRH,Bat,SRH,196,149,KL Rahul,106,Rabada,4,KL Rahul,17,83,12,Sunny
84,2022,6/24/2018,Eden Gardens,DC,MI,MI,Field,MI,136,220,Virat Kohli,76,Narine,5,KL Rahul,12,63,13,Clear
85,2023,6/25/2018,Chinnaswamy,MI,SRH,SRH,Bat,MI,210,205,MS Dhoni,127,Narine,3,Rashid Khan,13,60,8,Clear
86,2024,6/26/2018,Eden Gardens,RCB,GT,GT,Field,GT,121,197,MS Dhoni,77,Rabada,3,MS Dhoni,11,103,10,Clear
87,2025,6/27/2018,Arun Jaitley,CSK,DC,DC,Bat,DC,125,202,Jos Buttler,50,Rabada,4,Suryakumar Yadav,18,61,22,Cloudy
88,2018,6/28/2018,Wankhede,SRH,LSG,LSG,Field,LSG,204,212,Virat Kohli,30,Rabada,4,Virat Kohli,24,58,16,Clear
89,2019,6/29/2018,Narendra Modi,MI,DC,MI,Field,DC,159,226,MS Dhoni,112,Siraj,2,Virat Kohli,22,70,21,Clear
90,2020,6/30/2018,Wankhede,KKR,RR,RR,Bat,KKR,200,136,KL Rahul,53,Chahal,6,KL Rahul,11,74,21,Clear
91,2021,7/1/2018,Chinnaswamy,RR,LSG,LSG,Field,LSG,192,220,Jasprit Bumrah,119,Bumrah,3,Virat Kohli,11,68,21,Clear
92,2022,7/2/2018,Chepauk,KKR,RR,RR,Field,RR,188,204,Shubman Gill,60,Rabada,1,Shubman Gill,8,50,9,Sunny
93,2023,7/3/2018,Narendra Modi,LSG,DC,DC,Field,LSG,163,162,KL Rahul,77,Siraj,4,KL Rahul,16,86,20,Sunny
94,2024,7/4/2018,Wankhede,DC,RCB,DC,Bat,DC,133,101,Virat Kohli,75,Rabada,2,Suryakumar Yadav,23,68,9,Sunny
95,2025,7/5/2018,Narendra Modi,KKR,LSG,LSG,Field,KKR,159,145,Rashid Khan,105,Rabada,1,Rashid Khan,12,106,10,Cloudy
96,2018,7/6/2018,Arun Jaitley,RCB,PBKS,PBKS,Bat,RCB,213,121,Shubman Gill,100,Chahal,5,Shubman Gill,20,62,21,Sunny
97,2019,7/7/2018,Narendra Modi,KKR,DC,DC,Field,DC,126,147,Jasprit Bumrah,49,Arshdeep,4,Jasprit Bumrah,8,89,15,Clear
98,2020,7/8/2018,Chinnaswamy,LSG,PBKS,LSG,Bat,PBKS,142,190,Suryakumar Yadav,124,Siraj,5,Jasprit Bumrah,16,95,22,Clear
99,2021,7/9/2018,Narendra Modi,RCB,CSK,RCB,Bat,RCB,160,109,Rashid Khan,68,Rashid Khan,2,Rashid Khan,12,77,10,Cloudy
100,2022,7/10/2018,Narendra Modi,RCB,CSK,CSK,Field,CSK,142,151,Jasprit Bumrah,64,Rabada,6,MS Dhoni,24,93,20,Sunny
101,2023,7/11/2018,Wankhede,MI,KKR,KKR,Bat,KKR,166,187,Virat Kohli,46,Narine,5,Rashid Khan,11,98,11,Sunny
102,2024,7/12/2018,Narendra Modi,LSG,PBKS,PBKS,Bat,LSG,197,193,Yuzvendra Chahal,104,Chahal,2,Yuzvendra Chahal,21,62,16,Clear
103,2025,7/13/2018,Chinnaswamy,MI,RCB,RCB,Field,MI,199,180,Rohit Sharma,86,Arshdeep,6,MS Dhoni,25,42,21,Clear
104,2018,7/14/2018,Eden Gardens,SRH,CSK,CSK,Field,CSK,156,173,KL Rahul,41,Bumrah,6,Jasprit Bumrah,12,92,21,Cloudy
105,2019,7/15/2018,Chepauk,GT,RR,RR,Field,RR,204,205,Rashid Khan,106,Bumrah,5,Jos Buttler,16,61,20,Sunny
106,2020,7/16/2018,Arun Jaitley,GT,CSK,CSK,Field,GT,239,116,Suryakumar Yadav,49,Shami,1,Jos Buttler,19,78,13,Sunny
107,2021,7/17/2018,Arun Jaitley,LSG,RCB,RCB,Bat,RCB,143,227,Yuzvendra Chahal,93,Rashid Khan,2,Yuzvendra Chahal,11,60,17,Sunny
108,2022,7/18/2018,Eden Gardens,PBKS,SRH,PBKS,Bat,PBKS,141,102,Virat Kohli,116,Rabada,1,Virat Kohli,21,62,20,Sunny
109,2023,7/19/2018,Eden Gardens,SRH,PBKS,SRH,Field,PBKS,128,224,Rashid Khan,90,Narine,3,Rashid Khan,8,67,13,Cloudy
110,2024,7/20/2018,Chinnaswamy,LSG,SRH,SRH,Field,SRH,184,220,Shubman Gill,64,Chahal,5,Shubman Gill,21,66,19,Sunny
111,2025,7/21/2018,Wankhede,DC,KKR,KKR,Field,DC,202,157,Yuzvendra Chahal,128,Narine,1,Yuzvendra Chahal,15,55,15,Sunny
112,2018,7/22/2018,Wankhede,CSK,KKR,CSK,Bat,KKR,157,205,Jos Buttler,37,Bumrah,5,Jos Buttler,24,112,22,Sunny
113,2019,7/23/2018,Chinnaswamy,PBKS,LSG,LSG,Field,PBKS,185,155,Shubman Gill,74,Rabada,5,MS Dhoni,15,73,12,Cloudy
114,2020,7/24/2018,Eden Gardens,MI,CSK,CSK,Field,CSK,139,184,Virat Kohli,114,Arshdeep,1,KL Rahul,17,47,11,Cloudy
115,2021,7/25/2018,Chinnaswamy,PBKS,SRH,PBKS,Bat,PBKS,141,101,Jasprit Bumrah,55,Chahal,6,Jasprit Bumrah,25,71,16,Clear
116,2022,7/26/2018,Chinnaswamy,GT,MI,MI,Field,MI,156,217,MS Dhoni,99,Shami,2,MS Dhoni,23,84,19,Cloudy
117,2023,7/27/2018,Chepauk,RR,GT,GT,Field,RR,224,218,Jos Buttler,71,Rabada,2,Jos Buttler,12,90,9,Clear
118,2024,7/28/2018,Narendra Modi,PBKS,MI,MI,Field,MI,160,178,Shubman Gill,86,Rashid Khan,6,Suryakumar Yadav,14,82,19,Cloudy
119,2025,7/29/2018,Wankhede,MI,KKR,MI,Bat,MI,222,187,Rashid Khan,72,Siraj,3,Rashid Khan,14,77,14,Cloudy
120,2018,7/30/2018,Arun Jaitley,RR,SRH,RR,Field,RR,200,188,Rashid Khan,84,Bumrah,1,Rashid Khan,22,70,20,Cloudy
121,2019,7/31/2018,Narendra Modi,KKR,RCB,KKR,Bat,KKR,183,143,Virat Kohli,65,Narine,2,Virat Kohli,11,47,13,Sunny
122,2020,8/1/2018,Eden Gardens,DC,SRH,SRH,Field,DC,216,130,Rohit Sharma,78,Arshdeep,6,Rohit Sharma,13,113,14,Clear
123,2021,8/2/2018,Chinnaswamy,GT,DC,GT,Field,DC,137,138,Yuzvendra Chahal,95,Siraj,4,Yuzvendra Chahal,24,94,10,Clear
124,2022,8/3/2018,Arun Jaitley,SRH,DC,SRH,Field,SRH,239,107,Jasprit Bumrah,44,Rashid Khan,1,Jasprit Bumrah,21,87,12,Cloudy
125,2023,8/4/2018,Wankhede,MI,CSK,MI,Field,CSK,224,225,Shubman Gill,33,Chahal,6,Shubman Gill,20,100,14,Cloudy
126,2024,8/5/2018,Wankhede,CSK,MI,CSK,Bat,CSK,169,117,Yuzvendra Chahal,51,Narine,1,Yuzvendra Chahal,8,75,10,Clear
127,2025,8/6/2018,Narendra Modi,CSK,DC,DC,Bat,CSK,167,103,Virat Kohli,90,Chahal,2,Virat Kohli,24,83,11,Sunny
128,2018,8/7/2018,Narendra Modi,CSK,RCB,CSK,Field,CSK,165,124,KL Rahul,43,Arshdeep,4,KL Rahul,15,48,22,Clear
129,2019,8/8/2018,Chepauk,SRH,MI,MI,Bat,MI,176,225,Rohit Sharma,123,Chahal,2,Rohit Sharma,19,102,13,Sunny
130,2020,8/9/2018,Arun Jaitley,DC,LSG,DC,Field,DC,121,116,Rohit Sharma,93,Rabada,3,Rohit Sharma,14,119,22,Sunny
131,2021,8/10/2018,Narendra Modi,LSG,RR,LSG,Field,LSG,156,106,MS Dhoni,93,Narine,5,Suryakumar Yadav,18,51,13,Sunny
132,2022,8/11/2018,Narendra Modi,RR,RCB,RR,Bat,RCB,225,229,Rashid Khan,66,Rabada,5,Suryakumar Yadav,18,113,13,Sunny
133,2023,8/12/2018,Chepauk,RR,SRH,SRH,Field,RR,224,182,Rohit Sharma,54,Narine,3,Rohit Sharma,14,62,15,Clear
134,2024,8/13/2018,Narendra Modi,KKR,MI,KKR,Field,MI,141,180,Jasprit Bumrah,82,Bumrah,1,Jasprit Bumrah,25,105,18,Cloudy
135,2025,8/14/2018,Chinnaswamy,KKR,RR,RR,Field,RR,138,191,Shubman Gill,103,Rashid Khan,6,Shubman Gill,23,118,9,Sunny
136,2018,8/15/2018,Eden Gardens,RR,CSK,RR,Bat,CSK,151,227,Rashid Khan,30,Shami,6,Rashid Khan,12,100,17,Cloudy
137,2019,8/16/2018,Eden Gardens,LSG,DC,LSG,Bat,LSG,239,129,Yuzvendra Chahal,87,Siraj,3,Suryakumar Yadav,9,110,8,Cloudy
138,2020,8/17/2018,Wankhede,CSK,MI,CSK,Bat,CSK,204,165,Rohit Sharma,127,Narine,2,Rohit Sharma,18,42,18,Cloudy
139,2021,8/18/2018,Wankhede,MI,RR,MI,Field,RR,145,208,KL Rahul,95,Rashid Khan,6,KL Rahul,24,99,9,Sunny
140,2022,8/19/2018,Chinnaswamy,GT,PBKS,GT,Field,PBKS,125,218,KL Rahul,30,Shami,2,Yuzvendra Chahal,25,100,18,Clear
141,2023,8/20/2018,Chinnaswamy,GT,RR,GT,Bat,RR,128,190,Rohit Sharma,55,Rabada,3,Rohit Sharma,12,81,15,Sunny
142,2024,8/21/2018,Chepauk,GT,PBKS,GT,Field,GT,214,141,MS Dhoni,106,Rabada,6,MS Dhoni,21,115,13,Cloudy
143,2025,8/22/2018,Arun Jaitley,MI,RR,MI,Bat,MI,235,118,Rohit Sharma,41,Arshdeep,4,Rohit Sharma,15,96,21,Clear
144,2018,8/23/2018,Eden Gardens,CSK,KKR,KKR,Field,KKR,142,167,Rashid Khan,77,Narine,1,Rashid Khan,10,90,15,Cloudy
145,2019,8/24/2018,Arun Jaitley,RR,GT,RR,Bat,RR,228,105,KL Rahul,111,Narine,3,KL Rahul,10,94,14,Sunny
146,2020,8/25/2018,Chinnaswamy,PBKS,LSG,LSG,Bat,PBKS,217,198,Shubman Gill,31,Shami,3,Shubman Gill,21,49,10,Clear
147,2021,8/26/2018,Narendra Modi,DC,KKR,DC,Bat,DC,132,105,Virat Kohli,112,Rabada,2,Virat Kohli,22,89,18,Cloudy
148,2022,8/27/2018,Arun Jaitley,PBKS,MI,PBKS,Field,PBKS,188,100,Rashid Khan,35,Narine,4,Rashid Khan,10,68,22,Sunny
149,2023,8/28/2018,Eden Gardens,RR,PBKS,PBKS,Bat,PBKS,147,151,KL Rahul,90,Rashid Khan,3,KL Rahul,15,119,13,Cloudy
150,2024,8/29/2018,Arun Jaitley,PBKS,RR,RR,Field,RR,169,171,Suryakumar Yadav,76,Bumrah,2,Suryakumar Yadav,10,44,16,Clear
151,2025,8/30/2018,Chepauk,CSK,RR,RR,Bat,RR,183,184,Suryakumar Yadav,123,Chahal,4,KL Rahul,14,108,17,Clear
152,2018,8/31/2018,Arun Jaitley,LSG,CSK,CSK,Bat,CSK,145,189,Suryakumar Yadav,81,Narine,6,Suryakumar Yadav,24,79,20,Cloudy
153,2019,9/1/2018,Eden Gardens,RCB,LSG,RCB,Field,RCB,163,100,Jasprit Bumrah,66,Shami,4,Jasprit Bumrah,10,101,22,Cloudy
154,2020,9/2/2018,Chinnaswamy,DC,RCB,DC,Bat,DC,237,163,KL Rahul,60,Siraj,3,KL Rahul,16,44,19,Cloudy
155,2021,9/3/2018,Chepauk,GT,SRH,GT,Field,GT,181,119,Jasprit Bumrah,44,Chahal,2,Jasprit Bumrah,24,50,10,Sunny
156,2022,9/4/2018,Arun Jaitley,DC,LSG,LSG,Bat,DC,203,173,Shubman Gill,109,Chahal,4,Shubman Gill,18,98,8,Clear
157,2023,9/5/2018,Chinnaswamy,GT,KKR,GT,Field,GT,185,139,Jasprit Bumrah,60,Narine,4,Jasprit Bumrah,21,106,16,Clear
158,2024,9/6/2018,Arun Jaitley,RR,RCB,RCB,Field,RCB,162,229,Jos Buttler,93,Bumrah,4,Jos Buttler,12,46,11,Cloudy
159,2025,9/7/2018,Eden Gardens,CSK,SRH,SRH,Field,SRH,190,191,KL Rahul,102,Narine,4,KL Rahul,14,94,13,Sunny
160,2018,9/8/2018,Chepauk,LSG,KKR,LSG,Bat,LSG,239,206,Jos Buttler,69,Bumrah,1,Rashid Khan,24,71,9,Clear
161,2019,9/9/2018,Wankhede,CSK,SRH,SRH,Bat,SRH,150,189,Shubman Gill,64,Bumrah,5,Shubman Gill,19,79,19,Clear
162,2020,9/10/2018,Narendra Modi,LSG,SRH,LSG,Field,LSG,221,135,Virat Kohli,109,Narine,1,Virat Kohli,17,53,16,Cloudy
163,2021,9/11/2018,Narendra Modi,KKR,PBKS,KKR,Field,KKR,132,107,Rohit Sharma,116,Chahal,5,Rohit Sharma,14,58,21,Cloudy
164,2022,9/12/2018,Chinnaswamy,CSK,GT,CSK,Field,CSK,155,144,Yuzvendra Chahal,45,Chahal,4,Yuzvendra Chahal,14,45,8,Clear
165,2023,9/13/2018,Wankhede,RCB,PBKS,RCB,Field,PBKS,166,219,Virat Kohli,60,Shami,3,Virat Kohli,8,118,20,Sunny
166,2024,9/14/2018,Narendra Modi,DC,RR,RR,Bat,DC,189,169,Shubman Gill,74,Bumrah,3,Shubman Gill,8,109,20,Clear
167,2025,9/15/2018,Chepauk,KKR,LSG,LSG,Field,KKR,225,218,Yuzvendra Chahal,47,Narine,2,Virat Kohli,20,110,11,Sunny
168,2018,9/16/2018,Chepauk,GT,MI,MI,Field,MI,190,223,Rashid Khan,121,Arshdeep,1,Rashid Khan,15,66,15,Clear
169,2019,9/17/2018,Arun Jaitley,CSK,KKR,KKR,Bat,KKR,124,190,KL Rahul,112,Narine,4,KL Rahul,23,103,14,Cloudy
170,2020,9/18/2018,Narendra Modi,CSK,MI,CSK,Field,MI,130,144,Rashid Khan,73,Chahal,3,Rashid Khan,11,114,19,Cloudy
171,2021,9/19/2018,Chepauk,CSK,LSG,CSK,Field,CSK,233,120,Yuzvendra Chahal,91,Rashid Khan,5,Yuzvendra Chahal,25,103,12,Sunny
172,2022,9/20/2018,Wankhede,PBKS,KKR,KKR,Bat,PBKS,123,121,Rohit Sharma,74,Siraj,4,Yuzvendra Chahal,21,54,8,Sunny
173,2023,9/21/2018,Narendra Modi,KKR,CSK,CSK,Bat,KKR,239,225,KL Rahul,68,Chahal,1,KL Rahul,20,83,13,Sunny
174,2024,9/22/2018,Eden Gardens,SRH,LSG,LSG,Bat,SRH,137,100,Jos Buttler,35,Chahal,5,Jos Buttler,13,94,18,Clear
175,2025,9/23/2018,Chinnaswamy,GT,SRH,SRH,Bat,GT,182,129,MS Dhoni,57,Narine,6,Suryakumar Yadav,13,48,18,Clear
176,2018,9/24/2018,Wankhede,PBKS,DC,DC,Bat,PBKS,182,133,Suryakumar Yadav,82,Narine,2,Suryakumar Yadav,23,62,12,Cloudy
177,2019,9/25/2018,Narendra Modi,MI,DC,MI,Field,DC,164,208,Rashid Khan,119,Siraj,3,KL Rahul,9,79,13,Clear
178,2020,9/26/2018,Arun Jaitley,LSG,PBKS,LSG,Field,PBKS,161,166,MS Dhoni,53,Siraj,3,MS Dhoni,22,97,21,Sunny
179,2021,9/27/2018,Arun Jaitley,RR,DC,RR,Bat,DC,218,230,Virat Kohli,130,Rashid Khan,3,Jos Buttler,12,47,19,Sunny
180,2022,9/28/2018,Narendra Modi,RR,LSG,RR,Field,RR,212,151,Shubman Gill,124,Shami,2,Shubman Gill,9,71,21,Sunny
181,2023,9/29/2018,Eden Gardens,SRH,CSK,CSK,Field,SRH,142,109,Rohit Sharma,70,Chahal,1,Rohit Sharma,15,104,13,Sunny
182,2024,9/30/2018,Eden Gardens,RCB,CSK,RCB,Field,RCB,203,116,Yuzvendra Chahal,53,Chahal,1,Yuzvendra Chahal,13,106,20,Cloudy
183,2025,10/1/2018,Eden Gardens,LSG,RR,RR,Bat,LSG,181,141,Yuzvendra Chahal,84,Shami,6,Yuzvendra Chahal,14,74,17,Sunny
184,2018,10/2/2018,Narendra Modi,CSK,MI,CSK,Field,CSK,137,111,MS Dhoni,74,Narine,2,MS Dhoni,18,117,14,Sunny
185,2019,10/3/2018,Narendra Modi,LSG,KKR,KKR,Bat,LSG,158,149,Virat Kohli,109,Arshdeep,4,Virat Kohli,11,78,20,Sunny
186,2020,10/4/2018,Arun Jaitley,DC,RR,DC,Field,RR,175,215,Yuzvendra Chahal,130,Shami,5,Yuzvendra Chahal,17,50,20,Sunny
187,2021,10/5/2018,Chinnaswamy,RCB,KKR,RCB,Bat,RCB,215,215,Shubman Gill,115,Arshdeep,3,Shubman Gill,13,108,16,Cloudy
188,2022,10/6/2018,Wankhede,CSK,PBKS,CSK,Bat,CSK,237,117,Rashid Khan,71,Bumrah,1,Rashid Khan,19,71,15,Clear
189,2023,10/7/2018,Eden Gardens,PBKS,CSK,CSK,Bat,PBKS,180,161,Rashid Khan,78,Arshdeep,1,Rashid Khan,12,113,8,Cloudy
190,2024,10/8/2018,Narendra Modi,PBKS,LSG,PBKS,Bat,PBKS,225,116,Virat Kohli,80,Chahal,3,Virat Kohli,24,84,19,Clear
191,2025,10/9/2018,Chepauk,GT,PBKS,GT,Field,GT,224,208,Yuzvendra Chahal,116,Siraj,2,Yuzvendra Chahal,14,62,11,Sunny
192,2018,10/10/2018,Arun Jaitley,RR,DC,DC,Field,DC,120,209,Suryakumar Yadav,128,Siraj,5,Virat Kohli,8,75,20,Clear
193,2019,10/11/2018,Wankhede,SRH,DC,DC,Bat,SRH,200,109,Yuzvendra Chahal,65,Shami,5,Yuzvendra Chahal,11,58,12,Sunny
194,2020,10/12/2018,Chepauk,GT,DC,GT,Field,GT,228,196,Yuzvendra Chahal,96,Shami,6,Yuzvendra Chahal,21,56,20,Clear
195,2021,10/13/2018,Eden Gardens,PBKS,LSG,LSG,Bat,PBKS,233,153,Jos Buttler,59,Shami,3,Jos Buttler,25,68,14,Clear
196,2022,10/14/2018,Chinnaswamy,MI,DC,MI,Field,DC,139,183,Shubman Gill,80,Rashid Khan,1,Shubman Gill,9,109,17,Clear
197,2023,10/15/2018,Chinnaswamy,DC,KKR,DC,Bat,KKR,163,179,Shubman Gill,116,Chahal,1,Shubman Gill,8,99,22,Sunny
198,2024,10/16/2018,Chinnaswamy,RCB,CSK,CSK,Field,CSK,145,187,Virat Kohli,52,Shami,2,Virat Kohli,25,72,22,Sunny
199,2025,10/17/2018,Chinnaswamy,RR,DC,DC,Bat,RR,138,125,Virat Kohli,92,Rashid Khan,6,Virat Kohli,16,63,8,Cloudy
200,2018,10/18/2018,Chinnaswamy,LSG,RR,RR,Field,LSG,189,115,Suryakumar Yadav,106,Shami,4,Suryakumar Yadav,14,85,9,Cloudy
201,2019,10/19/2018,Wankhede,MI,PBKS,MI,Bat,MI,179,170,Virat Kohli,91,Rabada,5,Virat Kohli,10,116,15,Clear
202,2020,10/20/2018,Eden Gardens,PBKS,GT,PBKS,Bat,PBKS,213,212,Rashid Khan,84,Bumrah,1,Rashid Khan,8,67,17,Clear
203,2021,10/21/2018,Chepauk,RCB,PBKS,PBKS,Field,RCB,162,127,Yuzvendra Chahal,103,Chahal,6,Yuzvendra Chahal,25,54,9,Cloudy
204,2022,10/22/2018,Chepauk,PBKS,GT,GT,Field,PBKS,172,145,Rashid Khan,54,Rashid Khan,6,Shubman Gill,15,86,8,Sunny
205,2023,10/23/2018,Chinnaswamy,MI,PBKS,MI,Field,MI,179,118,Virat Kohli,103,Bumrah,2,Rohit Sharma,25,108,16,Clear
206,2024,10/24/2018,Wankhede,PBKS,RR,RR,Field,PBKS,213,141,Suryakumar Yadav,62,Shami,6,Suryakumar Yadav,15,47,17,Cloudy
207,2025,10/25/2018,Arun Jaitley,GT,SRH,SRH,Bat,SRH,132,181,KL Rahul,52,Arshdeep,1,KL Rahul,12,101,9,Clear
208,2018,10/26/2018,Chinnaswamy,PBKS,KKR,KKR,Field,PBKS,177,122,KL Rahul,108,Shami,4,MS Dhoni,13,93,10,Clear
209,2019,10/27/2018,Narendra Modi,RCB,MI,RCB,Field,RCB,152,135,Rohit Sharma,51,Bumrah,5,MS Dhoni,22,103,14,Clear
210,2020,10/28/2018,Eden Gardens,KKR,GT,GT,Field,GT,219,225,KL Rahul,108,Bumrah,5,KL Rahul,14,69,12,Sunny
211,2021,10/29/2018,Chinnaswamy,SRH,LSG,SRH,Field,SRH,171,109,Suryakumar Yadav,95,Chahal,6,Suryakumar Yadav,19,113,19,Clear
212,2022,10/30/2018,Narendra Modi,CSK,GT,CSK,Bat,CSK,192,165,Yuzvendra Chahal,64,Siraj,3,Yuzvendra Chahal,13,99,9,Cloudy
213,2023,10/31/2018,Chinnaswamy,LSG,SRH,LSG,Field,LSG,214,163,Rashid Khan,66,Siraj,1,Virat Kohli,10,100,21,Cloudy
214,2024,11/1/2018,Narendra Modi,CSK,PBKS,PBKS,Field,CSK,161,111,Yuzvendra Chahal,121,Arshdeep,2,Yuzvendra Chahal,19,44,13,Cloudy
215,2025,11/2/2018,Eden Gardens,MI,KKR,MI,Field,MI,177,159,Yuzvendra Chahal,39,Chahal,2,Yuzvendra Chahal,25,48,15,Clear
216,2018,11/3/2018,Narendra Modi,RR,GT,GT,Field,RR,184,150,Rohit Sharma,114,Chahal,5,Rohit Sharma,23,107,16,Cloudy
217,2019,11/4/2018,Chepauk,RR,DC,RR,Field,RR,199,112,Jasprit Bumrah,77,Rabada,5,Jasprit Bumrah,15,64,21,Sunny
218,2020,11/5/2018,Wankhede,GT,CSK,GT,Field,GT,231,148,Virat Kohli,91,Bumrah,6,Virat Kohli,24,63,10,Sunny
219,2021,11/6/2018,Eden Gardens,LSG,DC,DC,Field,LSG,162,114,Virat Kohli,30,Arshdeep,1,Virat Kohli,13,120,8,Sunny
220,2022,11/7/2018,Eden Gardens,SRH,RR,RR,Bat,SRH,176,162,Jos Buttler,43,Siraj,6,Jos Buttler,14,116,22,Sunny
221,2023,11/8/2018,Arun Jaitley,PBKS,DC,DC,Bat,DC,130,223,Suryakumar Yadav,98,Narine,2,Yuzvendra Chahal,20,46,11,Sunny
222,2024,11/9/2018,Eden Gardens,GT,PBKS,PBKS,Field,GT,190,147,MS Dhoni,74,Rabada,2,MS Dhoni,8,66,19,Clear
223,2025,11/10/2018,Wankhede,RCB,LSG,RCB,Bat,LSG,120,128,KL Rahul,104,Shami,1,KL Rahul,14,115,11,Sunny
224,2018,11/11/2018,Eden Gardens,PBKS,CSK,PBKS,Bat,PBKS,203,146,MS Dhoni,99,Shami,5,MS Dhoni,22,40,14,Sunny
225,2019,11/12/2018,Narendra Modi,RCB,PBKS,PBKS,Bat,RCB,169,126,Jasprit Bumrah,118,Arshdeep,6,MS Dhoni,25,116,13,Clear
226,2020,11/13/2018,Eden Gardens,MI,KKR,MI,Bat,MI,221,214,Suryakumar Yadav,116,Rashid Khan,2,Suryakumar Yadav,25,48,11,Cloudy
227,2021,11/14/2018,Eden Gardens,RCB,KKR,RCB,Bat,KKR,138,181,Jos Buttler,86,Siraj,2,Jos Buttler,18,56,20,Clear
228,2022,11/15/2018,Chinnaswamy,LSG,KKR,KKR,Field,KKR,166,188,Rashid Khan,62,Shami,3,Rashid Khan,21,79,11,Cloudy
229,2023,11/16/2018,Eden Gardens,RCB,SRH,RCB,Field,RCB,232,133,Suryakumar Yadav,84,Rashid Khan,3,Rohit Sharma,23,104,16,Sunny
230,2024,11/17/2018,Arun Jaitley,GT,PBKS,GT,Bat,GT,163,121,Yuzvendra Chahal,96,Narine,2,Yuzvendra Chahal,8,41,9,Cloudy
231,2025,11/18/2018,Narendra Modi,LSG,RR,LSG,Field,RR,149,188,Virat Kohli,35,Rabada,3,Virat Kohli,23,42,11,Clear
232,2018,11/19/2018,Chinnaswamy,SRH,DC,DC,Bat,SRH,171,120,Jos Buttler,114,Chahal,1,Jasprit Bumrah,12,42,22,Clear
233,2019,11/20/2018,Chepauk,PBKS,RCB,PBKS,Bat,PBKS,174,167,Suryakumar Yadav,40,Arshdeep,6,Suryakumar Yadav,14,94,20,Cloudy
234,2020,11/21/2018,Eden Gardens,RR,KKR,KKR,Bat,KKR,144,208,Jasprit Bumrah,55,Siraj,1,Jasprit Bumrah,13,65,19,Clear
235,2021,11/22/2018,Narendra Modi,KKR,RCB,RCB,Bat,RCB,190,201,Jasprit Bumrah,96,Chahal,6,Jasprit Bumrah,25,92,19,Sunny
236,2022,11/23/2018,Narendra Modi,GT,SRH,GT,Field,GT,234,122,Jos Buttler,46,Narine,2,Jos Buttler,25,40,20,Cloudy
237,2023,11/24/2018,Chinnaswamy,GT,MI,GT,Field,MI,197,199,Jos Buttler,87,Rabada,2,Jos Buttler,22,91,15,Clear
238,2024,11/25/2018,Chinnaswamy,MI,KKR,MI,Bat,MI,189,127,Shubman Gill,99,Shami,1,Shubman Gill,25,80,19,Clear
239,2025,11/26/2018,Chepauk,RCB,DC,DC,Field,DC,146,230,Rohit Sharma,53,Shami,4,Rohit Sharma,19,60,8,Cloudy
240,2018,11/27/2018,Arun Jaitley,SRH,KKR,SRH,Field,KKR,181,213,MS Dhoni,61,Rabada,6,MS Dhoni,10,44,12,Cloudy
241,2019,11/28/2018,Eden Gardens,GT,LSG,GT,Field,LSG,123,195,Suryakumar Yadav,51,Rashid Khan,1,Suryakumar Yadav,16,53,12,Clear
242,2020,11/29/2018,Wankhede,LSG,PBKS,LSG,Bat,LSG,137,122,Yuzvendra Chahal,33,Arshdeep,6,Yuzvendra Chahal,10,72,14,Sunny
243,2021,11/30/2018,Arun Jaitley,GT,RCB,RCB,Field,RCB,154,185,Suryakumar Yadav,79,Rashid Khan,1,Suryakumar Yadav,25,86,22,Cloudy
244,2022,12/1/2018,Narendra Modi,PBKS,RCB,RCB,Field,PBKS,182,176,Yuzvendra Chahal,72,Chahal,5,Shubman Gill,21,93,14,Cloudy
245,2023,12/2/2018,Eden Gardens,DC,KKR,KKR,Bat,KKR,205,227,Rohit Sharma,86,Shami,3,Jos Buttler,22,82,12,Sunny
246,2024,12/3/2018,Chepauk,KKR,LSG,LSG,Field,LSG,120,178,Jos Buttler,54,Narine,3,Jos Buttler,12,63,16,Sunny
247,2025,12/4/2018,Arun Jaitley,SRH,RR,RR,Field,SRH,179,127,Jos Buttler,82,Bumrah,4,Jos Buttler,12,112,21,Cloudy
248,2018,12/5/2018,Eden Gardens,MI,LSG,LSG,Bat,MI,207,169,Suryakumar Yadav,82,Narine,4,Suryakumar Yadav,14,107,16,Cloudy
249,2019,12/6/2018,Chepauk,GT,CSK,GT,Field,GT,239,207,Yuzvendra Chahal,44,Arshdeep,3,Suryakumar Yadav,22,83,22,Sunny
250,2020,12/7/2018,Arun Jaitley,RCB,DC,RCB,Field,RCB,229,206,Jasprit Bumrah,56,Bumrah,4,Jasprit Bumrah,11,57,10,Cloudy
251,2021,12/8/2018,Eden Gardens,CSK,KKR,KKR,Bat,CSK,226,142,MS Dhoni,57,Rashid Khan,4,MS Dhoni,14,117,22,Clear
252,2022,12/9/2018,Arun Jaitley,KKR,GT,KKR,Bat,GT,137,178,Virat Kohli,45,Bumrah,4,Virat Kohli,11,80,21,Clear
253,2023,12/10/2018,Wankhede,PBKS,SRH,SRH,Bat,PBKS,136,113,Rashid Khan,120,Siraj,4,Rashid Khan,14,49,10,Cloudy
254,2024,12/11/2018,Arun Jaitley,SRH,DC,DC,Bat,SRH,159,124,MS Dhoni,110,Chahal,6,Yuzvendra Chahal,14,90,16,Clear
255,2025,12/12/2018,Arun Jaitley,CSK,GT,CSK,Bat,GT,168,227,Suryakumar Yadav,57,Bumrah,2,Suryakumar Yadav,10,94,20,Cloudy
256,2018,12/13/2018,Eden Gardens,PBKS,SRH,SRH,Field,PBKS,210,149,Virat Kohli,41,Bumrah,4,Virat Kohli,13,52,17,Cloudy
257,2019,12/14/2018,Chepauk,GT,RR,RR,Bat,GT,207,127,KL Rahul,102,Chahal,6,KL Rahul,13,51,15,Cloudy
258,2020,12/15/2018,Chepauk,CSK,PBKS,CSK,Field,PBKS,155,200,Suryakumar Yadav,72,Rabada,1,Suryakumar Yadav,16,110,17,Sunny
259,2021,12/16/2018,Chepauk,LSG,KKR,LSG,Bat,LSG,238,142,KL Rahul,110,Siraj,3,KL Rahul,17,92,16,Clear
260,2022,12/17/2018,Eden Gardens,GT,LSG,LSG,Bat,LSG,164,228,Jasprit Bumrah,100,Shami,6,Suryakumar Yadav,15,86,21,Clear
261,2023,12/18/2018,Wankhede,KKR,MI,MI,Field,MI,150,159,KL Rahul,43,Arshdeep,6,KL Rahul,22,117,19,Sunny
262,2024,12/19/2018,Chepauk,PBKS,LSG,PBKS,Field,LSG,199,217,Shubman Gill,63,Bumrah,1,Shubman Gill,16,59,22,Sunny
263,2025,12/20/2018,Arun Jaitley,RR,SRH,RR,Field,RR,209,168,Jos Buttler,114,Shami,4,KL Rahul,8,111,22,Sunny
264,2018,12/21/2018,Eden Gardens,SRH,KKR,SRH,Bat,KKR,153,171,Suryakumar Yadav,127,Narine,2,Suryakumar Yadav,8,71,12,Clear
265,2019,12/22/2018,Wankhede,DC,SRH,SRH,Bat,SRH,168,192,MS Dhoni,69,Siraj,2,MS Dhoni,20,82,21,Cloudy
266,2020,12/23/2018,Narendra Modi,RCB,DC,DC,Bat,DC,197,220,Virat Kohli,106,Narine,6,Virat Kohli,12,107,17,Sunny
267,2021,12/24/2018,Chepauk,CSK,RR,RR,Bat,CSK,209,144,Suryakumar Yadav,36,Narine,1,KL Rahul,22,52,8,Sunny
268,2022,12/25/2018,Arun Jaitley,RR,PBKS,PBKS,Field,RR,207,164,Rohit Sharma,43,Bumrah,2,Rohit Sharma,19,52,19,Clear
269,2023,12/26/2018,Arun Jaitley,RCB,GT,RCB,Bat,RCB,184,103,MS Dhoni,41,Chahal,5,MS Dhoni,18,55,19,Cloudy
270,2024,12/27/2018,Wankhede,DC,RR,DC,Bat,DC,129,115,Jasprit Bumrah,37,Arshdeep,5,Virat Kohli,18,98,14,Cloudy
271,2025,12/28/2018,Chinnaswamy,KKR,CSK,CSK,Bat,CSK,138,195,Jos Buttler,128,Rashid Khan,3,Jos Buttler,19,81,11,Clear
272,2018,12/29/2018,Chinnaswamy,PBKS,CSK,PBKS,Bat,PBKS,233,168,KL Rahul,126,Narine,6,KL Rahul,13,88,17,Clear
273,2019,12/30/2018,Wankhede,DC,MI,MI,Field,MI,166,205,Jos Buttler,94,Shami,6,Virat Kohli,25,79,18,Sunny
274,2020,12/31/2018,Chinnaswamy,MI,PBKS,PBKS,Field,PBKS,124,133,KL Rahul,85,Siraj,1,KL Rahul,23,50,21,Sunny
275,2021,1/1/2019,Eden Gardens,RCB,LSG,LSG,Bat,LSG,128,189,Shubman Gill,65,Rabada,3,Rashid Khan,21,71,12,Clear
276,2022,1/2/2019,Eden Gardens,SRH,LSG,SRH,Bat,LSG,179,190,Shubman Gill,40,Siraj,4,Shubman Gill,23,117,17,Cloudy
277,2023,1/3/2019,Wankhede,MI,RR,MI,Bat,RR,152,191,Shubman Gill,60,Narine,4,Shubman Gill,14,108,11,Cloudy
278,2024,1/4/2019,Eden Gardens,MI,RR,MI,Field,MI,227,121,KL Rahul,73,Rashid Khan,1,KL Rahul,16,62,18,Sunny
279,2025,1/5/2019,Chepauk,RR,GT,RR,Bat,RR,166,154,Virat Kohli,105,Rashid Khan,6,Yuzvendra Chahal,10,59,12,Sunny
280,2018,1/6/2019,Narendra Modi,KKR,PBKS,PBKS,Field,PBKS,128,173,Suryakumar Yadav,117,Shami,2,Suryakumar Yadav,18,119,20,Cloudy
281,2019,1/7/2019,Wankhede,RCB,GT,GT,Field,GT,141,185,Yuzvendra Chahal,128,Rabada,5,Yuzvendra Chahal,25,120,8,Clear
282,2020,1/8/2019,Arun Jaitley,CSK,RCB,RCB,Bat,CSK,197,185,Jasprit Bumrah,112,Shami,1,Jasprit Bumrah,20,42,15,Clear
283,2021,1/9/2019,Eden Gardens,SRH,MI,MI,Bat,SRH,135,127,Rashid Khan,31,Siraj,5,Rashid Khan,11,118,16,Clear
284,2022,1/10/2019,Narendra Modi,CSK,MI,MI,Bat,CSK,239,197,Jos Buttler,101,Chahal,5,Jos Buttler,14,88,18,Cloudy
285,2023,1/11/2019,Eden Gardens,PBKS,CSK,CSK,Bat,PBKS,211,133,Suryakumar Yadav,81,Siraj,2,Suryakumar Yadav,20,88,19,Cloudy
286,2024,1/12/2019,Chepauk,RR,PBKS,PBKS,Bat,RR,233,221,Suryakumar Yadav,42,Siraj,2,Jasprit Bumrah,11,91,10,Sunny
287,2025,1/13/2019,Narendra Modi,KKR,RR,KKR,Field,KKR,216,168,Virat Kohli,124,Bumrah,6,Virat Kohli,16,84,10,Clear
288,2018,1/14/2019,Eden Gardens,SRH,LSG,SRH,Field,SRH,208,116,Jasprit Bumrah,59,Rashid Khan,3,Jasprit Bumrah,21,62,10,Clear
289,2019,1/15/2019,Narendra Modi,GT,LSG,LSG,Field,LSG,165,190,Suryakumar Yadav,83,Rashid Khan,1,Suryakumar Yadav,12,94,22,Cloudy
290,2020,1/16/2019,Chinnaswamy,CSK,KKR,KKR,Bat,KKR,159,186,Rashid Khan,109,Arshdeep,6,Rashid Khan,9,42,10,Clear
291,2021,1/17/2019,Wankhede,GT,KKR,GT,Field,GT,232,170,Jasprit Bumrah,82,Bumrah,5,Jasprit Bumrah,8,64,19,Clear
292,2022,1/18/2019,Chepauk,KKR,CSK,CSK,Field,KKR,141,135,Virat Kohli,114,Rashid Khan,4,Virat Kohli,8,57,14,Cloudy
293,2023,1/19/2019,Narendra Modi,SRH,PBKS,PBKS,Bat,SRH,188,143,Jos Buttler,123,Siraj,6,Yuzvendra Chahal,14,72,8,Cloudy
294,2024,1/20/2019,Chinnaswamy,PBKS,CSK,CSK,Bat,PBKS,237,163,Rashid Khan,114,Arshdeep,2,Rashid Khan,16,86,14,Cloudy
295,2025,1/21/2019,Wankhede,KKR,LSG,LSG,Bat,KKR,198,135,Shubman Gill,33,Rashid Khan,1,Shubman Gill,18,95,19,Clear
296,2018,1/22/2019,Arun Jaitley,GT,CSK,GT,Bat,GT,213,130,Rohit Sharma,123,Chahal,5,Rohit Sharma,16,42,13,Sunny
297,2019,1/23/2019,Eden Gardens,SRH,GT,SRH,Field,SRH,173,110,Shubman Gill,77,Siraj,6,KL Rahul,24,47,21,Sunny
298,2020,1/24/2019,Arun Jaitley,PBKS,MI,PBKS,Field,PBKS,196,166,Yuzvendra Chahal,42,Rabada,3,MS Dhoni,16,75,22,Clear
299,2021,1/25/2019,Wankhede,DC,MI,DC,Field,DC,233,174,KL Rahul,124,Arshdeep,1,Rashid Khan,17,84,19,Cloudy
300,2022,1/26/2019,Narendra Modi,KKR,RCB,RCB,Bat,KKR,231,104,Jasprit Bumrah,101,Narine,5,Rashid Khan,8,102,12,Cloudy
301,2023,1/27/2019,Narendra Modi,GT,CSK,GT,Field,CSK,131,202,Jasprit Bumrah,60,Shami,2,Jasprit Bumrah,19,112,20,Clear
302,2024,1/28/2019,Chepauk,SRH,RCB,SRH,Bat,RCB,131,168,Rashid Khan,40,Rabada,4,Rashid Khan,9,55,18,Clear
303,2025,1/29/2019,Arun Jaitley,KKR,DC,KKR,Bat,DC,136,208,Rashid Khan,75,Chahal,2,Rashid Khan,25,91,14,Sunny
304,2018,1/30/2019,Chepauk,LSG,SRH,LSG,Bat,LSG,207,105,KL Rahul,76,Chahal,5,Jos Buttler,8,69,19,Sunny
305,2019,1/31/2019,Arun Jaitley,SRH,PBKS,SRH,Field,SRH,220,125,KL Rahul,36,Rashid Khan,3,MS Dhoni,9,55,13,Clear
306,2020,2/1/2019,Chepauk,MI,PBKS,MI,Bat,MI,161,139,Suryakumar Yadav,107,Bumrah,4,Suryakumar Yadav,15,97,22,Sunny
307,2021,2/2/2019,Arun Jaitley,PBKS,MI,PBKS,Field,MI,137,202,Jos Buttler,110,Siraj,1,Jos Buttler,15,84,16,Sunny
308,2022,2/3/2019,Wankhede,KKR,GT,GT,Bat,KKR,181,164,Rohit Sharma,45,Shami,1,Rohit Sharma,9,79,8,Cloudy
309,2023,2/4/2019,Chinnaswamy,CSK,GT,GT,Bat,GT,162,202,Suryakumar Yadav,60,Bumrah,5,Virat Kohli,8,70,16,Clear
310,2024,2/5/2019,Chinnaswamy,RR,LSG,RR,Field,RR,209,102,KL Rahul,70,Rashid Khan,3,KL Rahul,9,52,14,Cloudy
311,2025,2/6/2019,Narendra Modi,CSK,RR,RR,Bat,CSK,233,184,Virat Kohli,60,Siraj,4,Suryakumar Yadav,21,40,13,Cloudy
312,2018,2/7/2019,Chinnaswamy,PBKS,CSK,PBKS,Field,PBKS,184,118,Virat Kohli,51,Rashid Khan,4,Rohit Sharma,9,65,9,Cloudy
313,2019,2/8/2019,Chepauk,LSG,PBKS,LSG,Field,PBKS,189,209,Rohit Sharma,97,Chahal,5,Rohit Sharma,23,46,22,Sunny
314,2020,2/9/2019,Eden Gardens,GT,CSK,CSK,Field,CSK,136,203,Rohit Sharma,103,Narine,2,KL Rahul,9,105,14,Cloudy
315,2021,2/10/2019,Arun Jaitley,CSK,MI,CSK,Field,CSK,143,141,Rashid Khan,122,Bumrah,6,Rashid Khan,25,62,22,Clear
316,2022,2/11/2019,Wankhede,RR,SRH,RR,Bat,RR,221,196,Jasprit Bumrah,69,Rashid Khan,6,Jasprit Bumrah,16,67,13,Cloudy
317,2023,2/12/2019,Arun Jaitley,RCB,KKR,RCB,Field,RCB,198,124,Jasprit Bumrah,32,Rashid Khan,1,Jasprit Bumrah,21,46,8,Sunny
318,2024,2/13/2019,Chepauk,CSK,GT,GT,Bat,CSK,190,162,Rohit Sharma,77,Siraj,6,Rohit Sharma,23,114,19,Cloudy
319,2025,2/14/2019,Arun Jaitley,DC,KKR,KKR,Field,DC,207,103,Yuzvendra Chahal,125,Narine,5,Yuzvendra Chahal,17,68,18,Clear
320,2018,2/15/2019,Narendra Modi,KKR,LSG,LSG,Bat,LSG,126,167,Yuzvendra Chahal,94,Rabada,3,Shubman Gill,20,53,22,Clear
321,2019,2/16/2019,Arun Jaitley,KKR,RR,RR,Bat,RR,177,190,Rashid Khan,94,Bumrah,1,Yuzvendra Chahal,16,99,8,Clear
322,2020,2/17/2019,Arun Jaitley,SRH,DC,SRH,Field,SRH,217,201,Suryakumar Yadav,122,Shami,4,Suryakumar Yadav,20,84,20,Cloudy
323,2021,2/18/2019,Chinnaswamy,KKR,DC,KKR,Bat,KKR,203,158,KL Rahul,120,Arshdeep,1,Shubman Gill,8,118,11,Clear
324,2022,2/19/2019,Wankhede,LSG,SRH,LSG,Bat,LSG,222,100,MS Dhoni,84,Bumrah,5,MS Dhoni,12,112,10,Cloudy
325,2023,2/20/2019,Wankhede,LSG,KKR,LSG,Field,KKR,225,230,MS Dhoni,108,Rabada,1,Yuzvendra Chahal,8,56,15,Sunny
326,2024,2/21/2019,Arun Jaitley,RR,CSK,CSK,Field,RR,151,139,Virat Kohli,106,Arshdeep,2,Virat Kohli,16,93,10,Cloudy
327,2025,2/22/2019,Chepauk,RCB,GT,RCB,Bat,RCB,163,145,Yuzvendra Chahal,85,Narine,4,Yuzvendra Chahal,14,91,19,Clear
328,2018,2/23/2019,Chepauk,MI,LSG,MI,Field,MI,223,169,Shubman Gill,100,Arshdeep,4,Shubman Gill,24,95,16,Sunny
329,2019,2/24/2019,Arun Jaitley,GT,LSG,LSG,Bat,GT,194,190,Jasprit Bumrah,61,Narine,6,Jasprit Bumrah,16,89,18,Clear
330,2020,2/25/2019,Chinnaswamy,PBKS,SRH,SRH,Field,SRH,167,210,Rohit Sharma,66,Arshdeep,1,Jasprit Bumrah,16,94,14,Cloudy
331,2021,2/26/2019,Chepauk,LSG,RCB,RCB,Field,RCB,192,204,MS Dhoni,54,Shami,1,MS Dhoni,23,82,17,Cloudy
332,2022,2/27/2019,Arun Jaitley,KKR,MI,MI,Field,MI,127,201,KL Rahul,69,Shami,4,Jasprit Bumrah,22,62,16,Cloudy
333,2023,2/28/2019,Wankhede,RCB,KKR,RCB,Bat,RCB,215,204,Suryakumar Yadav,107,Rabada,6,Suryakumar Yadav,16,68,14,Clear
334,2024,3/1/2019,Eden Gardens,KKR,CSK,KKR,Field,KKR,233,186,Jos Buttler,64,Arshdeep,2,Jos Buttler,8,80,15,Sunny
335,2025,3/2/2019,Chepauk,GT,LSG,GT,Bat,GT,228,120,Rashid Khan,52,Narine,3,Shubman Gill,12,92,19,Cloudy
336,2018,3/3/2019,Wankhede,CSK,MI,MI,Field,CSK,222,153,Jos Buttler,65,Narine,6,Jos Buttler,11,97,11,Sunny
337,2019,3/4/2019,Wankhede,KKR,PBKS,KKR,Bat,PBKS,190,213,Virat Kohli,125,Rabada,4,Virat Kohli,17,73,11,Clear
338,2020,3/5/2019,Chinnaswamy,SRH,RCB,RCB,Field,SRH,172,161,KL Rahul,33,Chahal,3,KL Rahul,12,87,21,Sunny
339,2021,3/6/2019,Narendra Modi,PBKS,LSG,PBKS,Bat,LSG,173,195,MS Dhoni,95,Chahal,4,MS Dhoni,10,88,17,Clear
340,2022,3/7/2019,Wankhede,MI,DC,DC,Field,MI,192,155,Jasprit Bumrah,64,Shami,4,Virat Kohli,13,42,8,Cloudy
341,2023,3/8/2019,Narendra Modi,KKR,CSK,CSK,Field,KKR,231,116,Shubman Gill,120,Siraj,3,Shubman Gill,13,55,22,Sunny
342,2024,3/9/2019,Arun Jaitley,PBKS,RCB,RCB,Bat,PBKS,215,152,Virat Kohli,67,Bumrah,1,KL Rahul,12,98,22,Sunny
343,2025,3/10/2019,Arun Jaitley,RCB,CSK,RCB,Bat,RCB,165,143,MS Dhoni,82,Chahal,1,Jasprit Bumrah,11,54,14,Clear
344,2018,3/11/2019,Eden Gardens,LSG,RCB,LSG,Field,RCB,142,184,KL Rahul,78,Bumrah,5,KL Rahul,21,101,21,Cloudy
345,2019,3/12/2019,Narendra Modi,PBKS,GT,PBKS,Bat,PBKS,201,160,Virat Kohli,116,Rabada,6,Virat Kohli,19,51,16,Sunny
346,2020,3/13/2019,Chinnaswamy,PBKS,GT,PBKS,Bat,GT,140,160,MS Dhoni,42,Siraj,5,Jasprit Bumrah,21,45,21,Sunny
347,2021,3/14/2019,Eden Gardens,RR,GT,RR,Field,RR,140,126,Jos Buttler,49,Shami,2,Jos Buttler,18,120,14,Sunny
348,2022,3/15/2019,Arun Jaitley,RR,LSG,LSG,Field,RR,233,126,Yuzvendra Chahal,53,Rabada,5,Yuzvendra Chahal,25,80,22,Cloudy
349,2023,3/16/2019,Chinnaswamy,DC,MI,MI,Bat,DC,145,100,Rashid Khan,79,Chahal,3,Rashid Khan,13,75,11,Clear
350,2024,3/17/2019,Chinnaswamy,GT,SRH,SRH,Bat,SRH,151,208,Suryakumar Yadav,55,Arshdeep,2,Shubman Gill,8,85,22,Cloudy
351,2025,3/18/2019,Narendra Modi,CSK,SRH,SRH,Bat,SRH,172,183,Shubman Gill,83,Bumrah,5,Shubman Gill,14,111,13,Clear
352,2018,3/19/2019,Chepauk,MI,LSG,MI,Bat,MI,234,226,Rohit Sharma,55,Rabada,6,Rohit Sharma,17,80,16,Clear
353,2019,3/20/2019,Narendra Modi,SRH,LSG,LSG,Field,SRH,208,194,Jos Buttler,78,Shami,5,Suryakumar Yadav,22,95,8,Cloudy
354,2020,3/21/2019,Wankhede,DC,PBKS,DC,Bat,DC,190,170,Jasprit Bumrah,102,Bumrah,4,Jasprit Bumrah,25,66,21,Cloudy
355,2021,3/22/2019,Chinnaswamy,CSK,GT,CSK,Field,GT,164,221,Yuzvendra Chahal,81,Siraj,4,Yuzvendra Chahal,24,54,8,Cloudy
356,2022,3/23/2019,Wankhede,PBKS,SRH,SRH,Field,PBKS,237,106,Jos Buttler,103,Rabada,2,Jos Buttler,21,95,18,Sunny
357,2023,3/24/2019,Narendra Modi,RCB,PBKS,PBKS,Field,RCB,151,128,Jos Buttler,112,Arshdeep,6,Jos Buttler,23,73,16,Cloudy
358,2024,3/25/2019,Arun Jaitley,RCB,GT,RCB,Bat,GT,139,217,KL Rahul,87,Arshdeep,5,KL Rahul,19,40,13,Clear
359,2025,3/26/2019,Wankhede,PBKS,GT,GT,Bat,PBKS,235,133,MS Dhoni,118,Chahal,4,MS Dhoni,13,118,16,Cloudy
360,2018,3/27/2019,Chinnaswamy,PBKS,RCB,RCB,Field,RCB,128,166,Suryakumar Yadav,65,Arshdeep,3,Suryakumar Yadav,11,49,21,Clear
361,2019,3/28/2019,Chepauk,GT,RCB,RCB,Field,GT,218,201,Shubman Gill,50,Bumrah,4,Shubman Gill,14,66,20,Cloudy
362,2020,3/29/2019,Eden Gardens,RR,PBKS,RR,Bat,RR,190,136,Shubman Gill,52,Bumrah,6,Rohit Sharma,21,109,12,Clear
363,2021,3/30/2019,Chepauk,CSK,LSG,LSG,Field,CSK,167,152,MS Dhoni,96,Shami,2,MS Dhoni,13,88,12,Clear
364,2022,3/31/2019,Narendra Modi,MI,RCB,MI,Field,MI,227,148,MS Dhoni,78,Chahal,5,Suryakumar Yadav,12,63,21,Cloudy
365,2023,4/1/2019,Wankhede,LSG,DC,DC,Field,LSG,179,159,KL Rahul,109,Arshdeep,5,KL Rahul,17,50,21,Sunny
366,2024,4/2/2019,Chinnaswamy,DC,MI,MI,Bat,DC,204,133,Shubman Gill,73,Siraj,1,Shubman Gill,12,93,9,Cloudy
367,2025,4/3/2019,Chinnaswamy,RCB,GT,GT,Bat,RCB,190,111,Rashid Khan,71,Shami,4,Rashid Khan,16,48,15,Sunny
368,2018,4/4/2019,Chinnaswamy,PBKS,RCB,RCB,Field,RCB,176,187,Rashid Khan,83,Siraj,1,Rashid Khan,13,96,8,Clear
369,2019,4/5/2019,Chinnaswamy,KKR,CSK,CSK,Bat,CSK,180,203,Rohit Sharma,122,Chahal,2,Shubman Gill,23,118,22,Clear
370,2020,4/6/2019,Eden Gardens,CSK,DC,DC,Bat,CSK,161,157,Shubman Gill,112,Bumrah,3,Shubman Gill,15,86,15,Clear
371,2021,4/7/2019,Wankhede,DC,RCB,RCB,Bat,RCB,144,161,Rashid Khan,101,Narine,4,Rashid Khan,21,90,11,Clear
372,2022,4/8/2019,Narendra Modi,RCB,GT,GT,Field,RCB,208,205,Yuzvendra Chahal,61,Bumrah,6,MS Dhoni,18,91,13,Clear
373,2023,4/9/2019,Arun Jaitley,CSK,RR,CSK,Field,RR,170,213,Suryakumar Yadav,124,Rabada,5,Rashid Khan,18,71,11,Clear
374,2024,4/10/2019,Eden Gardens,CSK,RR,CSK,Field,RR,214,219,Jasprit Bumrah,80,Rashid Khan,5,Yuzvendra Chahal,13,90,11,Cloudy
375,2025,4/11/2019,Arun Jaitley,CSK,RR,RR,Field,RR,211,217,Yuzvendra Chahal,103,Rabada,5,Rashid Khan,8,78,10,Clear
376,2018,4/12/2019,Arun Jaitley,SRH,GT,GT,Bat,SRH,207,106,Rashid Khan,96,Shami,1,Rashid Khan,24,93,12,Cloudy
377,2019,4/13/2019,Arun Jaitley,LSG,RR,RR,Bat,RR,132,205,Rashid Khan,112,Arshdeep,5,Rashid Khan,21,116,19,Sunny
378,2020,4/14/2019,Chepauk,RCB,DC,DC,Bat,RCB,230,147,Jos Buttler,73,Bumrah,5,Suryakumar Yadav,20,113,16,Sunny
379,2021,4/15/2019,Eden Gardens,KKR,CSK,CSK,Bat,KKR,189,180,Virat Kohli,87,Rashid Khan,5,Yuzvendra Chahal,13,114,8,Sunny
380,2022,4/16/2019,Narendra Modi,SRH,LSG,LSG,Field,LSG,130,143,MS Dhoni,48,Arshdeep,3,MS Dhoni,8,84,13,Sunny
381,2023,4/17/2019,Arun Jaitley,SRH,LSG,LSG,Bat,SRH,215,197,MS Dhoni,101,Bumrah,4,MS Dhoni,16,75,9,Clear
382,2024,4/18/2019,Narendra Modi,GT,SRH,SRH,Field,GT,204,166,MS Dhoni,124,Chahal,2,MS Dhoni,12,83,8,Clear
383,2025,4/19/2019,Wankhede,PBKS,KKR,PBKS,Bat,PBKS,231,221,Shubman Gill,126,Siraj,1,MS Dhoni,19,117,13,Cloudy
384,2018,4/20/2019,Arun Jaitley,KKR,LSG,KKR,Field,LSG,154,185,Shubman Gill,111,Rabada,6,Shubman Gill,11,112,20,Clear
385,2019,4/21/2019,Chinnaswamy,RCB,RR,RCB,Field,RCB,148,107,Rashid Khan,46,Bumrah,4,Rashid Khan,25,85,19,Sunny
386,2020,4/22/2019,Narendra Modi,MI,RR,RR,Bat,MI,130,119,Rashid Khan,61,Chahal,4,Rashid Khan,17,67,15,Cloudy
387,2021,4/23/2019,Narendra Modi,CSK,SRH,SRH,Field,CSK,201,158,Rashid Khan,81,Arshdeep,1,Rashid Khan,15,90,14,Cloudy
388,2022,4/24/2019,Eden Gardens,LSG,MI,LSG,Field,MI,211,225,Suryakumar Yadav,104,Chahal,5,Yuzvendra Chahal,20,86,22,Cloudy
389,2023,4/25/2019,Eden Gardens,DC,GT,DC,Field,GT,131,177,MS Dhoni,40,Rabada,1,MS Dhoni,20,83,16,Sunny
390,2024,4/26/2019,Chepauk,SRH,KKR,SRH,Bat,KKR,143,194,KL Rahul,72,Rabada,4,KL Rahul,24,98,22,Clear
391,2025,4/27/2019,Narendra Modi,GT,SRH,SRH,Bat,SRH,151,159,Yuzvendra Chahal,129,Siraj,2,MS Dhoni,14,56,15,Cloudy
392,2018,4/28/2019,Chinnaswamy,DC,KKR,DC,Field,KKR,223,225,Shubman Gill,114,Shami,4,Shubman Gill,12,86,12,Sunny
393,2019,4/29/2019,Arun Jaitley,MI,KKR,MI,Bat,KKR,149,210,MS Dhoni,114,Narine,6,MS Dhoni,16,69,20,Cloudy
394,2020,4/30/2019,Chinnaswamy,LSG,RCB,LSG,Field,LSG,158,136,Yuzvendra Chahal,96,Narine,4,Yuzvendra Chahal,13,66,16,Clear
395,2021,5/1/2019,Arun Jaitley,KKR,LSG,LSG,Field,LSG,203,212,Rohit Sharma,111,Shami,6,Rohit Sharma,24,99,22,Sunny
396,2022,5/2/2019,Eden Gardens,MI,CSK,MI,Field,CSK,164,205,Shubman Gill,95,Chahal,2,Shubman Gill,18,45,8,Cloudy
397,2023,5/3/2019,Wankhede,KKR,DC,DC,Bat,KKR,164,109,KL Rahul,66,Rashid Khan,1,KL Rahul,14,105,9,Sunny
398,2024,5/4/2019,Wankhede,SRH,RCB,SRH,Bat,SRH,218,189,Suryakumar Yadav,65,Narine,4,Suryakumar Yadav,21,116,17,Clear
399,2025,5/5/2019,Chepauk,GT,SRH,GT,Bat,GT,178,111,Yuzvendra Chahal,120,Narine,2,Yuzvendra Chahal,10,86,20,Sunny
400,2018,5/6/2019,Arun Jaitley,SRH,PBKS,PBKS,Bat,PBKS,165,193,Jos Buttler,75,Shami,2,Rashid Khan,14,120,20,Cloudy
401,2019,5/7/2019,Arun Jaitley,KKR,LSG,KKR,Field,KKR,222,169,Jasprit Bumrah,46,Rashid Khan,1,Jasprit Bumrah,12,97,16,Sunny
402,2020,5/8/2019,Chepauk,LSG,DC,DC,Bat,LSG,194,176,KL Rahul,59,Chahal,6,KL Rahul,24,75,15,Clear
403,2021,5/9/2019,Eden Gardens,CSK,KKR,KKR,Bat,CSK,151,120,Jos Buttler,92,Rabada,1,Suryakumar Yadav,13,85,9,Cloudy
404,2022,5/10/2019,Chinnaswamy,LSG,KKR,LSG,Field,KKR,165,183,Yuzvendra Chahal,42,Narine,3,Yuzvendra Chahal,8,68,15,Clear
405,2023,5/11/2019,Chepauk,GT,LSG,GT,Field,LSG,190,216,KL Rahul,51,Chahal,3,MS Dhoni,22,93,13,Cloudy
406,2024,5/12/2019,Wankhede,SRH,DC,SRH,Bat,SRH,201,172,Yuzvendra Chahal,77,Siraj,5,Yuzvendra Chahal,17,46,20,Clear
407,2025,5/13/2019,Chepauk,KKR,DC,DC,Bat,KKR,219,218,Suryakumar Yadav,81,Chahal,2,Suryakumar Yadav,14,70,16,Clear
408,2018,5/14/2019,Arun Jaitley,SRH,RR,SRH,Bat,SRH,231,138,Shubman Gill,38,Rabada,5,Shubman Gill,22,113,16,Sunny
409,2019,5/15/2019,Arun Jaitley,GT,RR,GT,Bat,GT,234,186,MS Dhoni,61,Siraj,3,MS Dhoni,14,78,19,Clear
410,2020,5/16/2019,Narendra Modi,KKR,LSG,LSG,Bat,LSG,161,163,Jos Buttler,113,Bumrah,4,Jos Buttler,22,67,18,Sunny
411,2021,5/17/2019,Chepauk,CSK,KKR,KKR,Bat,CSK,227,174,Shubman Gill,68,Bumrah,5,Shubman Gill,20,110,17,Sunny
412,2022,5/18/2019,Narendra Modi,PBKS,GT,GT,Field,PBKS,200,121,Jasprit Bumrah,47,Rashid Khan,6,Jasprit Bumrah,8,99,17,Sunny
413,2023,5/19/2019,Narendra Modi,PBKS,CSK,CSK,Field,PBKS,168,114,Suryakumar Yadav,124,Rashid Khan,3,Suryakumar Yadav,25,116,14,Clear
414,2024,5/20/2019,Wankhede,LSG,GT,GT,Field,LSG,125,125,Suryakumar Yadav,96,Siraj,4,Suryakumar Yadav,13,49,11,Sunny
415,2025,5/21/2019,Chepauk,RCB,RR,RCB,Field,RR,136,179,MS Dhoni,53,Arshdeep,5,MS Dhoni,13,47,13,Cloudy
416,2018,5/22/2019,Chepauk,LSG,DC,DC,Bat,LSG,217,172,Virat Kohli,123,Rashid Khan,6,Virat Kohli,18,95,8,Cloudy
417,2019,5/23/2019,Wankhede,SRH,KKR,SRH,Field,KKR,137,217,Rashid Khan,38,Rabada,3,Rashid Khan,17,42,10,Clear
418,2020,5/24/2019,Chinnaswamy,CSK,GT,CSK,Bat,GT,163,213,Yuzvendra Chahal,47,Rabada,6,Yuzvendra Chahal,12,96,18,Sunny
419,2021,5/25/2019,Chinnaswamy,GT,SRH,GT,Field,SRH,181,224,Jasprit Bumrah,104,Narine,5,Jasprit Bumrah,22,75,14,Cloudy
420,2022,5/26/2019,Chepauk,KKR,MI,MI,Field,MI,193,207,KL Rahul,39,Chahal,6,KL Rahul,16,57,12,Clear
421,2023,5/27/2019,Eden Gardens,PBKS,KKR,PBKS,Field,PBKS,191,146,Shubman Gill,121,Narine,2,Shubman Gill,19,93,14,Clear
422,2024,5/28/2019,Chinnaswamy,KKR,DC,DC,Bat,DC,121,170,KL Rahul,77,Chahal,5,KL Rahul,10,77,22,Clear
423,2025,5/29/2019,Arun Jaitley,MI,CSK,CSK,Field,MI,188,141,Jasprit Bumrah,101,Rabada,5,Jasprit Bumrah,18,44,21,Clear
424,2018,5/30/2019,Chepauk,KKR,SRH,KKR,Field,SRH,129,137,MS Dhoni,100,Narine,2,MS Dhoni,25,101,19,Cloudy
425,2019,5/31/2019,Chinnaswamy,SRH,RR,SRH,Field,RR,210,224,Yuzvendra Chahal,50,Shami,2,Yuzvendra Chahal,19,82,8,Sunny
426,2020,6/1/2019,Chinnaswamy,MI,RR,MI,Field,RR,138,216,Yuzvendra Chahal,72,Rashid Khan,2,Yuzvendra Chahal,8,77,15,Sunny
427,2021,6/2/2019,Narendra Modi,KKR,RCB,KKR,Bat,RCB,126,205,MS Dhoni,106,Bumrah,2,MS Dhoni,24,86,16,Cloudy
428,2022,6/3/2019,Eden Gardens,SRH,PBKS,PBKS,Bat,SRH,123,117,MS Dhoni,68,Rashid Khan,3,MS Dhoni,23,41,13,Clear
429,2023,6/4/2019,Narendra Modi,RR,MI,RR,Bat,RR,160,101,Suryakumar Yadav,102,Narine,4,Yuzvendra Chahal,19,68,14,Clear
430,2024,6/5/2019,Wankhede,LSG,RR,RR,Bat,RR,169,208,Rohit Sharma,80,Arshdeep,3,Rashid Khan,10,82,8,Clear
431,2025,6/6/2019,Chepauk,SRH,PBKS,SRH,Bat,SRH,189,103,KL Rahul,40,Narine,2,KL Rahul,22,85,19,Cloudy
432,2018,6/7/2019,Narendra Modi,LSG,MI,MI,Field,LSG,214,194,Jasprit Bumrah,104,Shami,4,Jasprit Bumrah,22,82,11,Sunny
433,2019,6/8/2019,Chepauk,GT,LSG,LSG,Field,LSG,130,131,Rashid Khan,76,Chahal,6,Rashid Khan,11,91,8,Clear
434,2020,6/9/2019,Arun Jaitley,PBKS,RR,PBKS,Field,PBKS,180,137,Jos Buttler,104,Arshdeep,1,Jos Buttler,19,111,18,Sunny
435,2021,6/10/2019,Wankhede,RR,DC,DC,Bat,RR,152,149,KL Rahul,45,Narine,4,KL Rahul,24,52,14,Clear
436,2022,6/11/2019,Wankhede,SRH,GT,SRH,Field,GT,125,146,Rohit Sharma,48,Arshdeep,3,Rohit Sharma,21,70,16,Sunny
437,2023,6/12/2019,Chepauk,PBKS,KKR,PBKS,Field,PBKS,230,103,Jasprit Bumrah,114,Chahal,4,Jasprit Bumrah,24,47,17,Clear
438,2024,6/13/2019,Eden Gardens,CSK,KKR,CSK,Bat,CSK,185,135,KL Rahul,66,Arshdeep,6,KL Rahul,21,58,22,Sunny
439,2025,6/14/2019,Chinnaswamy,CSK,MI,MI,Bat,MI,124,227,Rashid Khan,36,Narine,2,Suryakumar Yadav,20,86,15,Cloudy
440,2018,6/15/2019,Wankhede,MI,DC,MI,Bat,DC,208,226,Virat Kohli,46,Chahal,2,MS Dhoni,10,83,20,Clear
441,2019,6/16/2019,Eden Gardens,LSG,DC,LSG,Bat,LSG,234,160,Rohit Sharma,95,Chahal,4,Rohit Sharma,10,58,8,Sunny
442,2020,6/17/2019,Arun Jaitley,GT,DC,DC,Field,GT,207,207,KL Rahul,81,Chahal,1,KL Rahul,12,91,18,Clear
443,2021,6/18/2019,Chinnaswamy,DC,GT,DC,Bat,DC,221,122,Rohit Sharma,44,Rabada,4,KL Rahul,21,66,10,Sunny
444,2022,6/19/2019,Eden Gardens,MI,DC,MI,Field,MI,239,107,Yuzvendra Chahal,76,Narine,1,Yuzvendra Chahal,17,73,20,Cloudy
445,2023,6/20/2019,Wankhede,PBKS,CSK,PBKS,Bat,CSK,127,156,Rohit Sharma,109,Chahal,5,Rohit Sharma,23,95,12,Sunny
446,2024,6/21/2019,Wankhede,GT,CSK,CSK,Bat,CSK,134,157,Shubman Gill,120,Chahal,6,Shubman Gill,24,83,8,Cloudy
447,2025,6/22/2019,Chinnaswamy,RR,PBKS,PBKS,Bat,PBKS,151,230,Rohit Sharma,79,Narine,4,MS Dhoni,23,76,9,Sunny
448,2018,6/23/2019,Chinnaswamy,GT,DC,GT,Field,DC,210,227,KL Rahul,129,Chahal,5,KL Rahul,8,65,15,Clear
449,2019,6/24/2019,Wankhede,SRH,CSK,CSK,Bat,CSK,130,214,Rohit Sharma,101,Rashid Khan,1,Yuzvendra Chahal,24,91,9,Sunny
450,2020,6/25/2019,Narendra Modi,RCB,CSK,CSK,Bat,CSK,139,160,Yuzvendra Chahal,77,Siraj,4,Yuzvendra Chahal,14,120,20,Clear
451,2021,6/26/2019,Wankhede,GT,MI,GT,Bat,MI,226,227,Jos Buttler,53,Arshdeep,2,Jos Buttler,17,101,9,Cloudy
452,2022,6/27/2019,Arun Jaitley,GT,RCB,RCB,Bat,RCB,175,205,Virat Kohli,111,Shami,6,Rashid Khan,9,65,10,Sunny
453,2023,6/28/2019,Wankhede,RR,DC,RR,Bat,DC,156,230,Rashid Khan,120,Bumrah,6,Rashid Khan,14,41,10,Clear
454,2024,6/29/2019,Narendra Modi,LSG,DC,DC,Bat,LSG,175,147,Shubman Gill,113,Siraj,4,Shubman Gill,15,71,20,Clear
455,2025,6/30/2019,Eden Gardens,RR,GT,RR,Field,GT,198,229,Suryakumar Yadav,109,Shami,3,Suryakumar Yadav,18,64,17,Clear
456,2018,7/1/2019,Eden Gardens,LSG,PBKS,PBKS,Bat,LSG,189,142,Yuzvendra Chahal,67,Chahal,4,Yuzvendra Chahal,17,82,8,Cloudy
457,2019,7/2/2019,Eden Gardens,KKR,MI,KKR,Bat,MI,158,198,Yuzvendra Chahal,84,Narine,4,Yuzvendra Chahal,21,118,20,Clear
458,2020,7/3/2019,Chepauk,KKR,LSG,KKR,Bat,KKR,184,176,Jos Buttler,40,Rashid Khan,4,Jos Buttler,25,83,17,Cloudy
459,2021,7/4/2019,Wankhede,DC,KKR,KKR,Bat,KKR,152,168,Jasprit Bumrah,93,Bumrah,6,Jasprit Bumrah,12,107,15,Cloudy
460,2022,7/5/2019,Arun Jaitley,SRH,RR,RR,Bat,RR,180,202,Virat Kohli,111,Narine,4,MS Dhoni,21,111,13,Clear
461,2023,7/6/2019,Narendra Modi,KKR,RR,KKR,Field,KKR,239,164,Rashid Khan,94,Bumrah,1,Jasprit Bumrah,20,52,19,Sunny
462,2024,7/7/2019,Wankhede,SRH,MI,SRH,Bat,SRH,223,181,Jos Buttler,73,Narine,1,Yuzvendra Chahal,13,58,19,Sunny
463,2025,7/8/2019,Wankhede,LSG,SRH,LSG,Bat,LSG,177,106,MS Dhoni,95,Bumrah,2,Jos Buttler,16,61,14,Clear
464,2018,7/9/2019,Chepauk,LSG,RCB,LSG,Bat,LSG,161,118,KL Rahul,61,Narine,4,KL Rahul,21,106,16,Cloudy
465,2019,7/10/2019,Arun Jaitley,RR,GT,RR,Field,RR,194,114,Virat Kohli,82,Rabada,2,Virat Kohli,9,41,18,Clear
466,2020,7/11/2019,Chepauk,DC,RCB,DC,Bat,RCB,144,223,Rashid Khan,56,Chahal,4,Rashid Khan,17,73,21,Sunny
467,2021,7/12/2019,Chinnaswamy,MI,LSG,MI,Bat,MI,192,105,Jos Buttler,92,Narine,4,Jos Buttler,17,78,21,Sunny
468,2022,7/13/2019,Chinnaswamy,SRH,MI,MI,Bat,SRH,231,122,Yuzvendra Chahal,50,Chahal,3,Yuzvendra Chahal,21,44,18,Sunny
469,2023,7/14/2019,Eden Gardens,GT,RCB,GT,Field,GT,220,198,Suryakumar Yadav,93,Shami,3,Jos Buttler,8,50,19,Clear
470,2024,7/15/2019,Arun Jaitley,KKR,PBKS,PBKS,Field,KKR,169,126,MS Dhoni,63,Rashid Khan,6,MS Dhoni,19,45,10,Cloudy
471,2025,7/16/2019,Chinnaswamy,GT,CSK,GT,Bat,GT,191,181,MS Dhoni,103,Siraj,4,Jasprit Bumrah,20,107,10,Sunny
472,2018,7/17/2019,Chinnaswamy,CSK,RCB,RCB,Field,RCB,122,148,MS Dhoni,71,Bumrah,2,MS Dhoni,21,114,22,Sunny
473,2019,7/18/2019,Wankhede,RR,KKR,RR,Bat,KKR,132,215,Yuzvendra Chahal,119,Narine,1,Jos Buttler,22,86,18,Sunny
474,2020,7/19/2019,Chepauk,DC,PBKS,DC,Field,PBKS,121,190,Rashid Khan,32,Chahal,1,Yuzvendra Chahal,25,89,22,Clear
475,2021,7/20/2019,Chinnaswamy,SRH,RCB,SRH,Field,SRH,224,130,Shubman Gill,110,Rabada,2,KL Rahul,25,70,19,Clear
476,2022,7/21/2019,Eden Gardens,SRH,PBKS,PBKS,Field,SRH,157,141,Yuzvendra Chahal,113,Arshdeep,5,Yuzvendra Chahal,16,113,17,Cloudy
477,2023,7/22/2019,Narendra Modi,MI,CSK,MI,Field,MI,214,163,Shubman Gill,87,Shami,6,Rohit Sharma,9,82,16,Cloudy
478,2024,7/23/2019,Chepauk,CSK,GT,GT,Bat,CSK,126,117,KL Rahul,96,Chahal,6,KL Rahul,19,107,18,Clear
479,2025,7/24/2019,Narendra Modi,LSG,GT,LSG,Bat,GT,222,226,Jos Buttler,78,Rashid Khan,4,Jos Buttler,9,111,16,Sunny
480,2018,7/25/2019,Narendra Modi,KKR,MI,KKR,Field,KKR,169,111,Rashid Khan,40,Arshdeep,5,Jasprit Bumrah,19,97,8,Cloudy
481,2019,7/26/2019,Eden Gardens,KKR,SRH,KKR,Field,SRH,141,224,Suryakumar Yadav,93,Rabada,6,Suryakumar Yadav,14,51,16,Sunny
482,2020,7/27/2019,Narendra Modi,CSK,LSG,CSK,Field,CSK,191,183,Rohit Sharma,98,Rashid Khan,1,Virat Kohli,21,110,14,Clear
483,2021,7/28/2019,Chinnaswamy,DC,RR,RR,Field,DC,186,136,Rashid Khan,125,Shami,1,Yuzvendra Chahal,25,79,13,Cloudy
484,2022,7/29/2019,Arun Jaitley,KKR,PBKS,KKR,Bat,PBKS,176,224,Rohit Sharma,129,Narine,5,Rohit Sharma,14,55,12,Sunny
485,2023,7/30/2019,Eden Gardens,MI,SRH,SRH,Field,MI,149,148,Yuzvendra Chahal,123,Rabada,3,Yuzvendra Chahal,22,106,18,Cloudy
486,2024,7/31/2019,Eden Gardens,PBKS,CSK,CSK,Bat,CSK,205,227,Yuzvendra Chahal,48,Narine,2,Yuzvendra Chahal,13,64,13,Cloudy
487,2025,8/1/2019,Eden Gardens,SRH,DC,SRH,Bat,SRH,144,118,Jos Buttler,78,Siraj,2,Rohit Sharma,16,47,9,Clear
488,2018,8/2/2019,Eden Gardens,KKR,RR,RR,Bat,KKR,230,140,Rohit Sharma,111,Rashid Khan,6,Rohit Sharma,19,71,11,Sunny
489,2019,8/3/2019,Chepauk,PBKS,GT,PBKS,Bat,PBKS,205,117,Rohit Sharma,91,Rabada,2,MS Dhoni,17,111,15,Clear
490,2020,8/4/2019,Narendra Modi,PBKS,RCB,PBKS,Bat,PBKS,204,144,Jos Buttler,77,Arshdeep,2,Jos Buttler,15,92,12,Cloudy
491,2021,8/5/2019,Chepauk,KKR,MI,MI,Bat,MI,162,198,Rashid Khan,85,Siraj,5,Rashid Khan,23,120,21,Sunny
492,2022,8/6/2019,Chepauk,MI,CSK,CSK,Bat,MI,223,109,MS Dhoni,123,Bumrah,1,MS Dhoni,8,99,10,Sunny
493,2023,8/7/2019,Chinnaswamy,MI,CSK,MI,Bat,MI,206,120,Suryakumar Yadav,73,Shami,5,Suryakumar Yadav,16,114,22,Cloudy
494,2024,8/8/2019,Chepauk,LSG,SRH,SRH,Field,SRH,130,189,Jasprit Bumrah,43,Rabada,6,Suryakumar Yadav,24,55,15,Cloudy
495,2025,8/9/2019,Wankhede,RR,SRH,SRH,Field,RR,216,157,Virat Kohli,88,Arshdeep,2,Jasprit Bumrah,20,52,14,Clear
496,2018,8/10/2019,Chepauk,GT,RCB,GT,Field,GT,146,114,MS Dhoni,88,Siraj,5,MS Dhoni,13,87,10,Sunny
497,2019,8/11/2019,Eden Gardens,RR,RCB,RR,Field,RR,193,143,Jasprit Bumrah,55,Narine,5,Jasprit Bumrah,20,65,22,Sunny
498,2020,8/12/2019,Chepauk,SRH,RR,SRH,Bat,SRH,225,193,Jasprit Bumrah,82,Rabada,4,Jasprit Bumrah,23,54,19,Cloudy
499,2021,8/13/2019,Chepauk,CSK,MI,MI,Bat,MI,123,203,Yuzvendra Chahal,80,Shami,4,Yuzvendra Chahal,25,77,13,Clear
500,2022,8/14/2019,Arun Jaitley,KKR,RCB,KKR,Bat,KKR,240,128,Shubman Gill,80,Bumrah,2,Shubman Gill,8,46,16,Clear
501,2023,8/15/2019,Narendra Modi,KKR,DC,DC,Field,KKR,129,123,Shubman Gill,68,Rabada,6,Shubman Gill,23,83,11,Clear
502,2024,8/16/2019,Chinnaswamy,RR,RCB,RCB,Bat,RCB,127,203,MS Dhoni,113,Arshdeep,1,MS Dhoni,13,104,15,Cloudy
503,2025,8/17/2019,Eden Gardens,GT,MI,GT,Bat,GT,227,101,MS Dhoni,58,Siraj,4,MS Dhoni,20,67,18,Sunny
504,2018,8/18/2019,Chinnaswamy,GT,RCB,GT,Bat,RCB,167,188,Rashid Khan,48,Rabada,6,KL Rahul,23,65,14,Sunny
505,2019,8/19/2019,Arun Jaitley,KKR,RCB,RCB,Field,KKR,232,139,Virat Kohli,36,Bumrah,4,Virat Kohli,12,89,11,Sunny
506,2020,8/20/2019,Chepauk,PBKS,RR,PBKS,Bat,RR,139,190,Virat Kohli,109,Bumrah,5,Virat Kohli,23,54,12,Sunny
507,2021,8/21/2019,Wankhede,GT,CSK,GT,Field,CSK,129,137,Jasprit Bumrah,60,Arshdeep,5,Jasprit Bumrah,17,45,13,Cloudy
508,2022,8/22/2019,Arun Jaitley,RR,SRH,SRH,Bat,RR,224,143,Jasprit Bumrah,105,Narine,5,MS Dhoni,22,114,9,Cloudy
509,2023,8/23/2019,Narendra Modi,SRH,LSG,SRH,Bat,SRH,208,130,Jos Buttler,70,Shami,3,Jos Buttler,15,117,20,Sunny
510,2024,8/24/2019,Wankhede,DC,RCB,DC,Field,DC,183,158,Jos Buttler,38,Chahal,4,Jos Buttler,15,41,18,Clear
511,2025,8/25/2019,Arun Jaitley,PBKS,LSG,LSG,Bat,LSG,130,191,Virat Kohli,109,Siraj,1,Virat Kohli,24,51,11,Sunny
512,2018,8/26/2019,Eden Gardens,CSK,KKR,CSK,Field,CSK,182,144,MS Dhoni,37,Narine,6,MS Dhoni,15,111,13,Clear
513,2019,8/27/2019,Eden Gardens,MI,RR,RR,Bat,RR,130,181,Suryakumar Yadav,111,Siraj,5,Suryakumar Yadav,15,88,15,Clear
514,2020,8/28/2019,Arun Jaitley,GT,LSG,LSG,Field,GT,224,196,Yuzvendra Chahal,83,Bumrah,5,Yuzvendra Chahal,19,46,19,Sunny
515,2021,8/29/2019,Chinnaswamy,LSG,MI,MI,Field,LSG,178,107,Jos Buttler,85,Rashid Khan,5,Jos Buttler,10,70,13,Clear
516,2022,8/30/2019,Chinnaswamy,CSK,RCB,RCB,Bat,CSK,231,218,Jasprit Bumrah,95,Bumrah,6,Jasprit Bumrah,12,83,21,Cloudy
517,2023,8/31/2019,Narendra Modi,SRH,DC,DC,Field,SRH,237,156,Jasprit Bumrah,60,Chahal,6,MS Dhoni,23,67,11,Cloudy
518,2024,9/1/2019,Narendra Modi,CSK,DC,CSK,Field,CSK,203,203,Rashid Khan,38,Shami,6,Virat Kohli,16,119,13,Sunny
519,2025,9/2/2019,Chinnaswamy,MI,PBKS,MI,Bat,MI,153,106,Suryakumar Yadav,111,Rashid Khan,1,Jasprit Bumrah,13,100,9,Sunny
520,2018,9/3/2019,Arun Jaitley,CSK,RR,CSK,Field,RR,128,186,Rohit Sharma,97,Narine,3,Rohit Sharma,21,50,10,Cloudy
521,2019,9/4/2019,Chinnaswamy,MI,RCB,RCB,Bat,MI,158,139,Virat Kohli,127,Siraj,5,Virat Kohli,16,120,14,Sunny
522,2020,9/5/2019,Chepauk,GT,CSK,CSK,Field,GT,231,208,Virat Kohli,85,Bumrah,5,Virat Kohli,13,41,9,Cloudy
523,2021,9/6/2019,Chepauk,RCB,LSG,LSG,Field,RCB,184,149,Shubman Gill,117,Bumrah,5,Shubman Gill,9,120,18,Sunny
524,2022,9/7/2019,Arun Jaitley,KKR,RCB,KKR,Bat,KKR,171,124,Yuzvendra Chahal,73,Rabada,1,Yuzvendra Chahal,9,96,8,Sunny
525,2023,9/8/2019,Narendra Modi,DC,RR,DC,Bat,RR,192,196,MS Dhoni,88,Shami,1,MS Dhoni,18,112,15,Clear
526,2024,9/9/2019,Chepauk,KKR,SRH,SRH,Bat,SRH,133,226,Virat Kohli,90,Narine,5,Yuzvendra Chahal,15,106,10,Sunny
527,2025,9/10/2019,Eden Gardens,RR,PBKS,RR,Bat,RR,202,201,Shubman Gill,46,Siraj,5,Shubman Gill,11,115,15,Cloudy
528,2018,9/11/2019,Chepauk,LSG,GT,GT,Field,LSG,162,105,Yuzvendra Chahal,100,Rashid Khan,6,Rashid Khan,12,53,18,Sunny
529,2019,9/12/2019,Wankhede,KKR,SRH,KKR,Bat,SRH,166,218,KL Rahul,93,Shami,5,KL Rahul,23,63,9,Sunny
530,2020,9/13/2019,Chepauk,DC,LSG,DC,Field,DC,159,149,Suryakumar Yadav,82,Shami,3,KL Rahul,10,120,12,Cloudy
531,2021,9/14/2019,Chepauk,LSG,CSK,CSK,Bat,CSK,192,204,Jos Buttler,31,Siraj,2,Jos Buttler,16,64,8,Cloudy
532,2022,9/15/2019,Wankhede,GT,PBKS,PBKS,Field,GT,194,165,Suryakumar Yadav,103,Chahal,6,Suryakumar Yadav,8,65,13,Cloudy
533,2023,9/16/2019,Wankhede,LSG,SRH,SRH,Field,LSG,231,227,Virat Kohli,120,Shami,4,Virat Kohli,21,114,9,Sunny
534,2024,9/17/2019,Chinnaswamy,LSG,MI,LSG,Field,MI,162,167,Rashid Khan,43,Bumrah,3,Rohit Sharma,25,43,20,Clear
535,2025,9/18/2019,Chepauk,RCB,GT,RCB,Field,GT,136,209,Rashid Khan,112,Rabada,1,Rashid Khan,24,81,22,Sunny
536,2018,9/19/2019,Arun Jaitley,CSK,LSG,CSK,Bat,LSG,186,205,Yuzvendra Chahal,70,Arshdeep,1,Yuzvendra Chahal,13,86,22,Sunny
537,2019,9/20/2019,Chepauk,RCB,CSK,CSK,Bat,CSK,187,189,Suryakumar Yadav,31,Rabada,4,Jasprit Bumrah,12,64,10,Clear
538,2020,9/21/2019,Eden Gardens,KKR,RR,RR,Field,RR,179,205,Virat Kohli,117,Narine,4,Virat Kohli,8,74,22,Clear
539,2021,9/22/2019,Wankhede,RCB,CSK,CSK,Field,CSK,134,182,Rashid Khan,72,Arshdeep,4,Rashid Khan,23,109,13,Cloudy
540,2022,9/23/2019,Eden Gardens,GT,KKR,KKR,Field,GT,155,112,Shubman Gill,100,Shami,2,KL Rahul,13,110,13,Clear
541,2023,9/24/2019,Eden Gardens,GT,LSG,LSG,Field,GT,235,171,Shubman Gill,38,Narine,2,Virat Kohli,13,61,15,Cloudy
542,2024,9/25/2019,Chepauk,DC,PBKS,DC,Bat,DC,136,116,Jos Buttler,79,Rabada,5,Jos Buttler,15,108,8,Clear
543,2025,9/26/2019,Chinnaswamy,RR,MI,MI,Bat,RR,229,209,Suryakumar Yadav,42,Rashid Khan,1,Suryakumar Yadav,21,66,22,Sunny
544,2018,9/27/2019,Narendra Modi,KKR,RR,RR,Field,RR,130,181,Virat Kohli,92,Rabada,6,Jos Buttler,11,88,11,Sunny
545,2019,9/28/2019,Wankhede,RR,RCB,RR,Field,RR,182,100,Shubman Gill,71,Rashid Khan,6,Shubman Gill,22,101,12,Cloudy
546,2020,9/29/2019,Eden Gardens,GT,LSG,LSG,Bat,LSG,200,203,Jasprit Bumrah,54,Arshdeep,4,Jasprit Bumrah,11,117,18,Sunny
547,2021,9/30/2019,Chinnaswamy,RCB,SRH,SRH,Field,RCB,209,104,MS Dhoni,41,Narine,6,MS Dhoni,24,70,12,Sunny
548,2022,10/1/2019,Chepauk,KKR,RR,RR,Bat,KKR,198,115,Jasprit Bumrah,101,Rashid Khan,5,Jasprit Bumrah,17,96,12,Clear
549,2023,10/2/2019,Narendra Modi,RCB,CSK,CSK,Field,RCB,233,130,Virat Kohli,60,Bumrah,3,Virat Kohli,12,92,21,Cloudy
550,2024,10/3/2019,Chinnaswamy,GT,KKR,KKR,Bat,GT,184,157,Rohit Sharma,113,Rashid Khan,4,Rohit Sharma,25,63,17,Clear
551,2025,10/4/2019,Chinnaswamy,SRH,LSG,LSG,Field,LSG,149,172,Virat Kohli,106,Arshdeep,6,Virat Kohli,8,104,9,Cloudy
552,2018,10/5/2019,Eden Gardens,CSK,LSG,LSG,Bat,LSG,125,126,Suryakumar Yadav,66,Bumrah,4,Virat Kohli,23,110,10,Cloudy
553,2019,10/6/2019,Eden Gardens,CSK,SRH,SRH,Field,SRH,137,181,Rashid Khan,35,Siraj,4,Rashid Khan,16,107,10,Sunny
554,2020,10/7/2019,Eden Gardens,LSG,SRH,SRH,Field,LSG,228,210,Shubman Gill,125,Shami,4,Rashid Khan,14,77,19,Cloudy
555,2021,10/8/2019,Eden Gardens,KKR,LSG,KKR,Bat,KKR,236,112,MS Dhoni,43,Rashid Khan,2,MS Dhoni,19,52,9,Clear
556,2022,10/9/2019,Narendra Modi,RCB,DC,DC,Bat,DC,151,162,KL Rahul,101,Rabada,1,KL Rahul,11,48,22,Sunny
557,2023,10/10/2019,Arun Jaitley,RCB,LSG,LSG,Bat,RCB,153,122,KL Rahul,130,Narine,6,KL Rahul,14,74,13,Clear
558,2024,10/11/2019,Eden Gardens,MI,LSG,LSG,Bat,MI,205,134,Shubman Gill,126,Siraj,3,Shubman Gill,13,55,14,Clear
559,2025,10/12/2019,Chinnaswamy,PBKS,DC,DC,Field,DC,135,229,Jasprit Bumrah,85,Chahal,2,MS Dhoni,24,41,10,Cloudy
560,2018,10/13/2019,Eden Gardens,PBKS,LSG,PBKS,Bat,LSG,138,209,Rohit Sharma,57,Rabada,6,Jasprit Bumrah,12,87,13,Cloudy
561,2019,10/14/2019,Wankhede,CSK,LSG,LSG,Field,CSK,219,180,Suryakumar Yadav,71,Narine,6,Suryakumar Yadav,11,86,20,Clear
562,2020,10/15/2019,Eden Gardens,RR,LSG,LSG,Field,RR,146,145,Rohit Sharma,78,Shami,3,Rohit Sharma,10,71,15,Sunny
563,2021,10/16/2019,Arun Jaitley,GT,RR,GT,Field,GT,201,196,Shubman Gill,101,Arshdeep,6,Shubman Gill,19,91,12,Sunny
564,2022,10/17/2019,Narendra Modi,SRH,DC,SRH,Field,SRH,167,107,Jasprit Bumrah,64,Rashid Khan,4,Jasprit Bumrah,17,52,17,Clear
565,2023,10/18/2019,Eden Gardens,DC,KKR,DC,Field,DC,160,145,KL Rahul,106,Narine,5,KL Rahul,19,98,10,Cloudy
566,2024,10/19/2019,Chinnaswamy,GT,RCB,GT,Field,GT,204,124,Rohit Sharma,46,Narine,5,Rashid Khan,15,81,18,Sunny
567,2025,10/20/2019,Chinnaswamy,CSK,SRH,CSK,Field,CSK,150,134,Jos Buttler,92,Rashid Khan,5,Jos Buttler,11,59,18,Clear
568,2018,10/21/2019,Chepauk,SRH,RCB,SRH,Field,RCB,188,226,KL Rahul,88,Narine,2,KL Rahul,22,90,14,Sunny
569,2019,10/22/2019,Chinnaswamy,RCB,PBKS,PBKS,Bat,RCB,228,128,Suryakumar Yadav,108,Rabada,3,Suryakumar Yadav,16,45,18,Cloudy
570,2020,10/23/2019,Eden Gardens,SRH,LSG,SRH,Field,SRH,129,120,Jasprit Bumrah,75,Arshdeep,3,Jasprit Bumrah,10,71,14,Clear
571,2021,10/24/2019,Wankhede,KKR,LSG,LSG,Field,KKR,179,177,Rashid Khan,108,Arshdeep,5,Rashid Khan,24,109,21,Sunny
572,2022,10/25/2019,Chinnaswamy,KKR,GT,GT,Field,GT,122,169,Virat Kohli,51,Shami,1,Virat Kohli,13,82,21,Sunny
573,2023,10/26/2019,Chinnaswamy,RCB,PBKS,PBKS,Bat,PBKS,164,165,Rashid Khan,113,Bumrah,3,Rashid Khan,16,89,9,Clear
574,2024,10/27/2019,Wankhede,MI,SRH,MI,Field,SRH,152,192,Rashid Khan,59,Shami,6,Rashid Khan,25,58,12,Clear
575,2025,10/28/2019,Chinnaswamy,LSG,PBKS,PBKS,Bat,LSG,142,129,Virat Kohli,70,Siraj,3,Virat Kohli,23,90,16,Sunny
576,2018,10/29/2019,Narendra Modi,RR,SRH,RR,Field,RR,174,134,Yuzvendra Chahal,122,Arshdeep,1,Yuzvendra Chahal,15,114,8,Cloudy
577,2019,10/30/2019,Arun Jaitley,GT,CSK,CSK,Field,GT,155,149,Rashid Khan,104,Rabada,3,Rashid Khan,12,61,9,Clear
578,2020,10/31/2019,Wankhede,CSK,KKR,KKR,Field,CSK,163,150,KL Rahul,74,Siraj,4,KL Rahul,14,43,21,Cloudy
579,2021,11/1/2019,Wankhede,SRH,GT,GT,Field,GT,140,164,Rashid Khan,42,Chahal,3,Rashid Khan,20,71,19,Sunny
580,2022,11/2/2019,Narendra Modi,RR,GT,GT,Bat,RR,192,171,KL Rahul,63,Siraj,5,KL Rahul,8,41,19,Sunny
581,2023,11/3/2019,Chinnaswamy,CSK,MI,CSK,Bat,CSK,208,172,MS Dhoni,45,Arshdeep,3,MS Dhoni,14,115,9,Clear
582,2024,11/4/2019,Chinnaswamy,LSG,DC,DC,Field,LSG,193,173,Rashid Khan,111,Rabada,1,Rashid Khan,15,119,20,Clear
583,2025,11/5/2019,Chinnaswamy,CSK,SRH,CSK,Bat,CSK,215,108,Yuzvendra Chahal,48,Shami,6,Yuzvendra Chahal,18,90,20,Clear
584,2018,11/6/2019,Wankhede,RCB,KKR,KKR,Field,RCB,215,131,Suryakumar Yadav,87,Bumrah,6,Suryakumar Yadav,21,59,10,Cloudy
585,2019,11/7/2019,Chepauk,CSK,PBKS,CSK,Field,CSK,218,166,Jasprit Bumrah,89,Bumrah,5,Rohit Sharma,10,93,21,Sunny
586,2020,11/8/2019,Chinnaswamy,RCB,KKR,KKR,Field,RCB,144,142,Rohit Sharma,115,Chahal,3,Rohit Sharma,16,103,22,Sunny
587,2021,11/9/2019,Chinnaswamy,MI,PBKS,MI,Field,MI,143,130,Jos Buttler,127,Chahal,6,Jos Buttler,19,61,17,Clear
588,2022,11/10/2019,Narendra Modi,LSG,RR,LSG,Field,RR,207,224,Shubman Gill,111,Rabada,1,Shubman Gill,14,65,12,Cloudy
589,2023,11/11/2019,Arun Jaitley,RR,KKR,KKR,Bat,KKR,173,195,Shubman Gill,43,Rashid Khan,6,Jasprit Bumrah,24,115,21,Sunny
590,2024,11/12/2019,Narendra Modi,PBKS,RCB,PBKS,Field,PBKS,219,122,KL Rahul,51,Arshdeep,1,KL Rahul,18,104,19,Clear
591,2025,11/13/2019,Narendra Modi,MI,SRH,MI,Field,SRH,149,187,Rashid Khan,105,Chahal,6,Rashid Khan,25,114,20,Sunny
592,2018,11/14/2019,Chepauk,LSG,CSK,LSG,Bat,LSG,193,136,Virat Kohli,101,Rashid Khan,3,Virat Kohli,10,70,15,Sunny
593,2019,11/15/2019,Narendra Modi,SRH,CSK,SRH,Field,SRH,237,125,KL Rahul,51,Shami,1,Jos Buttler,10,55,17,Sunny
594,2020,11/16/2019,Eden Gardens,KKR,RCB,RCB,Bat,KKR,124,104,Shubman Gill,118,Bumrah,2,Shubman Gill,17,107,16,Clear
595,2021,11/17/2019,Chepauk,PBKS,RR,PBKS,Bat,PBKS,183,129,Rashid Khan,125,Rashid Khan,3,Rashid Khan,11,88,13,Clear
596,2022,11/18/2019,Chinnaswamy,MI,RCB,RCB,Field,MI,176,160,Jos Buttler,81,Bumrah,4,Jos Buttler,25,89,15,Sunny
597,2023,11/19/2019,Eden Gardens,SRH,MI,SRH,Bat,SRH,223,212,Rashid Khan,97,Bumrah,1,Shubman Gill,25,71,8,Sunny
598,2024,11/20/2019,Eden Gardens,RCB,MI,RCB,Field,MI,135,208,Virat Kohli,71,Bumrah,3,Virat Kohli,13,56,15,Clear
599,2025,11/21/2019,Eden Gardens,SRH,RCB,RCB,Field,RCB,142,230,Rashid Khan,89,Bumrah,6,Rashid Khan,8,90,22,Cloudy
600,2018,11/22/2019,Chinnaswamy,MI,SRH,MI,Bat,MI,200,155,Virat Kohli,109,Shami,6,Rohit Sharma,10,80,20,Sunny
601,2019,11/23/2019,Eden Gardens,RR,SRH,SRH,Field,RR,210,170,MS Dhoni,93,Rabada,2,MS Dhoni,9,58,13,Sunny
602,2020,11/24/2019,Narendra Modi,DC,PBKS,DC,Bat,PBKS,149,152,Yuzvendra Chahal,51,Narine,4,Suryakumar Yadav,9,119,19,Cloudy
603,2021,11/25/2019,Chepauk,KKR,RCB,KKR,Field,KKR,163,159,Rohit Sharma,32,Chahal,3,Rohit Sharma,19,102,15,Clear
604,2022,11/26/2019,Arun Jaitley,RR,CSK,CSK,Bat,RR,196,113,Yuzvendra Chahal,36,Siraj,4,Yuzvendra Chahal,23,56,21,Clear
605,2023,11/27/2019,Arun Jaitley,RCB,SRH,RCB,Bat,RCB,215,147,MS Dhoni,60,Bumrah,4,KL Rahul,11,42,16,Sunny
606,2024,11/28/2019,Chepauk,CSK,KKR,CSK,Bat,CSK,151,145,KL Rahul,117,Arshdeep,5,KL Rahul,22,98,11,Cloudy
607,2025,11/29/2019,Chinnaswamy,GT,MI,GT,Bat,MI,134,223,MS Dhoni,65,Siraj,2,MS Dhoni,17,115,16,Clear
608,2018,11/30/2019,Chinnaswamy,SRH,MI,SRH,Field,MI,195,219,Jos Buttler,107,Rabada,2,MS Dhoni,9,65,13,Clear
609,2019,12/1/2019,Wankhede,GT,KKR,KKR,Bat,KKR,123,202,Suryakumar Yadav,107,Narine,2,Suryakumar Yadav,16,100,20,Cloudy
610,2020,12/2/2019,Wankhede,SRH,LSG,LSG,Bat,SRH,176,158,MS Dhoni,130,Rabada,3,MS Dhoni,15,87,20,Sunny
611,2021,12/3/2019,Eden Gardens,GT,RR,RR,Field,RR,156,178,Jasprit Bumrah,51,Arshdeep,4,Jasprit Bumrah,9,111,10,Sunny
612,2022,12/4/2019,Eden Gardens,MI,CSK,CSK,Bat,MI,225,169,Shubman Gill,67,Rashid Khan,6,Shubman Gill,25,77,11,Clear
613,2023,12/5/2019,Eden Gardens,RR,LSG,RR,Bat,RR,206,141,Jos Buttler,57,Rabada,3,Jos Buttler,20,107,13,Cloudy
614,2024,12/6/2019,Narendra Modi,GT,CSK,CSK,Field,GT,229,121,Virat Kohli,66,Siraj,1,Virat Kohli,23,42,15,Cloudy
615,2025,12/7/2019,Chepauk,RR,PBKS,PBKS,Field,RR,183,108,Virat Kohli,46,Arshdeep,5,Rashid Khan,17,85,22,Clear
616,2018,12/8/2019,Wankhede,RR,CSK,RR,Field,CSK,172,193,Virat Kohli,35,Chahal,1,Rashid Khan,17,82,12,Sunny
617,2019,12/9/2019,Eden Gardens,PBKS,DC,PBKS,Bat,DC,127,218,Virat Kohli,107,Bumrah,6,Shubman Gill,9,42,12,Cloudy
618,2020,12/10/2019,Wankhede,KKR,SRH,SRH,Field,KKR,240,117,MS Dhoni,126,Shami,4,MS Dhoni,23,71,13,Clear
619,2021,12/11/2019,Chepauk,RCB,GT,GT,Field,GT,164,185,Shubman Gill,34,Chahal,5,Shubman Gill,14,109,17,Clear
620,2022,12/12/2019,Eden Gardens,RCB,RR,RR,Field,RCB,188,166,Rashid Khan,100,Rashid Khan,6,Rashid Khan,21,101,22,Sunny
621,2023,12/13/2019,Arun Jaitley,PBKS,RR,RR,Field,PBKS,231,195,MS Dhoni,71,Bumrah,6,MS Dhoni,18,63,18,Sunny
622,2024,12/14/2019,Eden Gardens,SRH,RCB,RCB,Field,SRH,139,101,Suryakumar Yadav,113,Rabada,6,Suryakumar Yadav,25,80,22,Sunny
623,2025,12/15/2019,Narendra Modi,RCB,KKR,KKR,Bat,RCB,207,156,Shubman Gill,89,Arshdeep,3,Shubman Gill,18,120,8,Sunny
624,2018,12/16/2019,Arun Jaitley,PBKS,MI,PBKS,Bat,PBKS,230,152,Rashid Khan,99,Chahal,1,Rashid Khan,16,89,16,Clear
625,2019,12/17/2019,Chinnaswamy,GT,RCB,RCB,Bat,RCB,198,210,Jasprit Bumrah,125,Rabada,6,Jasprit Bumrah,16,47,11,Cloudy
626,2020,12/18/2019,Arun Jaitley,RR,CSK,RR,Bat,RR,163,151,Rohit Sharma,109,Rashid Khan,6,Rohit Sharma,12,67,17,Cloudy
627,2021,12/19/2019,Eden Gardens,DC,PBKS,DC,Bat,PBKS,213,219,Yuzvendra Chahal,33,Bumrah,5,Yuzvendra Chahal,12,115,14,Sunny
628,2022,12/20/2019,Wankhede,PBKS,MI,MI,Bat,PBKS,227,189,Jasprit Bumrah,51,Rabada,3,Jasprit Bumrah,24,101,13,Cloudy
629,2023,12/21/2019,Eden Gardens,GT,DC,DC,Field,GT,140,121,Rashid Khan,107,Rabada,4,Rashid Khan,19,69,9,Sunny
630,2024,12/22/2019,Narendra Modi,CSK,GT,CSK,Bat,GT,141,188,Suryakumar Yadav,120,Rashid Khan,2,Suryakumar Yadav,25,87,22,Clear
631,2025,12/23/2019,Narendra Modi,KKR,SRH,SRH,Field,SRH,170,208,Suryakumar Yadav,115,Narine,1,Suryakumar Yadav,9,79,20,Clear
632,2018,12/24/2019,Arun Jaitley,MI,RR,MI,Field,RR,163,181,Jos Buttler,73,Siraj,4,Jos Buttler,25,65,21,Sunny
633,2019,12/25/2019,Chinnaswamy,RR,PBKS,PBKS,Field,PBKS,149,178,MS Dhoni,116,Rashid Khan,5,Jasprit Bumrah,15,57,16,Sunny
634,2020,12/26/2019,Narendra Modi,KKR,MI,KKR,Bat,KKR,219,152,Shubman Gill,49,Shami,3,Virat Kohli,20,108,22,Cloudy
635,2021,12/27/2019,Chinnaswamy,SRH,DC,SRH,Bat,SRH,237,118,MS Dhoni,106,Rabada,3,Rohit Sharma,20,49,15,Sunny
636,2022,12/28/2019,Eden Gardens,RCB,RR,RR,Field,RR,184,214,MS Dhoni,39,Rabada,4,MS Dhoni,13,64,22,Cloudy
637,2023,12/29/2019,Chinnaswamy,KKR,GT,KKR,Bat,KKR,145,110,Jos Buttler,107,Chahal,5,Jos Buttler,13,88,19,Cloudy
638,2024,12/30/2019,Arun Jaitley,SRH,DC,SRH,Field,SRH,202,182,Rashid Khan,30,Rashid Khan,1,Rashid Khan,13,101,9,Cloudy
639,2025,12/31/2019,Narendra Modi,LSG,RR,RR,Bat,LSG,192,152,Shubman Gill,46,Bumrah,5,Shubman Gill,21,100,10,Cloudy
640,2018,1/1/2020,Narendra Modi,RCB,LSG,RCB,Field,LSG,146,180,MS Dhoni,84,Narine,6,MS Dhoni,8,96,13,Sunny
641,2019,1/2/2020,Chinnaswamy,GT,RCB,RCB,Bat,RCB,160,224,KL Rahul,111,Siraj,3,Jos Buttler,19,120,14,Sunny
642,2020,1/3/2020,Wankhede,RCB,LSG,RCB,Field,RCB,221,131,MS Dhoni,70,Shami,1,MS Dhoni,23,43,16,Clear
643,2021,1/4/2020,Chinnaswamy,PBKS,DC,PBKS,Bat,DC,192,226,MS Dhoni,73,Rashid Khan,3,MS Dhoni,11,104,11,Sunny
644,2022,1/5/2020,Chinnaswamy,KKR,RCB,RCB,Field,KKR,159,106,Yuzvendra Chahal,76,Chahal,5,KL Rahul,23,110,15,Cloudy
645,2023,1/6/2020,Arun Jaitley,LSG,MI,MI,Bat,MI,168,201,Rashid Khan,102,Rabada,4,Rashid Khan,10,43,20,Clear
646,2024,1/7/2020,Wankhede,RR,KKR,KKR,Field,RR,188,135,Virat Kohli,34,Rabada,3,Virat Kohli,24,92,19,Cloudy
647,2025,1/8/2020,Chinnaswamy,SRH,DC,SRH,Field,SRH,228,126,Rashid Khan,118,Rashid Khan,1,Rashid Khan,16,106,14,Cloudy
648,2018,1/9/2020,Wankhede,RCB,GT,GT,Bat,GT,166,179,Yuzvendra Chahal,34,Arshdeep,5,Shubman Gill,24,72,21,Cloudy
649,2019,1/10/2020,Narendra Modi,PBKS,LSG,LSG,Bat,LSG,153,230,Jos Buttler,41,Arshdeep,2,Jos Buttler,8,87,11,Sunny
650,2020,1/11/2020,Chinnaswamy,PBKS,SRH,PBKS,Field,SRH,137,148,MS Dhoni,46,Shami,1,MS Dhoni,14,119,18,Cloudy
651,2021,1/12/2020,Chinnaswamy,GT,LSG,LSG,Field,GT,171,169,Suryakumar Yadav,119,Arshdeep,3,Suryakumar Yadav,13,87,19,Clear
652,2022,1/13/2020,Chinnaswamy,CSK,PBKS,PBKS,Bat,CSK,208,160,Shubman Gill,119,Chahal,6,KL Rahul,22,67,12,Clear
653,2023,1/14/2020,Chinnaswamy,SRH,GT,SRH,Bat,SRH,155,117,KL Rahul,53,Rashid Khan,5,KL Rahul,14,107,13,Sunny
654,2024,1/15/2020,Eden Gardens,DC,RR,RR,Bat,RR,187,202,Suryakumar Yadav,31,Rabada,2,MS Dhoni,22,46,18,Sunny
655,2025,1/16/2020,Wankhede,GT,RCB,RCB,Bat,RCB,130,150,Rashid Khan,59,Shami,3,Rohit Sharma,14,51,16,Clear
656,2018,1/17/2020,Chinnaswamy,PBKS,SRH,SRH,Field,SRH,126,189,KL Rahul,105,Bumrah,5,KL Rahul,10,119,17,Cloudy
657,2019,1/18/2020,Narendra Modi,LSG,RR,RR,Bat,LSG,234,154,Yuzvendra Chahal,80,Bumrah,3,Shubman Gill,23,73,9,Cloudy
658,2020,1/19/2020,Narendra Modi,RCB,SRH,RCB,Bat,RCB,239,101,Rashid Khan,32,Siraj,4,Rashid Khan,20,109,22,Sunny
659,2021,1/20/2020,Narendra Modi,PBKS,GT,PBKS,Field,PBKS,227,137,KL Rahul,126,Rashid Khan,2,KL Rahul,24,117,14,Cloudy
660,2022,1/21/2020,Chepauk,RCB,RR,RCB,Field,RCB,143,127,Rashid Khan,41,Bumrah,5,Rashid Khan,18,40,18,Clear
661,2023,1/22/2020,Eden Gardens,DC,SRH,DC,Field,DC,189,153,Suryakumar Yadav,128,Rabada,1,Suryakumar Yadav,11,116,9,Sunny
662,2024,1/23/2020,Arun Jaitley,SRH,DC,DC,Field,SRH,218,118,Virat Kohli,69,Rashid Khan,5,Virat Kohli,21,81,12,Cloudy
663,2025,1/24/2020,Chinnaswamy,GT,RCB,GT,Field,GT,165,115,Yuzvendra Chahal,94,Shami,5,Yuzvendra Chahal,15,56,10,Cloudy
664,2018,1/25/2020,Eden Gardens,RR,KKR,KKR,Bat,RR,196,128,Jos Buttler,86,Arshdeep,1,Jos Buttler,24,98,14,Clear
665,2019,1/26/2020,Chinnaswamy,SRH,DC,SRH,Field,DC,140,183,Shubman Gill,66,Shami,1,Rashid Khan,18,79,15,Cloudy
666,2020,1/27/2020,Eden Gardens,DC,RCB,DC,Field,DC,177,162,Jasprit Bumrah,110,Shami,2,Jasprit Bumrah,12,84,14,Sunny
667,2021,1/28/2020,Wankhede,MI,GT,MI,Bat,GT,193,221,Rashid Khan,32,Siraj,6,Shubman Gill,18,109,19,Cloudy
668,2022,1/29/2020,Arun Jaitley,RCB,LSG,LSG,Field,RCB,159,126,Jasprit Bumrah,93,Siraj,3,Jasprit Bumrah,21,77,16,Sunny
669,2023,1/30/2020,Wankhede,LSG,RR,RR,Field,RR,176,182,Jos Buttler,109,Rashid Khan,6,Jos Buttler,10,101,22,Cloudy
670,2024,1/31/2020,Arun Jaitley,GT,SRH,GT,Bat,GT,209,101,Yuzvendra Chahal,100,Arshdeep,3,Yuzvendra Chahal,8,93,22,Cloudy
671,2025,2/1/2020,Eden Gardens,MI,LSG,MI,Bat,LSG,132,145,Rashid Khan,124,Arshdeep,3,Virat Kohli,12,99,19,Clear
672,2018,2/2/2020,Eden Gardens,DC,CSK,DC,Field,DC,159,106,Rohit Sharma,118,Bumrah,6,Rohit Sharma,8,99,14,Cloudy
673,2019,2/3/2020,Chinnaswamy,RR,RCB,RR,Bat,RR,190,116,Virat Kohli,51,Siraj,5,Virat Kohli,18,83,22,Cloudy
674,2020,2/4/2020,Narendra Modi,LSG,GT,GT,Field,LSG,221,160,Yuzvendra Chahal,79,Arshdeep,4,Yuzvendra Chahal,20,69,9,Clear
675,2021,2/5/2020,Arun Jaitley,SRH,KKR,SRH,Bat,SRH,155,125,Jos Buttler,37,Bumrah,3,Jos Buttler,10,50,21,Sunny
676,2022,2/6/2020,Chepauk,SRH,LSG,LSG,Bat,SRH,205,144,Rashid Khan,117,Shami,3,Rashid Khan,20,79,8,Sunny
677,2023,2/7/2020,Narendra Modi,CSK,GT,CSK,Field,CSK,225,185,Jasprit Bumrah,86,Siraj,1,KL Rahul,22,74,15,Cloudy
678,2024,2/8/2020,Wankhede,SRH,LSG,SRH,Field,SRH,169,135,Jasprit Bumrah,51,Siraj,3,Rohit Sharma,14,68,10,Sunny
679,2025,2/9/2020,Arun Jaitley,CSK,KKR,KKR,Field,KKR,124,224,Suryakumar Yadav,130,Chahal,4,Suryakumar Yadav,23,84,19,Clear
680,2018,2/10/2020,Chepauk,KKR,DC,KKR,Bat,KKR,152,108,Suryakumar Yadav,45,Siraj,2,MS Dhoni,10,82,14,Sunny
681,2019,2/11/2020,Narendra Modi,LSG,DC,LSG,Field,LSG,158,109,Virat Kohli,49,Bumrah,4,Virat Kohli,19,92,22,Sunny
682,2020,2/12/2020,Eden Gardens,PBKS,SRH,PBKS,Bat,PBKS,166,166,KL Rahul,126,Siraj,3,KL Rahul,17,65,9,Sunny
683,2021,2/13/2020,Chepauk,PBKS,RCB,PBKS,Field,RCB,214,223,Jasprit Bumrah,53,Rashid Khan,4,Jasprit Bumrah,18,68,17,Sunny
684,2022,2/14/2020,Chepauk,CSK,RR,CSK,Bat,CSK,229,182,MS Dhoni,116,Siraj,5,MS Dhoni,14,56,10,Sunny
685,2023,2/15/2020,Chepauk,PBKS,GT,PBKS,Field,PBKS,222,130,Yuzvendra Chahal,128,Chahal,6,Yuzvendra Chahal,13,103,9,Cloudy
686,2024,2/16/2020,Chinnaswamy,DC,MI,MI,Field,MI,141,153,Yuzvendra Chahal,72,Chahal,2,Yuzvendra Chahal,8,108,11,Cloudy
687,2025,2/17/2020,Arun Jaitley,CSK,SRH,CSK,Bat,CSK,192,162,Suryakumar Yadav,62,Narine,4,Suryakumar Yadav,11,64,18,Cloudy
688,2018,2/18/2020,Wankhede,SRH,CSK,SRH,Bat,SRH,169,169,Shubman Gill,123,Narine,2,Shubman Gill,12,83,18,Cloudy
689,2019,2/19/2020,Arun Jaitley,KKR,MI,MI,Field,KKR,204,145,Yuzvendra Chahal,128,Narine,1,Yuzvendra Chahal,20,80,9,Sunny
690,2020,2/20/2020,Narendra Modi,RCB,RR,RCB,Bat,RCB,219,153,Yuzvendra Chahal,104,Bumrah,1,Yuzvendra Chahal,17,75,15,Sunny
691,2021,2/21/2020,Narendra Modi,DC,RR,RR,Bat,DC,148,108,Rohit Sharma,65,Arshdeep,1,Rohit Sharma,17,80,15,Sunny
692,2022,2/22/2020,Arun Jaitley,LSG,PBKS,LSG,Field,PBKS,137,204,Jos Buttler,72,Rabada,6,Jos Buttler,14,56,11,Sunny
693,2023,2/23/2020,Chepauk,GT,RCB,RCB,Bat,GT,218,202,Virat Kohli,46,Shami,2,Virat Kohli,12,94,9,Sunny
694,2024,2/24/2020,Eden Gardens,LSG,RR,RR,Field,RR,158,222,Yuzvendra Chahal,81,Shami,1,KL Rahul,15,91,21,Sunny
695,2025,2/25/2020,Chepauk,KKR,PBKS,PBKS,Field,KKR,227,122,Jasprit Bumrah,78,Arshdeep,2,Shubman Gill,9,79,16,Cloudy
696,2018,2/26/2020,Eden Gardens,RR,GT,GT,Field,RR,204,120,MS Dhoni,32,Siraj,1,MS Dhoni,9,92,10,Sunny
697,2019,2/27/2020,Wankhede,RR,KKR,KKR,Bat,RR,157,134,Suryakumar Yadav,41,Bumrah,5,Yuzvendra Chahal,20,62,19,Cloudy
698,2020,2/28/2020,Arun Jaitley,LSG,GT,LSG,Field,LSG,213,143,Suryakumar Yadav,33,Chahal,5,Suryakumar Yadav,17,101,9,Clear
699,2021,2/29/2020,Chinnaswamy,MI,DC,DC,Field,MI,166,145,KL Rahul,56,Siraj,3,KL Rahul,15,72,19,Clear
700,2022,3/1/2020,Narendra Modi,RR,SRH,RR,Field,RR,211,112,Jos Buttler,101,Shami,5,Jos Buttler,12,94,15,Sunny
701,2023,3/2/2020,Chepauk,CSK,RR,RR,Bat,CSK,219,126,Yuzvendra Chahal,111,Rabada,1,Yuzvendra Chahal,25,109,15,Sunny
702,2024,3/3/2020,Arun Jaitley,MI,DC,DC,Field,MI,220,198,Suryakumar Yadav,112,Bumrah,5,Virat Kohli,14,45,10,Cloudy
703,2025,3/4/2020,Wankhede,MI,RR,RR,Field,MI,238,156,Suryakumar Yadav,58,Shami,2,Shubman Gill,13,111,18,Sunny
704,2018,3/5/2020,Wankhede,LSG,SRH,LSG,Field,SRH,205,219,Jos Buttler,129,Rabada,6,Jos Buttler,8,66,20,Clear
705,2019,3/6/2020,Eden Gardens,PBKS,DC,PBKS,Bat,PBKS,230,203,Suryakumar Yadav,130,Chahal,3,Suryakumar Yadav,23,91,12,Sunny
706,2020,3/7/2020,Eden Gardens,RR,RCB,RR,Bat,RCB,134,225,Jos Buttler,119,Siraj,3,Jos Buttler,16,86,18,Sunny
707,2021,3/8/2020,Chinnaswamy,LSG,GT,GT,Bat,GT,128,172,Virat Kohli,73,Shami,5,Virat Kohli,9,72,22,Sunny
708,2022,3/9/2020,Eden Gardens,PBKS,RCB,RCB,Bat,PBKS,187,106,KL Rahul,109,Narine,2,KL Rahul,13,80,9,Clear
709,2023,3/10/2020,Wankhede,DC,MI,DC,Field,MI,177,201,Rashid Khan,66,Chahal,4,KL Rahul,22,84,9,Clear
710,2024,3/11/2020,Eden Gardens,LSG,KKR,LSG,Bat,KKR,139,206,KL Rahul,89,Arshdeep,2,Yuzvendra Chahal,9,83,16,Sunny
711,2025,3/12/2020,Chinnaswamy,GT,KKR,KKR,Field,GT,169,136,Rashid Khan,93,Bumrah,3,Rashid Khan,9,96,9,Cloudy
712,2018,3/13/2020,Arun Jaitley,MI,PBKS,PBKS,Bat,PBKS,123,187,Jos Buttler,102,Rashid Khan,4,Shubman Gill,23,99,20,Cloudy
713,2019,3/14/2020,Chinnaswamy,SRH,MI,MI,Field,SRH,227,175,KL Rahul,48,Bumrah,6,KL Rahul,8,100,16,Clear
714,2020,3/15/2020,Arun Jaitley,GT,LSG,GT,Bat,GT,212,135,Shubman Gill,128,Rashid Khan,4,Shubman Gill,16,52,14,Clear
715,2021,3/16/2020,Wankhede,RR,CSK,CSK,Field,RR,209,139,Rashid Khan,117,Chahal,4,Rashid Khan,15,102,17,Clear
716,2022,3/17/2020,Wankhede,MI,LSG,MI,Field,LSG,175,193,MS Dhoni,74,Rabada,3,Rashid Khan,16,65,8,Clear
717,2023,3/18/2020,Chinnaswamy,LSG,GT,LSG,Bat,LSG,174,129,Suryakumar Yadav,38,Rashid Khan,1,Suryakumar Yadav,10,117,12,Sunny
718,2024,3/19/2020,Arun Jaitley,DC,MI,MI,Bat,DC,176,141,Rohit Sharma,110,Arshdeep,1,Rohit Sharma,22,94,14,Clear
719,2025,3/20/2020,Eden Gardens,PBKS,DC,PBKS,Bat,DC,153,182,Suryakumar Yadav,86,Rashid Khan,5,Suryakumar Yadav,15,81,20,Sunny
720,2018,3/21/2020,Arun Jaitley,RR,KKR,RR,Bat,KKR,161,225,Rashid Khan,77,Chahal,6,KL Rahul,24,77,11,Cloudy
721,2019,3/22/2020,Arun Jaitley,RCB,DC,RCB,Field,RCB,139,105,Yuzvendra Chahal,102,Rashid Khan,2,Yuzvendra Chahal,20,99,12,Clear
722,2020,3/23/2020,Chepauk,DC,RR,DC,Field,RR,154,228,KL Rahul,124,Chahal,6,Yuzvendra Chahal,15,97,9,Cloudy
723,2021,3/24/2020,Chepauk,KKR,MI,KKR,Bat,MI,125,128,Rashid Khan,94,Narine,6,KL Rahul,24,55,19,Sunny
724,2022,3/25/2020,Arun Jaitley,RR,PBKS,RR,Field,RR,227,178,Shubman Gill,108,Rabada,6,Shubman Gill,16,65,9,Sunny
725,2023,3/26/2020,Chinnaswamy,KKR,LSG,LSG,Field,KKR,174,147,Yuzvendra Chahal,128,Siraj,6,Yuzvendra Chahal,25,40,17,Sunny
726,2024,3/27/2020,Chepauk,SRH,DC,DC,Bat,SRH,219,170,Jasprit Bumrah,38,Shami,3,Shubman Gill,17,71,9,Cloudy
727,2025,3/28/2020,Arun Jaitley,PBKS,CSK,CSK,Bat,PBKS,169,142,Rashid Khan,68,Chahal,1,Rashid Khan,13,120,17,Clear
728,2018,3/29/2020,Wankhede,LSG,RR,LSG,Field,RR,158,183,Yuzvendra Chahal,56,Shami,2,Yuzvendra Chahal,9,54,20,Sunny
729,2019,3/30/2020,Narendra Modi,RCB,GT,GT,Bat,RCB,237,196,Suryakumar Yadav,127,Bumrah,5,Suryakumar Yadav,24,99,10,Cloudy
730,2020,3/31/2020,Eden Gardens,DC,RCB,DC,Field,RCB,161,211,Jos Buttler,124,Siraj,6,MS Dhoni,16,83,15,Cloudy
731,2021,4/1/2020,Eden Gardens,LSG,CSK,CSK,Bat,CSK,148,157,Suryakumar Yadav,59,Shami,3,Suryakumar Yadav,16,64,14,Cloudy
732,2022,4/2/2020,Chinnaswamy,DC,GT,DC,Field,DC,226,196,Suryakumar Yadav,79,Bumrah,4,KL Rahul,19,60,19,Sunny
733,2023,4/3/2020,Chepauk,GT,MI,MI,Bat,GT,237,204,Virat Kohli,90,Rashid Khan,1,Virat Kohli,22,59,9,Clear
734,2024,4/4/2020,Wankhede,PBKS,MI,MI,Field,PBKS,180,106,MS Dhoni,72,Siraj,1,MS Dhoni,9,80,17,Cloudy
735,2025,4/5/2020,Narendra Modi,RCB,CSK,RCB,Field,RCB,230,164,Suryakumar Yadav,112,Narine,4,Suryakumar Yadav,11,113,11,Clear
736,2018,4/6/2020,Narendra Modi,RCB,RR,RCB,Bat,RCB,237,148,Virat Kohli,109,Siraj,1,Virat Kohli,22,40,15,Clear
737,2019,4/7/2020,Wankhede,LSG,DC,LSG,Bat,DC,135,168,KL Rahul,56,Shami,5,KL Rahul,25,112,20,Sunny
738,2020,4/8/2020,Chinnaswamy,LSG,SRH,SRH,Bat,SRH,187,193,Jos Buttler,66,Chahal,3,Jos Buttler,15,41,10,Sunny
739,2021,4/9/2020,Narendra Modi,RCB,LSG,LSG,Field,RCB,211,186,MS Dhoni,71,Rashid Khan,1,Jasprit Bumrah,18,73,21,Clear
740,2022,4/10/2020,Chepauk,MI,LSG,LSG,Bat,MI,132,117,MS Dhoni,47,Chahal,6,MS Dhoni,8,113,11,Sunny
741,2023,4/11/2020,Wankhede,PBKS,RR,RR,Bat,RR,132,138,Suryakumar Yadav,37,Arshdeep,2,MS Dhoni,10,85,20,Clear
742,2024,4/12/2020,Eden Gardens,GT,RCB,GT,Bat,RCB,139,207,Jos Buttler,125,Bumrah,1,Jos Buttler,11,85,13,Clear
743,2025,4/13/2020,Wankhede,CSK,GT,CSK,Bat,GT,127,214,Suryakumar Yadav,110,Bumrah,2,Jasprit Bumrah,12,50,20,Clear
744,2018,4/14/2020,Chinnaswamy,LSG,GT,LSG,Bat,LSG,231,111,Virat Kohli,123,Narine,1,Virat Kohli,23,95,8,Cloudy
745,2019,4/15/2020,Arun Jaitley,MI,GT,GT,Bat,GT,197,206,Shubman Gill,89,Shami,4,Shubman Gill,24,63,15,Cloudy
746,2020,4/16/2020,Narendra Modi,LSG,RR,LSG,Field,LSG,237,203,Rohit Sharma,55,Siraj,4,Rohit Sharma,13,88,15,Sunny
747,2021,4/17/2020,Arun Jaitley,PBKS,DC,PBKS,Field,PBKS,202,177,Jos Buttler,103,Narine,4,Jos Buttler,14,55,12,Cloudy
748,2022,4/18/2020,Narendra Modi,DC,RCB,RCB,Bat,RCB,144,151,Jos Buttler,99,Narine,2,Jos Buttler,15,82,11,Cloudy
749,2023,4/19/2020,Chepauk,MI,CSK,MI,Bat,MI,240,200,Jasprit Bumrah,35,Shami,2,Jasprit Bumrah,21,71,10,Cloudy
750,2024,4/20/2020,Wankhede,RR,CSK,RR,Bat,RR,209,107,Rohit Sharma,56,Arshdeep,2,Jasprit Bumrah,14,89,8,Sunny
751,2025,4/21/2020,Eden Gardens,RCB,CSK,RCB,Bat,RCB,234,118,Yuzvendra Chahal,76,Siraj,4,Yuzvendra Chahal,24,76,16,Cloudy
752,2018,4/22/2020,Arun Jaitley,PBKS,RCB,PBKS,Field,PBKS,206,206,Jos Buttler,121,Shami,6,Jos Buttler,16,44,19,Cloudy
753,2019,4/23/2020,Narendra Modi,LSG,KKR,KKR,Field,LSG,178,136,MS Dhoni,98,Rabada,4,Shubman Gill,8,91,20,Cloudy
754,2020,4/24/2020,Narendra Modi,GT,RCB,GT,Bat,GT,149,141,Jasprit Bumrah,69,Narine,1,Jasprit Bumrah,13,119,12,Cloudy
755,2021,4/25/2020,Narendra Modi,MI,PBKS,MI,Field,MI,229,136,MS Dhoni,105,Siraj,4,MS Dhoni,18,56,10,Sunny
756,2022,4/26/2020,Chepauk,CSK,PBKS,CSK,Field,PBKS,136,223,Shubman Gill,50,Rashid Khan,6,Shubman Gill,11,54,11,Sunny
757,2023,4/27/2020,Chinnaswamy,RCB,DC,DC,Bat,RCB,144,112,Suryakumar Yadav,112,Arshdeep,1,MS Dhoni,20,84,22,Clear
758,2024,4/28/2020,Chinnaswamy,RR,PBKS,RR,Field,RR,209,178,Rohit Sharma,97,Narine,1,MS Dhoni,22,61,19,Sunny
759,2025,4/29/2020,Wankhede,CSK,RR,CSK,Bat,RR,127,129,Yuzvendra Chahal,116,Narine,5,Yuzvendra Chahal,16,98,12,Clear
760,2018,4/30/2020,Wankhede,SRH,LSG,LSG,Field,LSG,121,158,KL Rahul,87,Chahal,6,Rohit Sharma,25,41,12,Clear
761,2019,5/1/2020,Chepauk,LSG,MI,MI,Bat,LSG,155,149,Rashid Khan,111,Chahal,4,Rohit Sharma,8,120,20,Sunny
762,2020,5/2/2020,Wankhede,KKR,LSG,LSG,Bat,KKR,152,123,Virat Kohli,90,Arshdeep,1,Virat Kohli,16,43,21,Sunny
763,2021,5/3/2020,Narendra Modi,MI,RCB,RCB,Bat,MI,217,154,MS Dhoni,89,Bumrah,4,MS Dhoni,13,77,8,Sunny
764,2022,5/4/2020,Chepauk,KKR,LSG,LSG,Field,KKR,191,101,Jasprit Bumrah,81,Chahal,2,Jasprit Bumrah,21,100,19,Clear
765,2023,5/5/2020,Eden Gardens,LSG,DC,DC,Bat,LSG,140,120,Suryakumar Yadav,124,Rashid Khan,2,Suryakumar Yadav,10,119,18,Cloudy
766,2024,5/6/2020,Chinnaswamy,GT,RR,RR,Field,GT,238,203,Rashid Khan,83,Rashid Khan,1,Virat Kohli,14,94,19,Cloudy
767,2025,5/7/2020,Chepauk,DC,GT,DC,Bat,DC,184,155,Virat Kohli,104,Shami,4,Virat Kohli,15,78,20,Cloudy
768,2018,5/8/2020,Chinnaswamy,DC,GT,GT,Bat,DC,181,172,Jasprit Bumrah,115,Chahal,6,Jasprit Bumrah,16,105,11,Cloudy
769,2019,5/9/2020,Chinnaswamy,DC,RCB,DC,Bat,DC,236,119,Rohit Sharma,83,Rabada,2,Rohit Sharma,23,85,9,Sunny
770,2020,5/10/2020,Wankhede,SRH,RCB,RCB,Bat,RCB,167,180,Virat Kohli,99,Arshdeep,3,Virat Kohli,22,89,10,Sunny
771,2021,5/11/2020,Wankhede,KKR,RR,RR,Bat,KKR,148,139,Virat Kohli,84,Narine,4,Virat Kohli,19,76,10,Cloudy
772,2022,5/12/2020,Chepauk,GT,RR,GT,Bat,GT,207,170,Yuzvendra Chahal,78,Rashid Khan,2,Yuzvendra Chahal,15,110,19,Cloudy
773,2023,5/13/2020,Eden Gardens,DC,GT,DC,Field,DC,156,100,Rohit Sharma,36,Rashid Khan,6,Rohit Sharma,8,69,18,Cloudy
774,2024,5/14/2020,Wankhede,RCB,DC,DC,Bat,RCB,192,172,Suryakumar Yadav,86,Siraj,3,Suryakumar Yadav,8,95,14,Cloudy
775,2025,5/15/2020,Eden Gardens,CSK,GT,CSK,Bat,CSK,227,103,Suryakumar Yadav,97,Arshdeep,4,Suryakumar Yadav,8,114,8,Sunny
776,2018,5/16/2020,Eden Gardens,KKR,SRH,SRH,Field,SRH,167,208,Suryakumar Yadav,48,Arshdeep,2,Suryakumar Yadav,13,89,21,Clear
777,2019,5/17/2020,Wankhede,LSG,CSK,CSK,Field,CSK,169,184,Jos Buttler,106,Rabada,5,Jos Buttler,25,82,9,Cloudy
778,2020,5/18/2020,Wankhede,KKR,PBKS,PBKS,Field,KKR,218,195,Jos Buttler,52,Siraj,5,Jos Buttler,18,58,11,Sunny
779,2021,5/19/2020,Arun Jaitley,RCB,LSG,LSG,Bat,LSG,124,171,MS Dhoni,61,Siraj,5,MS Dhoni,23,84,11,Clear
780,2022,5/20/2020,Chepauk,RCB,LSG,RCB,Bat,RCB,235,134,Shubman Gill,129,Chahal,6,Shubman Gill,24,69,15,Sunny
781,2023,5/21/2020,Eden Gardens,CSK,RCB,CSK,Bat,RCB,120,123,Yuzvendra Chahal,122,Siraj,3,Yuzvendra Chahal,21,52,12,Cloudy
782,2024,5/22/2020,Narendra Modi,RR,GT,GT,Field,RR,216,160,Suryakumar Yadav,66,Arshdeep,2,Suryakumar Yadav,12,40,22,Cloudy
783,2025,5/23/2020,Chinnaswamy,KKR,PBKS,PBKS,Field,PBKS,151,185,Rohit Sharma,88,Narine,6,KL Rahul,24,90,21,Cloudy
784,2018,5/24/2020,Arun Jaitley,LSG,PBKS,LSG,Field,LSG,233,141,Shubman Gill,125,Chahal,6,Suryakumar Yadav,15,89,18,Cloudy
785,2019,5/25/2020,Narendra Modi,RR,RCB,RCB,Field,RR,184,127,Suryakumar Yadav,127,Rashid Khan,4,Suryakumar Yadav,16,101,11,Sunny
786,2020,5/26/2020,Narendra Modi,RCB,RR,RCB,Bat,RCB,221,116,Suryakumar Yadav,37,Rashid Khan,4,MS Dhoni,21,40,21,Cloudy
787,2021,5/27/2020,Eden Gardens,KKR,DC,DC,Bat,KKR,219,192,Shubman Gill,126,Rabada,2,Rashid Khan,16,44,8,Clear
788,2022,5/28/2020,Narendra Modi,SRH,CSK,SRH,Bat,CSK,139,188,Rashid Khan,96,Chahal,3,Shubman Gill,22,61,8,Sunny
789,2023,5/29/2020,Narendra Modi,GT,PBKS,PBKS,Bat,PBKS,184,187,Yuzvendra Chahal,42,Shami,5,Yuzvendra Chahal,23,72,17,Sunny
790,2024,5/30/2020,Arun Jaitley,GT,RR,RR,Bat,GT,143,140,Yuzvendra Chahal,98,Arshdeep,6,Yuzvendra Chahal,9,72,11,Clear
791,2025,5/31/2020,Chepauk,KKR,SRH,SRH,Bat,KKR,220,124,Rashid Khan,33,Siraj,1,Rashid Khan,20,113,15,Cloudy
792,2018,6/1/2020,Arun Jaitley,RCB,SRH,RCB,Field,RCB,202,176,Virat Kohli,73,Rashid Khan,4,Virat Kohli,14,43,17,Sunny
793,2019,6/2/2020,Chepauk,MI,SRH,MI,Bat,SRH,131,207,Jasprit Bumrah,75,Chahal,4,Jasprit Bumrah,13,90,18,Sunny
794,2020,6/3/2020,Eden Gardens,DC,KKR,DC,Bat,DC,182,142,Rashid Khan,101,Siraj,1,Rohit Sharma,8,69,10,Sunny
795,2021,6/4/2020,Chepauk,RR,KKR,RR,Bat,KKR,162,213,Virat Kohli,30,Bumrah,3,Virat Kohli,10,57,14,Cloudy
796,2022,6/5/2020,Arun Jaitley,CSK,MI,MI,Field,MI,152,154,Rohit Sharma,67,Siraj,4,Rohit Sharma,22,80,22,Cloudy
797,2023,6/6/2020,Chinnaswamy,LSG,DC,DC,Field,LSG,163,107,Jos Buttler,92,Arshdeep,3,Jos Buttler,21,54,18,Clear
798,2024,6/7/2020,Eden Gardens,SRH,CSK,SRH,Bat,SRH,219,128,KL Rahul,121,Arshdeep,5,Rashid Khan,10,107,20,Sunny
799,2025,6/8/2020,Narendra Modi,DC,RR,RR,Field,DC,186,106,Virat Kohli,57,Arshdeep,2,Virat Kohli,15,102,9,Sunny
800,2018,6/9/2020,Wankhede,KKR,SRH,SRH,Bat,SRH,143,145,Rohit Sharma,67,Narine,2,KL Rahul,25,72,16,Cloudy
801,2019,6/10/2020,Chinnaswamy,SRH,PBKS,PBKS,Field,SRH,171,149,MS Dhoni,66,Shami,6,MS Dhoni,15,95,9,Cloudy
802,2020,6/11/2020,Wankhede,LSG,SRH,SRH,Bat,LSG,207,104,Yuzvendra Chahal,111,Rashid Khan,6,Yuzvendra Chahal,21,75,18,Sunny
803,2021,6/12/2020,Narendra Modi,KKR,PBKS,KKR,Bat,PBKS,121,182,Jasprit Bumrah,83,Siraj,1,Jasprit Bumrah,25,71,20,Clear
804,2022,6/13/2020,Chepauk,RR,KKR,RR,Field,RR,205,123,Virat Kohli,36,Bumrah,6,Virat Kohli,9,90,13,Sunny
805,2023,6/14/2020,Chepauk,PBKS,KKR,KKR,Bat,KKR,190,195,KL Rahul,126,Narine,4,KL Rahul,8,110,10,Cloudy
806,2024,6/15/2020,Eden Gardens,GT,MI,GT,Field,MI,135,168,Rohit Sharma,63,Chahal,1,Rohit Sharma,18,115,11,Clear
807,2025,6/16/2020,Wankhede,DC,PBKS,PBKS,Field,DC,236,167,KL Rahul,46,Arshdeep,2,KL Rahul,21,70,10,Sunny
808,2018,6/17/2020,Eden Gardens,SRH,LSG,SRH,Bat,LSG,122,205,Yuzvendra Chahal,109,Chahal,4,Yuzvendra Chahal,16,45,14,Sunny
809,2019,6/18/2020,Wankhede,KKR,MI,MI,Bat,KKR,227,130,Yuzvendra Chahal,37,Narine,2,Yuzvendra Chahal,20,97,17,Cloudy
810,2020,6/19/2020,Wankhede,CSK,RCB,CSK,Field,RCB,178,189,Jos Buttler,53,Chahal,5,Suryakumar Yadav,11,71,18,Cloudy
811,2021,6/20/2020,Chepauk,KKR,LSG,LSG,Bat,LSG,149,211,Jos Buttler,122,Arshdeep,4,Jos Buttler,25,110,20,Clear
812,2022,6/21/2020,Arun Jaitley,KKR,PBKS,KKR,Field,KKR,181,142,Rohit Sharma,89,Chahal,2,Rohit Sharma,25,53,21,Cloudy
813,2023,6/22/2020,Chepauk,GT,LSG,LSG,Field,GT,137,136,Rashid Khan,75,Arshdeep,5,Shubman Gill,18,101,15,Clear
814,2024,6/23/2020,Chinnaswamy,DC,PBKS,DC,Field,DC,146,124,Shubman Gill,105,Narine,4,Shubman Gill,19,106,14,Clear
815,2025,6/24/2020,Wankhede,SRH,LSG,SRH,Bat,LSG,140,217,Yuzvendra Chahal,66,Rashid Khan,6,Virat Kohli,17,77,11,Clear
816,2018,6/25/2020,Eden Gardens,RR,KKR,KKR,Bat,RR,231,182,MS Dhoni,38,Narine,3,Jos Buttler,13,72,13,Clear
817,2019,6/26/2020,Chinnaswamy,RR,GT,RR,Field,GT,180,200,Virat Kohli,113,Siraj,3,Virat Kohli,10,53,16,Clear
818,2020,6/27/2020,Arun Jaitley,RCB,RR,RR,Bat,RR,141,198,Jos Buttler,109,Chahal,6,Jos Buttler,11,53,19,Sunny
819,2021,6/28/2020,Arun Jaitley,GT,RCB,RCB,Bat,RCB,155,212,KL Rahul,107,Chahal,5,KL Rahul,23,94,9,Sunny
820,2022,6/29/2020,Wankhede,GT,RR,RR,Bat,RR,138,188,Shubman Gill,77,Arshdeep,6,Shubman Gill,12,83,8,Clear
821,2023,6/30/2020,Narendra Modi,RCB,DC,RCB,Bat,RCB,229,113,Jos Buttler,47,Shami,3,Jos Buttler,15,105,8,Sunny
822,2024,7/1/2020,Narendra Modi,RCB,MI,RCB,Field,MI,131,162,Suryakumar Yadav,62,Shami,3,Suryakumar Yadav,21,66,16,Cloudy
823,2025,7/2/2020,Arun Jaitley,MI,PBKS,PBKS,Bat,PBKS,160,213,Yuzvendra Chahal,45,Narine,6,Yuzvendra Chahal,11,111,13,Clear
824,2018,7/3/2020,Eden Gardens,GT,KKR,KKR,Bat,KKR,156,176,Shubman Gill,122,Shami,6,Shubman Gill,24,112,13,Clear
825,2019,7/4/2020,Arun Jaitley,KKR,PBKS,PBKS,Field,PBKS,132,208,Shubman Gill,81,Rashid Khan,5,Shubman Gill,11,117,16,Sunny
826,2020,7/5/2020,Chinnaswamy,DC,RCB,RCB,Field,RCB,143,184,Jos Buttler,130,Rabada,5,Rashid Khan,13,114,19,Sunny
827,2021,7/6/2020,Eden Gardens,DC,LSG,DC,Bat,LSG,209,229,Virat Kohli,108,Siraj,1,Jasprit Bumrah,20,41,22,Sunny
828,2022,7/7/2020,Eden Gardens,PBKS,LSG,PBKS,Field,PBKS,182,111,Rohit Sharma,80,Arshdeep,3,Rohit Sharma,15,115,15,Clear
829,2023,7/8/2020,Narendra Modi,CSK,RCB,CSK,Bat,CSK,234,226,Suryakumar Yadav,116,Shami,3,KL Rahul,10,102,13,Clear
830,2024,7/9/2020,Narendra Modi,RCB,RR,RR,Field,RR,156,184,Jasprit Bumrah,71,Chahal,2,Jasprit Bumrah,15,81,18,Sunny
831,2025,7/10/2020,Chinnaswamy,SRH,RR,RR,Field,SRH,220,179,Jasprit Bumrah,43,Siraj,4,Jasprit Bumrah,17,56,21,Clear
832,2018,7/11/2020,Arun Jaitley,SRH,GT,SRH,Field,SRH,220,101,Suryakumar Yadav,49,Bumrah,5,Suryakumar Yadav,9,95,15,Sunny
833,2019,7/12/2020,Narendra Modi,MI,DC,DC,Field,MI,240,113,Jos Buttler,94,Rashid Khan,2,Rohit Sharma,17,98,15,Clear
834,2020,7/13/2020,Eden Gardens,RR,PBKS,RR,Field,PBKS,156,218,Rashid Khan,122,Arshdeep,3,MS Dhoni,10,57,20,Cloudy
835,2021,7/14/2020,Wankhede,RR,SRH,RR,Field,RR,221,106,Shubman Gill,75,Shami,2,Shubman Gill,16,58,16,Cloudy
836,2022,7/15/2020,Eden Gardens,CSK,DC,CSK,Field,CSK,145,132,Jasprit Bumrah,52,Shami,2,Shubman Gill,11,73,8,Clear
837,2023,7/16/2020,Narendra Modi,LSG,CSK,LSG,Bat,CSK,133,184,Yuzvendra Chahal,116,Rabada,6,Yuzvendra Chahal,19,57,17,Clear
838,2024,7/17/2020,Chepauk,RR,LSG,RR,Field,RR,219,114,Jos Buttler,40,Rabada,1,Jos Buttler,17,115,11,Sunny
839,2025,7/18/2020,Narendra Modi,GT,DC,DC,Bat,GT,166,148,MS Dhoni,66,Siraj,4,MS Dhoni,23,50,9,Cloudy
840,2018,7/19/2020,Eden Gardens,RCB,KKR,RCB,Field,KKR,154,223,Rohit Sharma,126,Narine,5,Rohit Sharma,25,44,9,Cloudy
841,2019,7/20/2020,Chinnaswamy,CSK,GT,CSK,Bat,CSK,142,110,KL Rahul,76,Rabada,5,Rohit Sharma,8,76,19,Sunny
842,2020,7/21/2020,Eden Gardens,MI,SRH,SRH,Field,MI,171,162,Shubman Gill,83,Rashid Khan,2,Shubman Gill,19,111,19,Sunny
843,2021,7/22/2020,Eden Gardens,CSK,RR,CSK,Field,CSK,215,123,Jasprit Bumrah,53,Rabada,6,Jasprit Bumrah,9,47,8,Sunny
844,2022,7/23/2020,Narendra Modi,SRH,DC,DC,Field,SRH,191,172,Jos Buttler,44,Shami,1,Shubman Gill,22,116,8,Sunny
845,2023,7/24/2020,Arun Jaitley,RCB,RR,RCB,Bat,RR,172,179,Suryakumar Yadav,37,Arshdeep,4,Suryakumar Yadav,23,117,18,Clear
846,2024,7/25/2020,Narendra Modi,KKR,DC,DC,Field,KKR,142,132,Suryakumar Yadav,83,Bumrah,1,Suryakumar Yadav,12,62,15,Sunny
847,2025,7/26/2020,Chepauk,PBKS,MI,PBKS,Field,MI,155,211,Yuzvendra Chahal,30,Arshdeep,2,Yuzvendra Chahal,15,115,14,Sunny
848,2018,7/27/2020,Chinnaswamy,RCB,LSG,RCB,Field,LSG,180,208,Jos Buttler,34,Shami,1,Jos Buttler,12,63,10,Cloudy
849,2019,7/28/2020,Narendra Modi,PBKS,GT,GT,Field,GT,179,201,MS Dhoni,52,Siraj,4,MS Dhoni,10,93,15,Cloudy
850,2020,7/29/2020,Wankhede,DC,PBKS,DC,Field,DC,239,134,Jasprit Bumrah,41,Narine,6,Jasprit Bumrah,14,60,13,Cloudy
851,2021,7/30/2020,Wankhede,KKR,GT,KKR,Bat,GT,173,180,Shubman Gill,114,Bumrah,4,Shubman Gill,21,93,10,Cloudy
852,2022,7/31/2020,Narendra Modi,SRH,LSG,LSG,Field,SRH,187,124,KL Rahul,49,Bumrah,2,KL Rahul,20,73,13,Clear
853,2023,8/1/2020,Wankhede,DC,SRH,DC,Field,DC,183,179,Shubman Gill,91,Narine,6,Shubman Gill,12,78,22,Cloudy
854,2024,8/2/2020,Wankhede,MI,CSK,CSK,Bat,CSK,193,199,MS Dhoni,45,Rabada,1,Virat Kohli,24,103,13,Sunny
855,2025,8/3/2020,Eden Gardens,KKR,LSG,KKR,Field,KKR,230,228,Rashid Khan,39,Rashid Khan,5,Rashid Khan,23,73,20,Sunny
856,2018,8/4/2020,Arun Jaitley,MI,CSK,MI,Field,CSK,131,154,Yuzvendra Chahal,105,Chahal,5,Yuzvendra Chahal,12,102,8,Cloudy
857,2019,8/5/2020,Narendra Modi,PBKS,GT,GT,Bat,PBKS,168,163,Rashid Khan,61,Narine,4,MS Dhoni,24,117,9,Cloudy
858,2020,8/6/2020,Chepauk,RCB,DC,RCB,Bat,RCB,122,117,MS Dhoni,78,Siraj,6,MS Dhoni,23,87,20,Sunny
859,2021,8/7/2020,Wankhede,KKR,CSK,KKR,Field,KKR,211,109,Shubman Gill,43,Rabada,4,Shubman Gill,18,66,14,Clear
860,2022,8/8/2020,Eden Gardens,GT,SRH,SRH,Field,GT,181,110,Rohit Sharma,53,Rabada,4,Rohit Sharma,17,72,10,Cloudy
861,2023,8/9/2020,Chepauk,LSG,SRH,SRH,Field,LSG,135,128,Rashid Khan,100,Shami,2,Jos Buttler,19,58,18,Clear
862,2024,8/10/2020,Eden Gardens,CSK,RR,CSK,Bat,CSK,152,137,Suryakumar Yadav,91,Siraj,3,Suryakumar Yadav,24,44,9,Clear
863,2025,8/11/2020,Narendra Modi,SRH,PBKS,PBKS,Field,SRH,189,121,MS Dhoni,58,Chahal,2,MS Dhoni,11,120,13,Clear
864,2018,8/12/2020,Narendra Modi,RR,GT,RR,Bat,RR,209,103,Yuzvendra Chahal,39,Narine,4,Yuzvendra Chahal,14,102,20,Sunny
865,2019,8/13/2020,Chinnaswamy,SRH,GT,GT,Bat,GT,215,223,Rashid Khan,107,Bumrah,6,Rashid Khan,20,112,11,Clear
866,2020,8/14/2020,Arun Jaitley,CSK,LSG,CSK,Bat,LSG,202,210,Yuzvendra Chahal,88,Shami,4,Yuzvendra Chahal,15,101,20,Clear
867,2021,8/15/2020,Narendra Modi,GT,KKR,KKR,Field,GT,207,140,KL Rahul,89,Siraj,1,KL Rahul,11,51,20,Sunny
868,2022,8/16/2020,Arun Jaitley,RR,PBKS,PBKS,Bat,RR,235,220,Jasprit Bumrah,109,Rashid Khan,3,Jasprit Bumrah,16,100,11,Clear
869,2023,8/17/2020,Eden Gardens,PBKS,RCB,RCB,Bat,PBKS,219,195,Suryakumar Yadav,81,Rabada,6,Suryakumar Yadav,15,118,16,Sunny
870,2024,8/18/2020,Chepauk,GT,DC,GT,Field,DC,158,169,MS Dhoni,109,Bumrah,4,MS Dhoni,12,73,16,Sunny
871,2025,8/19/2020,Narendra Modi,SRH,GT,GT,Bat,SRH,148,142,Rohit Sharma,35,Chahal,2,Rohit Sharma,13,40,18,Clear
872,2018,8/20/2020,Narendra Modi,DC,PBKS,PBKS,Field,PBKS,129,138,Jos Buttler,61,Rabada,1,Jos Buttler,18,58,14,Cloudy
873,2019,8/21/2020,Chepauk,PBKS,GT,PBKS,Bat,GT,120,192,Shubman Gill,71,Narine,4,Jasprit Bumrah,18,98,12,Sunny
874,2020,8/22/2020,Eden Gardens,SRH,KKR,SRH,Field,SRH,212,149,Rohit Sharma,67,Shami,5,Rohit Sharma,8,120,16,Sunny
875,2021,8/23/2020,Eden Gardens,RCB,DC,RCB,Field,DC,183,214,Shubman Gill,103,Rabada,2,Suryakumar Yadav,17,90,20,Sunny
876,2022,8/24/2020,Narendra Modi,SRH,RCB,SRH,Bat,SRH,220,136,Shubman Gill,38,Chahal,5,Suryakumar Yadav,13,116,17,Clear
877,2023,8/25/2020,Eden Gardens,GT,CSK,GT,Field,GT,191,152,Jasprit Bumrah,119,Bumrah,3,Jasprit Bumrah,21,116,18,Sunny
878,2024,8/26/2020,Arun Jaitley,KKR,CSK,CSK,Bat,CSK,165,195,Jasprit Bumrah,48,Rabada,5,Rashid Khan,20,113,22,Sunny
879,2025,8/27/2020,Chepauk,PBKS,GT,PBKS,Field,GT,206,227,KL Rahul,77,Rabada,2,Rashid Khan,24,96,22,Clear
880,2018,8/28/2020,Eden Gardens,SRH,CSK,SRH,Bat,CSK,164,197,Jasprit Bumrah,85,Shami,4,Jasprit Bumrah,13,81,13,Clear
881,2019,8/29/2020,Eden Gardens,DC,RR,RR,Bat,DC,194,160,MS Dhoni,42,Rashid Khan,1,MS Dhoni,10,111,12,Cloudy
882,2020,8/30/2020,Wankhede,GT,KKR,GT,Field,GT,206,140,Shubman Gill,108,Arshdeep,5,KL Rahul,13,84,9,Cloudy
883,2021,8/31/2020,Chepauk,CSK,PBKS,PBKS,Field,CSK,233,201,MS Dhoni,58,Arshdeep,2,Jos Buttler,25,63,20,Cloudy
884,2022,9/1/2020,Eden Gardens,PBKS,CSK,CSK,Field,PBKS,223,142,Shubman Gill,44,Chahal,1,Shubman Gill,25,76,16,Clear
885,2023,9/2/2020,Narendra Modi,MI,LSG,MI,Bat,MI,206,114,Jos Buttler,95,Narine,4,Jos Buttler,23,108,8,Clear
886,2024,9/3/2020,Narendra Modi,RCB,DC,DC,Bat,RCB,213,208,Rohit Sharma,130,Shami,2,Rohit Sharma,8,120,13,Cloudy
887,2025,9/4/2020,Arun Jaitley,KKR,CSK,KKR,Bat,KKR,211,179,Suryakumar Yadav,90,Narine,1,KL Rahul,23,117,15,Cloudy
888,2018,9/5/2020,Eden Gardens,RCB,CSK,RCB,Bat,RCB,227,193,Jasprit Bumrah,60,Narine,4,Jasprit Bumrah,15,51,19,Cloudy
889,2019,9/6/2020,Chepauk,GT,MI,MI,Bat,GT,145,137,Yuzvendra Chahal,99,Bumrah,6,Yuzvendra Chahal,24,92,22,Cloudy
890,2020,9/7/2020,Arun Jaitley,GT,RCB,GT,Field,RCB,178,183,MS Dhoni,119,Shami,2,MS Dhoni,14,57,20,Clear
891,2021,9/8/2020,Narendra Modi,DC,LSG,DC,Field,DC,220,123,Jos Buttler,42,Bumrah,5,MS Dhoni,13,81,19,Cloudy
892,2022,9/9/2020,Eden Gardens,RR,GT,GT,Field,GT,142,148,Jasprit Bumrah,54,Shami,6,Rohit Sharma,23,85,18,Clear
893,2023,9/10/2020,Chepauk,LSG,SRH,SRH,Field,LSG,158,115,Jasprit Bumrah,95,Siraj,2,Jasprit Bumrah,10,70,21,Clear
894,2024,9/11/2020,Eden Gardens,MI,SRH,MI,Field,MI,199,167,Rohit Sharma,36,Shami,4,Rohit Sharma,17,77,20,Cloudy
895,2025,9/12/2020,Wankhede,SRH,RR,SRH,Field,SRH,154,123,Rashid Khan,87,Bumrah,1,Rashid Khan,23,81,22,Cloudy
896,2018,9/13/2020,Chepauk,KKR,SRH,KKR,Bat,KKR,197,167,KL Rahul,49,Shami,5,KL Rahul,10,55,15,Sunny
897,2019,9/14/2020,Chinnaswamy,RR,LSG,LSG,Bat,LSG,156,224,Jasprit Bumrah,86,Rabada,6,Jasprit Bumrah,23,101,8,Cloudy
898,2020,9/15/2020,Chinnaswamy,CSK,RR,CSK,Bat,CSK,222,150,KL Rahul,110,Chahal,3,KL Rahul,16,48,11,Clear
899,2021,9/16/2020,Chepauk,PBKS,GT,PBKS,Bat,PBKS,189,175,Jos Buttler,30,Bumrah,3,Jos Buttler,15,68,9,Cloudy
900,2022,9/17/2020,Chepauk,RCB,RR,RR,Field,RCB,197,169,Yuzvendra Chahal,64,Rabada,5,Rashid Khan,11,107,19,Cloudy
901,2023,9/18/2020,Chinnaswamy,KKR,SRH,SRH,Field,KKR,175,124,Jasprit Bumrah,99,Siraj,2,Jasprit Bumrah,11,103,14,Cloudy
902,2024,9/19/2020,Narendra Modi,GT,CSK,CSK,Field,CSK,120,184,Yuzvendra Chahal,37,Shami,5,Suryakumar Yadav,8,67,21,Sunny
903,2025,9/20/2020,Arun Jaitley,PBKS,RR,PBKS,Field,PBKS,239,133,KL Rahul,30,Bumrah,1,KL Rahul,9,89,12,Clear
904,2018,9/21/2020,Chepauk,SRH,PBKS,SRH,Field,SRH,173,110,Jos Buttler,84,Rashid Khan,2,Jos Buttler,14,116,18,Sunny
905,2019,9/22/2020,Chepauk,RCB,GT,GT,Field,RCB,164,141,Virat Kohli,31,Siraj,2,Virat Kohli,14,100,9,Sunny
906,2020,9/23/2020,Eden Gardens,MI,RR,MI,Field,MI,174,152,Suryakumar Yadav,123,Arshdeep,4,Rohit Sharma,8,43,20,Sunny
907,2021,9/24/2020,Narendra Modi,KKR,SRH,SRH,Field,KKR,171,109,Virat Kohli,107,Chahal,1,Virat Kohli,8,41,13,Clear
908,2022,9/25/2020,Eden Gardens,RCB,LSG,RCB,Field,RCB,135,135,KL Rahul,85,Rabada,3,KL Rahul,24,55,9,Sunny
909,2023,9/26/2020,Chepauk,CSK,KKR,KKR,Field,CSK,188,164,Jasprit Bumrah,117,Arshdeep,1,Jasprit Bumrah,12,120,9,Cloudy
910,2024,9/27/2020,Chepauk,RCB,KKR,RCB,Field,KKR,183,212,Virat Kohli,115,Rashid Khan,2,Virat Kohli,17,56,16,Sunny
911,2025,9/28/2020,Chepauk,CSK,GT,CSK,Field,CSK,208,198,Virat Kohli,59,Chahal,4,Virat Kohli,25,112,19,Clear
912,2018,9/29/2020,Arun Jaitley,CSK,PBKS,PBKS,Bat,CSK,228,108,Rashid Khan,46,Bumrah,4,Rashid Khan,24,94,20,Sunny
913,2019,9/30/2020,Arun Jaitley,KKR,CSK,KKR,Field,CSK,128,211,Rashid Khan,100,Rabada,5,Rashid Khan,24,106,12,Clear
914,2020,10/1/2020,Chepauk,PBKS,RCB,PBKS,Bat,PBKS,175,169,KL Rahul,89,Siraj,4,KL Rahul,14,106,14,Cloudy
915,2021,10/2/2020,Narendra Modi,GT,KKR,GT,Field,GT,195,188,Rohit Sharma,33,Shami,2,Rohit Sharma,16,69,15,Cloudy
916,2022,10/3/2020,Narendra Modi,SRH,MI,MI,Bat,SRH,237,213,Rashid Khan,39,Chahal,6,Rashid Khan,9,40,17,Sunny
917,2023,10/4/2020,Narendra Modi,KKR,RCB,KKR,Bat,KKR,209,109,Rashid Khan,56,Siraj,1,KL Rahul,15,73,17,Clear
918,2024,10/5/2020,Wankhede,KKR,CSK,CSK,Field,KKR,228,182,KL Rahul,94,Narine,6,KL Rahul,8,74,17,Sunny
919,2025,10/6/2020,Chepauk,PBKS,RCB,RCB,Field,PBKS,230,144,Jos Buttler,57,Arshdeep,1,Jos Buttler,8,63,20,Clear
920,2018,10/7/2020,Narendra Modi,SRH,RR,RR,Bat,RR,147,218,Suryakumar Yadav,37,Narine,5,Rohit Sharma,8,120,19,Sunny
921,2019,10/8/2020,Chinnaswamy,MI,GT,GT,Bat,MI,181,132,Rashid Khan,120,Rashid Khan,3,MS Dhoni,16,54,9,Cloudy
922,2020,10/9/2020,Narendra Modi,GT,KKR,GT,Bat,GT,144,138,Suryakumar Yadav,67,Bumrah,1,KL Rahul,8,108,20,Cloudy
923,2021,10/10/2020,Wankhede,RR,KKR,KKR,Bat,KKR,131,174,Jos Buttler,30,Rashid Khan,1,Jos Buttler,24,106,14,Cloudy
924,2022,10/11/2020,Chinnaswamy,PBKS,LSG,PBKS,Bat,PBKS,231,154,Jasprit Bumrah,108,Chahal,5,Jasprit Bumrah,15,49,21,Cloudy
925,2023,10/12/2020,Narendra Modi,SRH,CSK,CSK,Bat,CSK,120,214,Shubman Gill,45,Arshdeep,6,Suryakumar Yadav,8,120,13,Clear
926,2024,10/13/2020,Chepauk,RR,PBKS,PBKS,Bat,PBKS,144,186,Rashid Khan,71,Arshdeep,2,Rashid Khan,9,53,20,Sunny
927,2025,10/14/2020,Narendra Modi,MI,SRH,SRH,Field,MI,238,207,MS Dhoni,92,Narine,2,Rashid Khan,16,49,19,Sunny
928,2018,10/15/2020,Arun Jaitley,GT,SRH,SRH,Bat,GT,184,158,Yuzvendra Chahal,125,Arshdeep,4,Yuzvendra Chahal,16,53,13,Sunny
929,2019,10/16/2020,Chepauk,DC,KKR,DC,Bat,KKR,147,175,Suryakumar Yadav,36,Siraj,3,Suryakumar Yadav,23,52,8,Cloudy
930,2020,10/17/2020,Wankhede,RR,GT,GT,Bat,RR,187,107,KL Rahul,123,Rashid Khan,3,KL Rahul,8,89,9,Sunny
931,2021,10/18/2020,Narendra Modi,RCB,CSK,CSK,Bat,CSK,181,184,KL Rahul,70,Rashid Khan,6,KL Rahul,9,98,14,Clear
932,2022,10/19/2020,Narendra Modi,PBKS,DC,PBKS,Field,PBKS,161,105,MS Dhoni,53,Rashid Khan,6,MS Dhoni,24,75,21,Cloudy
933,2023,10/20/2020,Wankhede,DC,RR,RR,Field,DC,201,176,MS Dhoni,32,Chahal,1,MS Dhoni,18,80,20,Cloudy
934,2024,10/21/2020,Narendra Modi,KKR,RCB,KKR,Bat,KKR,193,120,Jasprit Bumrah,73,Shami,5,Jasprit Bumrah,10,120,11,Clear
935,2025,10/22/2020,Wankhede,GT,RR,RR,Field,GT,196,179,Rohit Sharma,39,Chahal,2,Rohit Sharma,23,58,21,Cloudy
936,2018,10/23/2020,Wankhede,SRH,MI,MI,Field,MI,146,228,Yuzvendra Chahal,39,Siraj,6,Jasprit Bumrah,21,76,16,Clear
937,2019,10/24/2020,Chepauk,MI,RCB,RCB,Bat,RCB,152,189,Yuzvendra Chahal,104,Arshdeep,2,MS Dhoni,10,70,18,Sunny
938,2020,10/25/2020,Chepauk,LSG,CSK,LSG,Field,LSG,191,182,MS Dhoni,57,Bumrah,6,MS Dhoni,24,118,16,Sunny
939,2021,10/26/2020,Eden Gardens,KKR,SRH,KKR,Bat,SRH,120,217,Rohit Sharma,125,Rashid Khan,5,Rohit Sharma,19,53,9,Clear
940,2022,10/27/2020,Eden Gardens,MI,RCB,RCB,Bat,RCB,203,228,Virat Kohli,49,Rashid Khan,6,Jos Buttler,24,42,15,Sunny
941,2023,10/28/2020,Wankhede,PBKS,CSK,PBKS,Bat,PBKS,183,145,Virat Kohli,39,Rashid Khan,2,Virat Kohli,10,82,8,Sunny
942,2024,10/29/2020,Narendra Modi,KKR,GT,KKR,Field,GT,150,158,Suryakumar Yadav,95,Rashid Khan,2,Suryakumar Yadav,23,102,19,Clear
943,2025,10/30/2020,Chepauk,DC,RR,DC,Bat,RR,127,152,Suryakumar Yadav,46,Rabada,2,Suryakumar Yadav,16,76,9,Sunny
944,2018,10/31/2020,Wankhede,GT,DC,DC,Field,DC,169,222,Jos Buttler,81,Narine,5,Jos Buttler,16,61,20,Clear
945,2019,11/1/2020,Arun Jaitley,RCB,DC,RCB,Bat,DC,165,216,Jos Buttler,38,Siraj,5,Jos Buttler,11,46,17,Sunny
946,2020,11/2/2020,Chinnaswamy,SRH,KKR,KKR,Field,SRH,143,101,Shubman Gill,118,Siraj,2,Jasprit Bumrah,23,81,8,Sunny
947,2021,11/3/2020,Chepauk,CSK,RCB,RCB,Field,RCB,171,228,Virat Kohli,98,Siraj,6,Virat Kohli,18,106,22,Clear
948,2022,11/4/2020,Wankhede,RCB,GT,RCB,Bat,RCB,179,176,MS Dhoni,59,Bumrah,5,MS Dhoni,15,65,16,Clear
949,2023,11/5/2020,Wankhede,GT,CSK,CSK,Bat,CSK,160,195,Jasprit Bumrah,86,Bumrah,6,Jasprit Bumrah,16,79,17,Cloudy
950,2024,11/6/2020,Chepauk,SRH,DC,DC,Bat,SRH,240,138,Virat Kohli,48,Arshdeep,2,Yuzvendra Chahal,9,56,22,Clear
951,2025,11/7/2020,Eden Gardens,RR,SRH,SRH,Bat,RR,216,164,Suryakumar Yadav,128,Arshdeep,1,Suryakumar Yadav,22,53,17,Cloudy
952,2018,11/8/2020,Eden Gardens,GT,RCB,GT,Bat,GT,193,143,Virat Kohli,102,Narine,3,Yuzvendra Chahal,16,83,15,Clear
953,2019,11/9/2020,Eden Gardens,RR,LSG,LSG,Bat,LSG,136,200,Shubman Gill,114,Rabada,2,Shubman Gill,24,116,16,Cloudy
954,2020,11/10/2020,Wankhede,RR,CSK,CSK,Field,RR,217,197,Rashid Khan,41,Bumrah,3,Shubman Gill,9,88,20,Cloudy
955,2021,11/11/2020,Arun Jaitley,KKR,DC,DC,Field,DC,152,184,MS Dhoni,97,Rabada,4,MS Dhoni,20,52,17,Clear
956,2022,11/12/2020,Arun Jaitley,PBKS,KKR,KKR,Field,KKR,154,229,KL Rahul,89,Chahal,5,KL Rahul,9,118,8,Clear
957,2023,11/13/2020,Wankhede,GT,RR,GT,Bat,GT,237,192,Rohit Sharma,65,Narine,5,KL Rahul,21,101,21,Cloudy
958,2024,11/14/2020,Arun Jaitley,MI,SRH,MI,Field,SRH,123,228,Suryakumar Yadav,89,Rabada,2,Suryakumar Yadav,10,92,16,Sunny
959,2025,11/15/2020,Arun Jaitley,RCB,PBKS,PBKS,Bat,RCB,190,155,Virat Kohli,75,Narine,5,KL Rahul,19,102,15,Cloudy
960,2018,11/16/2020,Narendra Modi,SRH,GT,GT,Bat,GT,217,219,MS Dhoni,59,Narine,5,Shubman Gill,10,88,18,Cloudy
961,2019,11/17/2020,Narendra Modi,LSG,KKR,KKR,Field,KKR,164,220,Suryakumar Yadav,48,Arshdeep,6,KL Rahul,9,105,14,Cloudy
962,2020,11/18/2020,Eden Gardens,SRH,RCB,SRH,Bat,SRH,222,197,Suryakumar Yadav,51,Narine,5,Suryakumar Yadav,23,104,20,Sunny
963,2021,11/19/2020,Wankhede,GT,PBKS,GT,Bat,PBKS,133,179,Rashid Khan,86,Rabada,1,Rashid Khan,21,44,16,Clear
964,2022,11/20/2020,Wankhede,LSG,GT,GT,Field,LSG,204,173,Virat Kohli,49,Bumrah,6,Virat Kohli,13,47,14,Cloudy
965,2023,11/21/2020,Arun Jaitley,DC,MI,DC,Bat,MI,125,138,Jasprit Bumrah,116,Rashid Khan,2,Rashid Khan,15,83,8,Sunny
966,2024,11/22/2020,Arun Jaitley,RR,GT,RR,Bat,RR,207,202,Shubman Gill,81,Shami,4,Shubman Gill,11,101,10,Sunny
967,2025,11/23/2020,Chepauk,RCB,PBKS,PBKS,Bat,RCB,170,136,Jos Buttler,94,Narine,5,Virat Kohli,16,90,21,Clear
968,2018,11/24/2020,Chinnaswamy,LSG,CSK,CSK,Bat,CSK,185,228,Shubman Gill,106,Chahal,1,Rohit Sharma,12,74,10,Sunny
969,2019,11/25/2020,Eden Gardens,DC,RR,RR,Bat,DC,171,159,Virat Kohli,122,Arshdeep,1,Virat Kohli,10,62,17,Sunny
970,2020,11/26/2020,Wankhede,RR,LSG,LSG,Field,LSG,124,229,Virat Kohli,130,Shami,6,Virat Kohli,16,68,10,Sunny
971,2021,11/27/2020,Chepauk,RR,MI,RR,Field,MI,183,187,Suryakumar Yadav,33,Chahal,1,Suryakumar Yadav,15,83,19,Cloudy
972,2022,11/28/2020,Narendra Modi,SRH,GT,GT,Bat,SRH,235,188,Yuzvendra Chahal,116,Arshdeep,5,Yuzvendra Chahal,10,70,16,Cloudy
973,2023,11/29/2020,Eden Gardens,SRH,RR,RR,Field,RR,170,185,MS Dhoni,55,Narine,3,MS Dhoni,19,50,8,Cloudy
974,2024,11/30/2020,Narendra Modi,SRH,CSK,CSK,Bat,SRH,215,143,Shubman Gill,33,Shami,5,Shubman Gill,8,100,20,Clear
975,2025,12/1/2020,Wankhede,GT,PBKS,PBKS,Field,GT,237,148,MS Dhoni,79,Bumrah,3,Virat Kohli,17,44,9,Sunny
976,2018,12/2/2020,Wankhede,PBKS,DC,PBKS,Field,PBKS,203,115,KL Rahul,69,Shami,2,KL Rahul,19,50,10,Clear
977,2019,12/3/2020,Arun Jaitley,MI,RCB,RCB,Bat,RCB,186,189,Rohit Sharma,89,Arshdeep,6,Jasprit Bumrah,16,84,22,Sunny
978,2020,12/4/2020,Chepauk,CSK,LSG,CSK,Field,CSK,218,122,MS Dhoni,55,Rashid Khan,3,MS Dhoni,14,40,16,Sunny
979,2021,12/5/2020,Chinnaswamy,CSK,DC,CSK,Bat,CSK,162,152,Suryakumar Yadav,81,Chahal,5,Suryakumar Yadav,21,113,13,Cloudy
980,2022,12/6/2020,Eden Gardens,SRH,RCB,SRH,Bat,SRH,200,142,Shubman Gill,129,Rabada,3,Shubman Gill,11,54,11,Sunny
981,2023,12/7/2020,Chepauk,GT,SRH,GT,Bat,SRH,120,131,Shubman Gill,117,Siraj,4,Jos Buttler,18,102,15,Cloudy
982,2024,12/8/2020,Narendra Modi,GT,RR,RR,Bat,RR,196,222,Shubman Gill,106,Arshdeep,4,Shubman Gill,8,59,13,Sunny
983,2025,12/9/2020,Narendra Modi,KKR,MI,KKR,Field,KKR,230,148,Suryakumar Yadav,47,Bumrah,3,Suryakumar Yadav,21,117,14,Cloudy
984,2018,12/10/2020,Wankhede,SRH,KKR,KKR,Bat,SRH,198,145,Shubman Gill,59,Arshdeep,1,Yuzvendra Chahal,16,54,18,Sunny
985,2019,12/11/2020,Wankhede,DC,SRH,SRH,Bat,DC,155,143,Jos Buttler,93,Arshdeep,3,Jos Buttler,24,56,22,Clear
986,2020,12/12/2020,Chinnaswamy,MI,GT,GT,Bat,GT,150,222,Virat Kohli,110,Shami,5,Virat Kohli,17,110,12,Cloudy
987,2021,12/13/2020,Chinnaswamy,PBKS,RR,PBKS,Field,PBKS,148,135,Virat Kohli,65,Shami,4,Virat Kohli,22,57,9,Clear
988,2022,12/14/2020,Chinnaswamy,PBKS,CSK,PBKS,Bat,PBKS,135,128,Rashid Khan,117,Shami,5,Shubman Gill,17,84,22,Sunny
989,2023,12/15/2020,Chinnaswamy,DC,SRH,SRH,Bat,DC,202,159,Jos Buttler,117,Bumrah,5,Jos Buttler,21,111,15,Clear
990,2024,12/16/2020,Narendra Modi,RR,GT,RR,Bat,RR,206,163,Suryakumar Yadav,124,Siraj,5,Suryakumar Yadav,13,111,14,Sunny
991,2025,12/17/2020,Wankhede,GT,RCB,RCB,Bat,RCB,134,176,Shubman Gill,65,Siraj,4,MS Dhoni,19,95,8,Clear
992,2018,12/18/2020,Chepauk,SRH,KKR,SRH,Bat,KKR,139,162,KL Rahul,98,Arshdeep,6,KL Rahul,8,119,9,Sunny
993,2019,12/19/2020,Eden Gardens,RCB,GT,GT,Field,RCB,230,164,Jos Buttler,125,Arshdeep,6,Shubman Gill,20,112,20,Cloudy
994,2020,12/20/2020,Chepauk,LSG,KKR,LSG,Field,KKR,203,222,KL Rahul,121,Rabada,2,KL Rahul,22,50,10,Sunny
995,2021,12/21/2020,Narendra Modi,RR,RCB,RCB,Field,RCB,191,193,Rohit Sharma,127,Narine,2,Rohit Sharma,20,69,16,Sunny
996,2022,12/22/2020,Wankhede,RR,CSK,CSK,Field,RR,181,135,Rashid Khan,109,Rabada,3,Rashid Khan,11,43,18,Cloudy
997,2023,12/23/2020,Eden Gardens,GT,DC,DC,Bat,GT,223,193,Jos Buttler,128,Siraj,1,Jos Buttler,11,98,14,Clear
998,2024,12/24/2020,Chinnaswamy,PBKS,DC,DC,Field,PBKS,123,106,Suryakumar Yadav,35,Rashid Khan,5,Suryakumar Yadav,14,42,12,Sunny
999,2025,12/25/2020,Chinnaswamy,KKR,PBKS,PBKS,Field,KKR,189,122,Rashid Khan,88,Rashid Khan,3,Rashid Khan,15,57,8,Sunny
1000,2018,12/26/2020,Chepauk,MI,LSG,MI,Bat,LSG,186,194,KL Rahul,47,Rashid Khan,3,KL Rahul,23,66,19,Cloudy
1001,2019,12/27/2020,Arun Jaitley,MI,LSG,LSG,Field,LSG,197,228,Yuzvendra Chahal,56,Rabada,4,Yuzvendra Chahal,9,49,17,Clear
1002,2020,12/28/2020,Eden Gardens,LSG,MI,MI,Field,LSG,237,201,Yuzvendra Chahal,30,Chahal,6,Yuzvendra Chahal,19,84,17,Sunny
1003,2021,12/29/2020,Wankhede,CSK,GT,CSK,Bat,CSK,176,107,Jos Buttler,91,Narine,5,Jos Buttler,13,62,13,Clear
1004,2022,12/30/2020,Arun Jaitley,RR,SRH,RR,Bat,SRH,132,218,Suryakumar Yadav,67,Rashid Khan,5,Suryakumar Yadav,23,80,18,Sunny
1005,2023,12/31/2020,Chinnaswamy,PBKS,RCB,RCB,Field,RCB,155,196,KL Rahul,128,Shami,1,MS Dhoni,23,97,20,Clear
1006,2024,1/1/2021,Chinnaswamy,SRH,CSK,CSK,Field,CSK,154,230,KL Rahul,69,Arshdeep,3,KL Rahul,13,105,8,Sunny
1007,2025,1/2/2021,Eden Gardens,KKR,RCB,RCB,Bat,KKR,209,182,Rohit Sharma,117,Arshdeep,4,Shubman Gill,25,41,16,Clear
1008,2018,1/3/2021,Chinnaswamy,DC,CSK,DC,Field,DC,217,108,Shubman Gill,30,Shami,5,Shubman Gill,25,46,18,Clear
1009,2019,1/4/2021,Chepauk,KKR,LSG,LSG,Bat,KKR,201,135,MS Dhoni,93,Narine,2,MS Dhoni,11,50,12,Sunny
1010,2020,1/5/2021,Arun Jaitley,SRH,PBKS,SRH,Bat,SRH,157,110,Virat Kohli,38,Narine,1,Virat Kohli,8,80,12,Sunny
1011,2021,1/6/2021,Eden Gardens,LSG,CSK,CSK,Field,LSG,202,145,Suryakumar Yadav,86,Chahal,3,Suryakumar Yadav,12,99,17,Sunny
1012,2022,1/7/2021,Wankhede,DC,MI,DC,Bat,MI,129,227,Shubman Gill,111,Siraj,6,Jos Buttler,20,58,18,Sunny
1013,2023,1/8/2021,Arun Jaitley,KKR,PBKS,PBKS,Field,KKR,175,102,Jos Buttler,80,Shami,5,Jos Buttler,8,109,21,Sunny
1014,2024,1/9/2021,Chepauk,KKR,RCB,RCB,Field,RCB,171,215,Virat Kohli,117,Chahal,2,Virat Kohli,15,60,16,Cloudy
1015,2025,1/10/2021,Wankhede,KKR,DC,DC,Field,DC,158,199,Suryakumar Yadav,96,Arshdeep,4,Suryakumar Yadav,14,120,10,Clear
1016,2018,1/11/2021,Wankhede,PBKS,CSK,CSK,Bat,PBKS,129,112,Rashid Khan,130,Bumrah,5,Rashid Khan,22,49,10,Cloudy
1017,2019,1/12/2021,Wankhede,CSK,DC,CSK,Bat,CSK,213,178,Suryakumar Yadav,103,Rashid Khan,6,Suryakumar Yadav,24,64,15,Clear
1018,2020,1/13/2021,Arun Jaitley,GT,PBKS,GT,Bat,PBKS,120,215,Jos Buttler,55,Siraj,3,Jos Buttler,10,69,22,Sunny
1019,2021,1/14/2021,Arun Jaitley,RCB,MI,RCB,Bat,MI,132,199,Suryakumar Yadav,117,Rabada,2,Shubman Gill,21,106,22,Sunny
1020,2022,1/15/2021,Wankhede,LSG,GT,GT,Field,GT,153,196,Jasprit Bumrah,69,Narine,2,Jasprit Bumrah,17,96,21,Clear
1021,2023,1/16/2021,Wankhede,RCB,KKR,RCB,Bat,RCB,195,125,Suryakumar Yadav,100,Chahal,3,Suryakumar Yadav,12,71,9,Clear
1022,2024,1/17/2021,Chepauk,GT,PBKS,PBKS,Field,GT,213,113,Jasprit Bumrah,90,Rashid Khan,3,Jasprit Bumrah,19,63,19,Sunny
1023,2025,1/18/2021,Eden Gardens,LSG,KKR,KKR,Bat,LSG,194,148,Shubman Gill,32,Shami,6,Shubman Gill,21,41,14,Cloudy
1024,2018,1/19/2021,Arun Jaitley,LSG,GT,GT,Field,GT,159,160,KL Rahul,82,Shami,5,Jasprit Bumrah,23,47,16,Clear
1025,2019,1/20/2021,Chinnaswamy,DC,PBKS,DC,Field,DC,128,112,Rohit Sharma,54,Narine,4,Rohit Sharma,22,117,19,Sunny
1026,2020,1/21/2021,Chepauk,CSK,RCB,RCB,Bat,RCB,161,221,Rashid Khan,94,Bumrah,6,Rashid Khan,15,43,18,Cloudy
1027,2021,1/22/2021,Wankhede,PBKS,SRH,SRH,Field,PBKS,202,133,Yuzvendra Chahal,124,Rabada,4,Yuzvendra Chahal,14,83,12,Clear
1028,2022,1/23/2021,Wankhede,CSK,RCB,CSK,Bat,CSK,173,106,Rashid Khan,70,Shami,1,Rashid Khan,9,46,20,Sunny
1029,2023,1/24/2021,Chinnaswamy,LSG,GT,LSG,Field,LSG,236,155,Virat Kohli,128,Shami,4,Virat Kohli,19,47,15,Clear
1030,2024,1/25/2021,Arun Jaitley,RCB,KKR,KKR,Bat,KKR,122,220,Rashid Khan,89,Shami,5,Shubman Gill,14,101,10,Cloudy
1031,2025,1/26/2021,Chepauk,KKR,PBKS,PBKS,Bat,KKR,210,197,Jos Buttler,91,Narine,4,Jos Buttler,13,107,22,Sunny
1032,2018,1/27/2021,Chinnaswamy,PBKS,DC,DC,Bat,DC,134,217,Jasprit Bumrah,59,Rabada,6,Rohit Sharma,9,120,17,Sunny
1033,2019,1/28/2021,Narendra Modi,MI,GT,GT,Field,MI,215,130,Yuzvendra Chahal,73,Chahal,3,Yuzvendra Chahal,24,99,22,Sunny
1034,2020,1/29/2021,Narendra Modi,SRH,LSG,SRH,Bat,SRH,214,127,Virat Kohli,92,Rashid Khan,6,Virat Kohli,22,115,21,Clear
1035,2021,1/30/2021,Narendra Modi,SRH,KKR,SRH,Field,KKR,150,209,Yuzvendra Chahal,112,Arshdeep,4,Yuzvendra Chahal,21,110,20,Cloudy
1036,2022,1/31/2021,Chepauk,DC,RCB,RCB,Bat,RCB,174,195,Jos Buttler,56,Arshdeep,4,Jos Buttler,17,112,11,Cloudy
1037,2023,2/1/2021,Wankhede,LSG,SRH,LSG,Bat,LSG,204,165,Shubman Gill,87,Rashid Khan,6,Shubman Gill,8,42,17,Clear
1038,2024,2/2/2021,Chinnaswamy,CSK,KKR,CSK,Field,KKR,177,187,Yuzvendra Chahal,53,Arshdeep,6,Jos Buttler,8,79,20,Sunny
1039,2025,2/3/2021,Arun Jaitley,GT,RCB,GT,Field,GT,173,107,Jos Buttler,65,Shami,5,Jos Buttler,25,116,11,Sunny
1040,2018,2/4/2021,Arun Jaitley,DC,SRH,SRH,Bat,DC,198,197,Jos Buttler,126,Arshdeep,3,Jos Buttler,22,101,18,Sunny
1041,2019,2/5/2021,Arun Jaitley,LSG,CSK,LSG,Bat,LSG,160,129,Rashid Khan,71,Shami,4,Rashid Khan,9,45,14,Clear
1042,2020,2/6/2021,Narendra Modi,PBKS,KKR,PBKS,Field,PBKS,227,172,KL Rahul,109,Chahal,1,KL Rahul,11,47,22,Sunny
1043,2021,2/7/2021,Chinnaswamy,RR,GT,RR,Bat,RR,239,158,Jos Buttler,40,Arshdeep,4,Yuzvendra Chahal,8,92,15,Cloudy
1044,2022,2/8/2021,Narendra Modi,DC,RR,DC,Field,DC,230,122,Virat Kohli,31,Rabada,2,Virat Kohli,14,52,11,Clear
1045,2023,2/9/2021,Chepauk,KKR,GT,GT,Bat,GT,144,205,Yuzvendra Chahal,107,Bumrah,5,Yuzvendra Chahal,9,69,18,Sunny
1046,2024,2/10/2021,Chinnaswamy,SRH,KKR,KKR,Bat,SRH,210,102,MS Dhoni,62,Chahal,5,MS Dhoni,12,74,10,Clear
1047,2025,2/11/2021,Chinnaswamy,LSG,SRH,LSG,Field,LSG,171,102,Jos Buttler,85,Siraj,3,Jos Buttler,13,61,18,Cloudy
1048,2018,2/12/2021,Chinnaswamy,CSK,RCB,RCB,Field,CSK,182,114,Virat Kohli,43,Chahal,5,Virat Kohli,19,91,15,Clear
1049,2019,2/13/2021,Arun Jaitley,SRH,RCB,RCB,Field,RCB,143,156,Rashid Khan,56,Shami,2,Rashid Khan,18,96,19,Cloudy
1050,2020,2/14/2021,Eden Gardens,LSG,CSK,CSK,Bat,LSG,234,149,Rashid Khan,77,Bumrah,1,Rashid Khan,16,59,10,Clear
1051,2021,2/15/2021,Eden Gardens,SRH,MI,MI,Bat,SRH,219,191,Jos Buttler,36,Bumrah,6,Jos Buttler,23,87,9,Cloudy
1052,2022,2/16/2021,Arun Jaitley,MI,CSK,MI,Field,CSK,130,218,Jasprit Bumrah,78,Rashid Khan,5,MS Dhoni,23,51,14,Clear
1053,2023,2/17/2021,Wankhede,MI,PBKS,PBKS,Field,MI,215,107,Jos Buttler,124,Rabada,1,Rashid Khan,8,46,13,Cloudy
1054,2024,2/18/2021,Chepauk,DC,GT,DC,Field,DC,162,119,Jasprit Bumrah,129,Rabada,4,Jasprit Bumrah,25,94,9,Sunny
1055,2025,2/19/2021,Eden Gardens,CSK,SRH,SRH,Field,CSK,209,143,Rohit Sharma,118,Shami,4,Rohit Sharma,8,109,14,Clear
1056,2018,2/20/2021,Chinnaswamy,KKR,RCB,KKR,Bat,KKR,181,154,Rashid Khan,41,Rashid Khan,4,Rashid Khan,12,84,12,Cloudy
1057,2019,2/21/2021,Arun Jaitley,CSK,RCB,RCB,Field,CSK,221,220,MS Dhoni,119,Rabada,4,MS Dhoni,12,86,9,Sunny
1058,2020,2/22/2021,Chinnaswamy,RCB,SRH,RCB,Field,RCB,203,132,MS Dhoni,76,Narine,4,MS Dhoni,11,96,8,Clear
1059,2021,2/23/2021,Arun Jaitley,CSK,PBKS,CSK,Field,CSK,191,111,Shubman Gill,103,Arshdeep,5,Shubman Gill,10,99,21,Clear
1060,2022,2/24/2021,Narendra Modi,RCB,DC,RCB,Bat,DC,169,222,Shubman Gill,105,Bumrah,6,Shubman Gill,16,112,15,Sunny
1061,2023,2/25/2021,Narendra Modi,GT,DC,DC,Bat,GT,192,109,Virat Kohli,61,Siraj,2,Virat Kohli,15,77,16,Sunny
1062,2024,2/26/2021,Arun Jaitley,MI,SRH,MI,Field,SRH,134,195,Jos Buttler,125,Arshdeep,5,Jos Buttler,9,73,15,Sunny
1063,2025,2/27/2021,Chinnaswamy,SRH,MI,SRH,Bat,SRH,180,119,Rashid Khan,77,Narine,4,Rashid Khan,11,84,18,Sunny
1064,2018,2/28/2021,Narendra Modi,PBKS,RCB,PBKS,Bat,PBKS,234,201,KL Rahul,39,Siraj,3,KL Rahul,23,116,16,Cloudy
1065,2019,3/1/2021,Chepauk,KKR,LSG,KKR,Field,KKR,235,180,Yuzvendra Chahal,97,Arshdeep,3,MS Dhoni,12,81,12,Sunny
1066,2020,3/2/2021,Narendra Modi,GT,LSG,GT,Bat,GT,214,134,Jasprit Bumrah,103,Shami,1,Jasprit Bumrah,17,58,11,Sunny
1067,2021,3/3/2021,Chinnaswamy,RCB,PBKS,PBKS,Field,RCB,168,158,Yuzvendra Chahal,63,Chahal,6,Yuzvendra Chahal,19,69,18,Sunny
1068,2022,3/4/2021,Eden Gardens,RCB,PBKS,RCB,Field,PBKS,152,202,Shubman Gill,82,Narine,1,Shubman Gill,13,94,19,Clear
1069,2023,3/5/2021,Narendra Modi,SRH,LSG,SRH,Bat,LSG,191,222,Jos Buttler,111,Arshdeep,3,Jos Buttler,11,101,10,Cloudy
1070,2024,3/6/2021,Chinnaswamy,LSG,KKR,KKR,Field,KKR,210,228,Yuzvendra Chahal,106,Rashid Khan,2,Yuzvendra Chahal,19,45,17,Cloudy
1071,2025,3/7/2021,Arun Jaitley,GT,SRH,SRH,Bat,GT,223,161,Rashid Khan,88,Rabada,2,Rashid Khan,20,80,13,Cloudy
1072,2018,3/8/2021,Wankhede,SRH,DC,DC,Field,DC,135,190,Suryakumar Yadav,104,Rabada,3,Shubman Gill,20,69,17,Sunny
1073,2019,3/9/2021,Narendra Modi,SRH,LSG,LSG,Bat,SRH,145,132,Suryakumar Yadav,71,Bumrah,5,Suryakumar Yadav,17,52,9,Cloudy
1074,2020,3/10/2021,Chinnaswamy,GT,RR,RR,Bat,GT,179,138,Jasprit Bumrah,62,Rashid Khan,3,Jasprit Bumrah,12,97,15,Cloudy
1075,2021,3/11/2021,Wankhede,PBKS,RCB,RCB,Bat,RCB,146,208,Rohit Sharma,50,Siraj,3,Rohit Sharma,20,61,21,Cloudy
1076,2022,3/12/2021,Chepauk,CSK,DC,CSK,Bat,DC,126,148,Rashid Khan,129,Rashid Khan,5,Rashid Khan,11,71,22,Clear
1077,2023,3/13/2021,Narendra Modi,KKR,CSK,CSK,Bat,KKR,196,171,Rohit Sharma,87,Rashid Khan,6,Rohit Sharma,10,55,19,Sunny
1078,2024,3/14/2021,Chepauk,RCB,LSG,LSG,Field,RCB,185,148,Shubman Gill,93,Shami,6,Virat Kohli,15,112,22,Sunny
1079,2025,3/15/2021,Wankhede,LSG,MI,LSG,Field,LSG,186,143,MS Dhoni,116,Siraj,5,MS Dhoni,8,117,18,Sunny
1080,2018,3/16/2021,Arun Jaitley,DC,KKR,DC,Field,DC,134,124,MS Dhoni,99,Bumrah,2,MS Dhoni,25,86,8,Clear
1081,2019,3/17/2021,Chinnaswamy,KKR,SRH,KKR,Bat,SRH,121,142,Rohit Sharma,117,Arshdeep,6,Rohit Sharma,18,105,14,Clear
1082,2020,3/18/2021,Wankhede,RR,KKR,RR,Bat,RR,226,224,Virat Kohli,47,Arshdeep,2,Virat Kohli,24,87,12,Cloudy
1083,2021,3/19/2021,Chepauk,DC,RCB,DC,Bat,RCB,133,230,Yuzvendra Chahal,102,Shami,6,Suryakumar Yadav,17,109,10,Cloudy
1084,2022,3/20/2021,Eden Gardens,SRH,MI,MI,Field,MI,195,205,Jasprit Bumrah,48,Narine,4,KL Rahul,21,115,9,Clear
1085,2023,3/21/2021,Narendra Modi,RR,PBKS,PBKS,Bat,RR,190,181,Rashid Khan,91,Siraj,6,Rohit Sharma,22,74,21,Sunny
1086,2024,3/22/2021,Chinnaswamy,PBKS,GT,GT,Bat,GT,136,183,Rohit Sharma,99,Rashid Khan,4,Jos Buttler,13,77,13,Clear
1087,2025,3/23/2021,Arun Jaitley,CSK,PBKS,CSK,Field,CSK,172,112,Virat Kohli,93,Rashid Khan,5,Virat Kohli,13,68,12,Sunny
1088,2018,3/24/2021,Arun Jaitley,DC,CSK,CSK,Field,DC,231,129,Virat Kohli,130,Siraj,6,Jasprit Bumrah,12,57,14,Clear
1089,2019,3/25/2021,Chepauk,SRH,RR,RR,Bat,RR,150,199,KL Rahul,81,Rashid Khan,6,KL Rahul,23,116,20,Clear
1090,2020,3/26/2021,Chepauk,KKR,RCB,RCB,Bat,KKR,186,115,Jasprit Bumrah,64,Siraj,6,Jasprit Bumrah,9,54,20,Cloudy
1091,2021,3/27/2021,Chepauk,KKR,PBKS,PBKS,Bat,KKR,172,161,KL Rahul,89,Chahal,6,KL Rahul,13,64,8,Cloudy
1092,2022,3/28/2021,Arun Jaitley,KKR,DC,DC,Field,DC,149,194,Rohit Sharma,74,Bumrah,3,Rohit Sharma,13,112,18,Sunny
1093,2023,3/29/2021,Narendra Modi,LSG,KKR,LSG,Field,KKR,128,207,Jasprit Bumrah,123,Siraj,4,Jasprit Bumrah,21,56,20,Clear
1094,2024,3/30/2021,Chepauk,RCB,GT,RCB,Bat,GT,122,229,Rashid Khan,110,Arshdeep,1,Virat Kohli,12,85,16,Sunny
1095,2025,3/31/2021,Narendra Modi,PBKS,RCB,RCB,Field,PBKS,187,135,Rohit Sharma,116,Rabada,6,Jasprit Bumrah,16,88,10,Cloudy
1096,2018,4/1/2021,Eden Gardens,GT,LSG,LSG,Field,GT,201,165,Rashid Khan,65,Arshdeep,1,Shubman Gill,19,78,14,Clear
1097,2019,4/2/2021,Chinnaswamy,RR,GT,RR,Bat,RR,232,205,Shubman Gill,72,Arshdeep,6,Shubman Gill,17,113,19,Clear
1098,2020,4/3/2021,Arun Jaitley,GT,RCB,RCB,Bat,GT,224,106,Jasprit Bumrah,53,Chahal,4,Jasprit Bumrah,19,113,17,Sunny
1099,2021,4/4/2021,Eden Gardens,RCB,PBKS,RCB,Bat,RCB,133,132,Virat Kohli,72,Shami,4,Yuzvendra Chahal,13,50,22,Cloudy
1100,2022,4/5/2021,Chepauk,GT,CSK,CSK,Field,GT,208,135,Virat Kohli,100,Bumrah,3,Yuzvendra Chahal,25,72,16,Sunny
1101,2023,4/6/2021,Chinnaswamy,CSK,PBKS,CSK,Bat,CSK,185,185,Virat Kohli,87,Bumrah,1,Virat Kohli,17,56,17,Cloudy
1102,2024,4/7/2021,Chepauk,MI,DC,DC,Bat,DC,137,191,MS Dhoni,104,Siraj,2,MS Dhoni,25,104,9,Cloudy
1103,2025,4/8/2021,Narendra Modi,GT,SRH,GT,Bat,GT,227,185,Jasprit Bumrah,126,Rashid Khan,2,Rohit Sharma,22,67,12,Sunny
1104,2018,4/9/2021,Chinnaswamy,RR,MI,RR,Field,RR,180,123,Shubman Gill,65,Arshdeep,6,Shubman Gill,23,55,17,Cloudy
1105,2019,4/10/2021,Narendra Modi,PBKS,MI,MI,Bat,PBKS,146,101,Jasprit Bumrah,35,Narine,5,Jasprit Bumrah,8,40,16,Sunny
1106,2020,4/11/2021,Wankhede,LSG,DC,DC,Field,LSG,165,110,Virat Kohli,69,Shami,4,MS Dhoni,17,78,13,Sunny
1107,2021,4/12/2021,Chinnaswamy,LSG,SRH,SRH,Field,LSG,239,205,Suryakumar Yadav,128,Narine,6,Suryakumar Yadav,17,68,22,Clear
1108,2022,4/13/2021,Eden Gardens,RCB,SRH,RCB,Bat,RCB,171,107,Virat Kohli,49,Siraj,3,MS Dhoni,23,99,19,Sunny
1109,2023,4/14/2021,Chepauk,PBKS,RR,PBKS,Field,PBKS,223,150,MS Dhoni,70,Chahal,6,KL Rahul,25,107,10,Sunny
1110,2024,4/15/2021,Chinnaswamy,LSG,PBKS,PBKS,Bat,LSG,228,175,Rohit Sharma,80,Shami,2,Rohit Sharma,24,117,14,Clear
1111,2025,4/16/2021,Chepauk,GT,KKR,KKR,Field,GT,157,109,Shubman Gill,74,Rashid Khan,5,Shubman Gill,9,77,15,Sunny
1112,2018,4/17/2021,Narendra Modi,MI,RCB,RCB,Field,RCB,169,210,Rashid Khan,66,Arshdeep,4,Rashid Khan,8,92,8,Sunny
1113,2019,4/18/2021,Narendra Modi,MI,RCB,RCB,Bat,MI,210,155,Jasprit Bumrah,58,Bumrah,1,Jasprit Bumrah,12,66,14,Cloudy
1114,2020,4/19/2021,Chinnaswamy,GT,KKR,KKR,Bat,KKR,210,221,Yuzvendra Chahal,64,Narine,1,Yuzvendra Chahal,16,48,21,Cloudy
1115,2021,4/20/2021,Chepauk,RR,GT,RR,Field,GT,154,158,Jasprit Bumrah,130,Bumrah,3,Suryakumar Yadav,10,85,17,Sunny
1116,2022,4/21/2021,Chinnaswamy,RCB,GT,GT,Field,RCB,176,161,Rashid Khan,69,Bumrah,2,Rashid Khan,20,118,13,Clear
1117,2023,4/22/2021,Arun Jaitley,KKR,GT,KKR,Field,KKR,216,205,KL Rahul,47,Chahal,3,KL Rahul,8,56,14,Clear
1118,2024,4/23/2021,Arun Jaitley,KKR,CSK,KKR,Bat,KKR,221,166,KL Rahul,86,Siraj,4,KL Rahul,17,108,11,Sunny
1119,2025,4/24/2021,Eden Gardens,MI,GT,GT,Field,GT,126,199,Virat Kohli,73,Siraj,1,Virat Kohli,10,74,22,Clear
1120,2018,4/25/2021,Eden Gardens,RR,KKR,RR,Bat,RR,207,189,Jos Buttler,126,Bumrah,5,Jos Buttler,14,102,17,Cloudy
1121,2019,4/26/2021,Wankhede,RR,PBKS,PBKS,Field,PBKS,125,227,Rashid Khan,43,Rabada,5,Rashid Khan,9,57,21,Cloudy
1122,2020,4/27/2021,Eden Gardens,DC,RCB,RCB,Bat,RCB,139,206,Jos Buttler,52,Arshdeep,1,Jos Buttler,24,105,11,Cloudy
1123,2021,4/28/2021,Arun Jaitley,RCB,GT,RCB,Bat,RCB,228,190,Shubman Gill,31,Shami,4,Shubman Gill,20,72,9,Sunny
1124,2022,4/29/2021,Narendra Modi,MI,LSG,LSG,Field,MI,190,169,Jos Buttler,98,Rabada,5,Shubman Gill,9,105,15,Sunny
1125,2023,4/30/2021,Wankhede,GT,KKR,GT,Field,GT,166,121,Shubman Gill,100,Shami,1,Shubman Gill,9,118,20,Cloudy
1126,2024,5/1/2021,Wankhede,LSG,DC,LSG,Bat,DC,121,184,Jos Buttler,42,Bumrah,6,Jos Buttler,24,53,8,Clear
1127,2025,5/2/2021,Arun Jaitley,PBKS,RR,RR,Field,PBKS,222,202,MS Dhoni,40,Narine,6,Yuzvendra Chahal,11,116,19,Clear
1128,2018,5/3/2021,Chepauk,GT,PBKS,PBKS,Field,GT,205,122,Jasprit Bumrah,48,Bumrah,1,Jasprit Bumrah,13,103,22,Clear
1129,2019,5/4/2021,Wankhede,PBKS,RCB,PBKS,Bat,RCB,164,223,Rohit Sharma,122,Shami,1,Jasprit Bumrah,18,49,20,Sunny
1130,2020,5/5/2021,Arun Jaitley,MI,LSG,MI,Bat,LSG,168,192,Suryakumar Yadav,80,Siraj,4,Suryakumar Yadav,9,88,20,Clear
1131,2021,5/6/2021,Chepauk,GT,PBKS,PBKS,Bat,GT,197,158,Rashid Khan,60,Shami,4,Rashid Khan,18,48,8,Clear
1132,2022,5/7/2021,Eden Gardens,PBKS,DC,DC,Field,DC,120,152,Rohit Sharma,83,Narine,1,KL Rahul,14,42,16,Clear
1133,2023,5/8/2021,Chinnaswamy,DC,PBKS,DC,Field,DC,207,177,Jos Buttler,76,Arshdeep,3,Jasprit Bumrah,10,61,17,Sunny
1134,2024,5/9/2021,Arun Jaitley,LSG,DC,LSG,Field,LSG,154,114,KL Rahul,127,Rashid Khan,2,KL Rahul,22,78,11,Sunny
1135,2025,5/10/2021,Eden Gardens,KKR,RR,RR,Bat,KKR,135,104,MS Dhoni,88,Bumrah,6,Virat Kohli,10,68,15,Clear
1136,2018,5/11/2021,Chepauk,RR,DC,RR,Field,RR,129,108,Virat Kohli,47,Rashid Khan,5,Virat Kohli,11,98,12,Clear
1137,2019,5/12/2021,Chinnaswamy,LSG,PBKS,PBKS,Bat,PBKS,146,196,Suryakumar Yadav,39,Arshdeep,3,Suryakumar Yadav,15,102,16,Sunny
1138,2020,5/13/2021,Narendra Modi,GT,RR,GT,Field,RR,130,148,Suryakumar Yadav,85,Bumrah,6,Shubman Gill,19,40,13,Cloudy
1139,2021,5/14/2021,Narendra Modi,SRH,KKR,SRH,Bat,KKR,156,211,Jasprit Bumrah,109,Chahal,1,Jasprit Bumrah,8,51,18,Cloudy
1140,2022,5/15/2021,Arun Jaitley,CSK,KKR,CSK,Field,KKR,213,226,KL Rahul,35,Arshdeep,6,Yuzvendra Chahal,16,83,14,Cloudy
1141,2023,5/16/2021,Chepauk,LSG,DC,LSG,Bat,LSG,172,118,Shubman Gill,33,Siraj,4,Shubman Gill,18,80,10,Sunny
1142,2024,5/17/2021,Wankhede,RR,CSK,RR,Field,RR,231,192,Yuzvendra Chahal,64,Rabada,1,Yuzvendra Chahal,10,65,10,Sunny
1143,2025,5/18/2021,Chepauk,KKR,CSK,CSK,Bat,KKR,149,106,Rohit Sharma,126,Shami,5,Rohit Sharma,24,111,20,Sunny
1144,2018,5/19/2021,Wankhede,SRH,RR,SRH,Field,RR,124,131,Rohit Sharma,54,Chahal,5,Jasprit Bumrah,11,94,10,Sunny
1145,2019,5/20/2021,Arun Jaitley,PBKS,RR,RR,Field,RR,182,202,Jasprit Bumrah,34,Rabada,4,Jasprit Bumrah,8,43,14,Sunny
1146,2020,5/21/2021,Chepauk,SRH,LSG,SRH,Bat,SRH,197,143,Rohit Sharma,73,Shami,3,Jasprit Bumrah,18,60,21,Clear
1147,2021,5/22/2021,Chepauk,CSK,KKR,CSK,Bat,CSK,219,160,MS Dhoni,106,Bumrah,1,MS Dhoni,15,41,22,Clear
1148,2022,5/23/2021,Narendra Modi,CSK,MI,MI,Bat,CSK,159,139,Rohit Sharma,56,Rabada,4,Rohit Sharma,17,90,14,Clear
1149,2023,5/24/2021,Arun Jaitley,RR,GT,RR,Field,RR,232,208,Jos Buttler,92,Chahal,3,Jos Buttler,18,43,11,Sunny
1150,2024,5/25/2021,Arun Jaitley,KKR,RR,RR,Field,KKR,236,207,Virat Kohli,122,Shami,2,Virat Kohli,21,73,15,Cloudy
1151,2025,5/26/2021,Chepauk,CSK,LSG,LSG,Field,CSK,175,143,Suryakumar Yadav,74,Arshdeep,4,Suryakumar Yadav,19,79,18,Clear
1152,2018,5/27/2021,Arun Jaitley,RR,RCB,RR,Field,RR,234,206,Suryakumar Yadav,53,Bumrah,6,Suryakumar Yadav,24,111,18,Sunny
1153,2019,5/28/2021,Eden Gardens,KKR,PBKS,PBKS,Field,KKR,182,166,MS Dhoni,126,Bumrah,2,MS Dhoni,8,74,12,Clear
1154,2020,5/29/2021,Narendra Modi,MI,KKR,MI,Bat,MI,166,150,Shubman Gill,31,Rashid Khan,2,Rohit Sharma,25,114,20,Sunny
1155,2021,5/30/2021,Chepauk,RR,DC,DC,Bat,RR,219,113,Jasprit Bumrah,112,Siraj,1,Jasprit Bumrah,15,51,13,Sunny
1156,2022,5/31/2021,Eden Gardens,RCB,MI,MI,Field,MI,129,183,Rohit Sharma,114,Arshdeep,1,Rohit Sharma,22,70,21,Clear
1157,2023,6/1/2021,Chepauk,SRH,CSK,SRH,Field,CSK,173,193,Rashid Khan,37,Narine,3,Rashid Khan,23,86,19,Cloudy
1158,2024,6/2/2021,Arun Jaitley,DC,RCB,RCB,Field,DC,205,205,Jasprit Bumrah,129,Chahal,5,Jasprit Bumrah,17,116,9,Sunny
1159,2025,6/3/2021,Chepauk,LSG,DC,DC,Field,DC,131,195,Rashid Khan,97,Arshdeep,1,Rashid Khan,8,88,14,Sunny
1160,2018,6/4/2021,Chepauk,RR,MI,MI,Bat,RR,218,203,Rohit Sharma,111,Siraj,6,Rohit Sharma,19,96,9,Sunny
1161,2019,6/5/2021,Narendra Modi,PBKS,LSG,PBKS,Bat,PBKS,224,164,Virat Kohli,77,Bumrah,1,Shubman Gill,8,96,8,Clear
1162,2020,6/6/2021,Chepauk,SRH,MI,SRH,Field,MI,166,172,Rashid Khan,106,Chahal,3,Rashid Khan,19,113,18,Cloudy
1163,2021,6/7/2021,Wankhede,CSK,RCB,CSK,Bat,CSK,205,110,Jasprit Bumrah,49,Siraj,4,Jasprit Bumrah,24,101,14,Cloudy
1164,2022,6/8/2021,Eden Gardens,RR,KKR,KKR,Bat,RR,161,135,Jos Buttler,66,Bumrah,1,Jos Buttler,15,98,16,Sunny
1165,2023,6/9/2021,Wankhede,MI,CSK,CSK,Field,MI,142,133,Virat Kohli,66,Arshdeep,1,Virat Kohli,9,116,11,Cloudy
1166,2024,6/10/2021,Arun Jaitley,CSK,RR,RR,Field,CSK,147,106,Shubman Gill,77,Narine,1,Suryakumar Yadav,21,65,21,Clear
1167,2025,6/11/2021,Narendra Modi,RR,SRH,SRH,Field,RR,204,200,Jos Buttler,100,Narine,2,Jasprit Bumrah,15,44,11,Clear
1168,2018,6/12/2021,Wankhede,CSK,SRH,CSK,Bat,SRH,203,213,Jasprit Bumrah,93,Arshdeep,1,Yuzvendra Chahal,13,79,16,Clear
1169,2019,6/13/2021,Chepauk,LSG,MI,LSG,Field,MI,120,134,Jasprit Bumrah,73,Narine,2,Virat Kohli,22,95,8,Cloudy
1170,2020,6/14/2021,Chinnaswamy,GT,KKR,GT,Bat,GT,181,162,Jos Buttler,92,Rashid Khan,5,Jos Buttler,22,81,19,Cloudy
1171,2021,6/15/2021,Chepauk,CSK,RCB,CSK,Field,RCB,179,210,Jos Buttler,89,Rabada,3,Jos Buttler,16,98,17,Cloudy
1172,2022,6/16/2021,Wankhede,GT,RR,RR,Bat,GT,206,184,KL Rahul,32,Arshdeep,2,KL Rahul,10,85,10,Clear
1173,2023,6/17/2021,Chepauk,CSK,DC,CSK,Field,CSK,168,110,MS Dhoni,35,Bumrah,3,MS Dhoni,23,90,20,Sunny
1174,2024,6/18/2021,Narendra Modi,SRH,CSK,CSK,Field,CSK,171,176,Suryakumar Yadav,77,Chahal,3,Jos Buttler,22,68,9,Cloudy
1175,2025,6/19/2021,Chinnaswamy,SRH,MI,MI,Field,MI,178,224,KL Rahul,54,Shami,2,Shubman Gill,21,88,20,Clear
1176,2018,6/20/2021,Wankhede,GT,DC,DC,Bat,GT,170,162,Suryakumar Yadav,53,Siraj,6,Suryakumar Yadav,10,52,20,Cloudy
1177,2019,6/21/2021,Narendra Modi,DC,GT,GT,Bat,DC,234,124,Yuzvendra Chahal,108,Chahal,6,Yuzvendra Chahal,9,70,9,Clear
1178,2020,6/22/2021,Chinnaswamy,DC,PBKS,PBKS,Bat,DC,191,146,KL Rahul,80,Chahal,4,MS Dhoni,8,110,21,Cloudy
1179,2021,6/23/2021,Eden Gardens,RCB,MI,MI,Field,MI,215,216,Jasprit Bumrah,35,Rabada,4,Jasprit Bumrah,22,93,11,Sunny
1180,2022,6/24/2021,Narendra Modi,SRH,MI,MI,Bat,SRH,172,171,Virat Kohli,99,Siraj,4,Virat Kohli,11,50,12,Cloudy
1181,2023,6/25/2021,Arun Jaitley,DC,PBKS,PBKS,Bat,DC,222,201,Rohit Sharma,40,Rashid Khan,1,Rashid Khan,14,64,9,Cloudy
1182,2024,6/26/2021,Narendra Modi,GT,RR,RR,Bat,RR,146,214,Yuzvendra Chahal,89,Shami,3,Virat Kohli,21,118,15,Clear
1183,2025,6/27/2021,Eden Gardens,RCB,CSK,CSK,Bat,RCB,228,142,Rohit Sharma,64,Siraj,4,Rashid Khan,21,78,9,Cloudy
1184,2018,6/28/2021,Narendra Modi,KKR,CSK,KKR,Bat,CSK,205,227,KL Rahul,124,Siraj,4,KL Rahul,8,75,20,Cloudy
1185,2019,6/29/2021,Arun Jaitley,DC,PBKS,DC,Bat,DC,174,157,Rashid Khan,49,Narine,2,Rashid Khan,17,70,21,Sunny
1186,2020,6/30/2021,Chinnaswamy,LSG,CSK,LSG,Field,LSG,228,226,Yuzvendra Chahal,81,Rabada,5,Rohit Sharma,14,113,16,Cloudy
1187,2021,7/1/2021,Chepauk,CSK,MI,MI,Field,MI,128,227,KL Rahul,75,Narine,1,Jasprit Bumrah,9,54,19,Clear
1188,2022,7/2/2021,Chinnaswamy,GT,MI,MI,Bat,MI,152,228,MS Dhoni,119,Rashid Khan,5,MS Dhoni,10,96,10,Sunny
1189,2023,7/3/2021,Eden Gardens,PBKS,LSG,LSG,Bat,LSG,155,222,Shubman Gill,83,Chahal,5,Shubman Gill,12,107,13,Cloudy
1190,2024,7/4/2021,Eden Gardens,RR,DC,RR,Bat,RR,165,165,Shubman Gill,98,Narine,2,Shubman Gill,22,83,16,Sunny
1191,2025,7/5/2021,Arun Jaitley,GT,PBKS,GT,Bat,GT,238,121,Yuzvendra Chahal,87,Bumrah,4,Yuzvendra Chahal,19,102,15,Cloudy
1192,2018,7/6/2021,Narendra Modi,MI,LSG,MI,Field,LSG,187,205,MS Dhoni,42,Chahal,5,MS Dhoni,14,43,17,Sunny
1193,2019,7/7/2021,Chepauk,PBKS,SRH,SRH,Bat,PBKS,220,177,Yuzvendra Chahal,34,Rashid Khan,6,Yuzvendra Chahal,14,93,18,Clear
1194,2020,7/8/2021,Chinnaswamy,KKR,GT,KKR,Field,GT,146,193,Jos Buttler,118,Bumrah,6,Jos Buttler,18,65,11,Clear
1195,2021,7/9/2021,Arun Jaitley,RCB,KKR,KKR,Field,RCB,205,108,Rashid Khan,38,Narine,6,Rashid Khan,20,111,21,Cloudy
1196,2022,7/10/2021,Narendra Modi,PBKS,MI,PBKS,Bat,PBKS,192,103,Shubman Gill,35,Chahal,2,Shubman Gill,9,117,11,Clear
1197,2023,7/11/2021,Wankhede,CSK,RCB,RCB,Bat,CSK,226,171,Jos Buttler,108,Rabada,6,MS Dhoni,22,49,19,Sunny
1198,2024,7/12/2021,Eden Gardens,LSG,GT,GT,Field,GT,188,203,Rashid Khan,30,Arshdeep,6,MS Dhoni,23,95,11,Clear
1199,2025,7/13/2021,Arun Jaitley,RCB,SRH,SRH,Bat,RCB,211,179,Yuzvendra Chahal,81,Rabada,4,Yuzvendra Chahal,25,75,12,Sunny
1200,2018,7/14/2021,Narendra Modi,MI,RCB,MI,Field,RCB,188,225,Jos Buttler,82,Shami,2,Suryakumar Yadav,22,58,22,Clear
1201,2019,7/15/2021,Eden Gardens,LSG,RCB,LSG,Field,RCB,146,177,Jasprit Bumrah,51,Rabada,4,Shubman Gill,25,111,12,Clear
1202,2020,7/16/2021,Chinnaswamy,KKR,PBKS,KKR,Bat,KKR,211,164,KL Rahul,64,Narine,6,KL Rahul,23,50,14,Cloudy
1203,2021,7/17/2021,Narendra Modi,PBKS,RR,RR,Bat,PBKS,147,123,Shubman Gill,62,Shami,4,Shubman Gill,11,60,12,Sunny
1204,2022,7/18/2021,Chepauk,SRH,RCB,RCB,Bat,SRH,144,121,Rashid Khan,79,Bumrah,1,Shubman Gill,10,61,15,Clear
1205,2023,7/19/2021,Chinnaswamy,MI,SRH,SRH,Bat,MI,166,133,Shubman Gill,90,Shami,6,Shubman Gill,16,88,16,Clear
1206,2024,7/20/2021,Arun Jaitley,MI,SRH,SRH,Field,SRH,121,201,Yuzvendra Chahal,44,Rabada,2,Yuzvendra Chahal,23,72,19,Clear
1207,2025,7/21/2021,Chepauk,PBKS,RCB,RCB,Bat,PBKS,167,115,Virat Kohli,124,Rashid Khan,6,Virat Kohli,9,73,14,Sunny
1208,2018,7/22/2021,Eden Gardens,RR,DC,DC,Bat,RR,172,129,MS Dhoni,94,Rashid Khan,1,Rashid Khan,15,53,8,Sunny
1209,2019,7/23/2021,Chepauk,SRH,RCB,SRH,Field,RCB,161,205,Jasprit Bumrah,71,Chahal,4,Jasprit Bumrah,19,42,17,Cloudy
1210,2020,7/24/2021,Wankhede,SRH,RCB,RCB,Field,SRH,144,122,Virat Kohli,77,Arshdeep,3,Virat Kohli,24,97,12,Sunny
1211,2021,7/25/2021,Chepauk,RR,DC,DC,Bat,RR,179,179,Shubman Gill,111,Chahal,2,Shubman Gill,11,96,22,Cloudy
1212,2022,7/26/2021,Chepauk,DC,PBKS,PBKS,Field,DC,172,163,Shubman Gill,111,Rabada,4,Shubman Gill,10,79,15,Sunny
1213,2023,7/27/2021,Chepauk,MI,LSG,LSG,Field,LSG,176,201,Suryakumar Yadav,71,Rashid Khan,1,Shubman Gill,22,65,16,Cloudy
1214,2024,7/28/2021,Narendra Modi,RCB,CSK,CSK,Bat,CSK,150,199,Suryakumar Yadav,107,Chahal,6,Suryakumar Yadav,20,106,14,Clear
1215,2025,7/29/2021,Wankhede,MI,SRH,SRH,Field,MI,239,146,Shubman Gill,115,Narine,5,Shubman Gill,15,68,13,Clear
1216,2018,7/30/2021,Wankhede,RCB,DC,DC,Bat,RCB,222,201,MS Dhoni,48,Arshdeep,6,MS Dhoni,17,78,8,Clear
1217,2019,7/31/2021,Chepauk,MI,KKR,KKR,Bat,MI,179,119,Virat Kohli,70,Chahal,2,Virat Kohli,22,85,14,Cloudy
1218,2020,8/1/2021,Wankhede,LSG,KKR,LSG,Bat,KKR,217,226,Jasprit Bumrah,90,Chahal,5,Jasprit Bumrah,19,106,16,Sunny
1219,2021,8/2/2021,Narendra Modi,KKR,MI,MI,Field,KKR,204,183,Rohit Sharma,49,Arshdeep,4,Rohit Sharma,23,98,15,Sunny
1220,2022,8/3/2021,Chinnaswamy,RR,GT,GT,Bat,RR,153,150,KL Rahul,98,Narine,3,Rohit Sharma,11,83,13,Sunny
1221,2023,8/4/2021,Arun Jaitley,KKR,MI,MI,Field,MI,130,224,Rashid Khan,66,Narine,2,Rashid Khan,12,57,8,Clear
1222,2024,8/5/2021,Narendra Modi,MI,PBKS,MI,Field,PBKS,172,199,MS Dhoni,121,Narine,2,MS Dhoni,11,79,19,Sunny
1223,2025,8/6/2021,Eden Gardens,MI,LSG,LSG,Field,MI,150,143,Yuzvendra Chahal,44,Siraj,1,Yuzvendra Chahal,15,96,8,Sunny
1224,2018,8/7/2021,Eden Gardens,PBKS,SRH,PBKS,Bat,PBKS,206,168,Yuzvendra Chahal,53,Bumrah,6,Yuzvendra Chahal,12,44,14,Sunny
1225,2019,8/8/2021,Chepauk,GT,KKR,GT,Field,KKR,170,217,Virat Kohli,71,Narine,5,Rohit Sharma,12,52,17,Sunny
1226,2020,8/9/2021,Chinnaswamy,MI,DC,MI,Field,MI,223,168,Suryakumar Yadav,70,Siraj,1,Suryakumar Yadav,10,40,20,Cloudy
1227,2021,8/10/2021,Narendra Modi,DC,CSK,CSK,Bat,DC,134,121,Suryakumar Yadav,54,Chahal,1,Jos Buttler,9,86,12,Sunny
1228,2022,8/11/2021,Eden Gardens,DC,RR,DC,Field,DC,230,176,MS Dhoni,38,Bumrah,4,MS Dhoni,8,64,18,Clear
1229,2023,8/12/2021,Arun Jaitley,GT,MI,GT,Bat,GT,133,114,Shubman Gill,93,Narine,1,Shubman Gill,18,69,22,Clear
1230,2024,8/13/2021,Chepauk,RCB,PBKS,PBKS,Bat,PBKS,121,214,Yuzvendra Chahal,121,Siraj,6,Yuzvendra Chahal,17,48,16,Clear
1231,2025,8/14/2021,Arun Jaitley,RCB,RR,RCB,Field,RR,147,175,Jos Buttler,53,Chahal,6,Jos Buttler,16,77,9,Clear
1232,2018,8/15/2021,Arun Jaitley,DC,SRH,SRH,Bat,DC,219,118,Jasprit Bumrah,46,Bumrah,2,Jasprit Bumrah,18,47,11,Cloudy
1233,2019,8/16/2021,Arun Jaitley,SRH,DC,DC,Bat,SRH,231,188,Jos Buttler,81,Shami,2,KL Rahul,18,46,9,Cloudy
1234,2020,8/17/2021,Narendra Modi,KKR,LSG,KKR,Bat,KKR,214,204,Shubman Gill,42,Arshdeep,4,Rohit Sharma,15,66,19,Sunny
1235,2021,8/18/2021,Chepauk,DC,PBKS,PBKS,Field,PBKS,193,230,Shubman Gill,92,Shami,6,Shubman Gill,17,53,17,Cloudy
1236,2022,8/19/2021,Wankhede,SRH,MI,SRH,Bat,MI,126,147,Shubman Gill,97,Narine,2,Shubman Gill,8,55,21,Clear
1237,2023,8/20/2021,Chinnaswamy,SRH,GT,SRH,Bat,SRH,220,165,Jasprit Bumrah,39,Arshdeep,4,Virat Kohli,20,116,19,Sunny
1238,2024,8/21/2021,Chepauk,RR,SRH,RR,Bat,RR,207,164,Suryakumar Yadav,31,Rabada,2,Suryakumar Yadav,16,51,20,Clear
1239,2025,8/22/2021,Chepauk,KKR,SRH,KKR,Field,SRH,182,210,Jos Buttler,90,Chahal,1,KL Rahul,13,83,20,Clear
1240,2018,8/23/2021,Eden Gardens,MI,RCB,RCB,Bat,MI,191,110,MS Dhoni,66,Siraj,1,Virat Kohli,24,119,17,Clear
1241,2019,8/24/2021,Eden Gardens,MI,CSK,MI,Bat,MI,232,169,Virat Kohli,126,Rabada,5,Virat Kohli,15,42,11,Clear
1242,2020,8/25/2021,Wankhede,MI,PBKS,PBKS,Bat,PBKS,177,225,Rashid Khan,74,Narine,4,Shubman Gill,11,46,10,Cloudy
1243,2021,8/26/2021,Arun Jaitley,MI,GT,GT,Field,MI,129,122,KL Rahul,100,Bumrah,5,KL Rahul,24,101,12,Cloudy
1244,2022,8/27/2021,Chinnaswamy,PBKS,KKR,PBKS,Field,PBKS,192,162,KL Rahul,129,Bumrah,4,KL Rahul,17,90,10,Sunny
1245,2023,8/28/2021,Wankhede,RCB,MI,RCB,Field,MI,173,217,Jos Buttler,58,Narine,3,Jos Buttler,24,120,15,Cloudy
1246,2024,8/29/2021,Wankhede,KKR,CSK,KKR,Bat,CSK,184,204,Shubman Gill,90,Rabada,6,Shubman Gill,20,105,21,Clear
1247,2025,8/30/2021,Wankhede,CSK,KKR,KKR,Bat,CSK,172,153,Rashid Khan,99,Rabada,5,Rashid Khan,16,90,20,Clear
1248,2018,8/31/2021,Eden Gardens,MI,SRH,MI,Bat,MI,208,146,Virat Kohli,47,Narine,5,Virat Kohli,10,40,9,Cloudy
1249,2019,9/1/2021,Chepauk,MI,SRH,SRH,Bat,MI,191,135,Suryakumar Yadav,129,Narine,4,Suryakumar Yadav,16,70,11,Cloudy
1250,2020,9/2/2021,Narendra Modi,RR,LSG,LSG,Bat,LSG,215,225,KL Rahul,101,Narine,2,KL Rahul,22,88,9,Sunny
1251,2021,9/3/2021,Eden Gardens,SRH,MI,SRH,Bat,MI,150,169,Jasprit Bumrah,104,Narine,4,Jasprit Bumrah,22,65,11,Clear
1252,2022,9/4/2021,Chepauk,SRH,PBKS,SRH,Field,PBKS,184,226,Rashid Khan,94,Siraj,5,Rashid Khan,16,42,10,Cloudy
1253,2023,9/5/2021,Arun Jaitley,CSK,RCB,RCB,Field,RCB,158,208,Jasprit Bumrah,100,Arshdeep,2,Jasprit Bumrah,10,61,15,Cloudy
1254,2024,9/6/2021,Chepauk,SRH,KKR,KKR,Bat,SRH,180,154,Virat Kohli,120,Rashid Khan,4,Virat Kohli,9,101,20,Cloudy
1255,2025,9/7/2021,Narendra Modi,LSG,KKR,KKR,Field,LSG,237,112,Jasprit Bumrah,43,Shami,6,Jasprit Bumrah,22,58,19,Clear
1256,2018,9/8/2021,Chinnaswamy,RR,RCB,RR,Bat,RR,148,147,Jasprit Bumrah,38,Rabada,4,Jasprit Bumrah,17,87,9,Sunny
1257,2019,9/9/2021,Eden Gardens,RR,LSG,LSG,Bat,RR,210,131,MS Dhoni,84,Chahal,3,MS Dhoni,21,59,10,Clear
1258,2020,9/10/2021,Narendra Modi,GT,LSG,GT,Field,GT,185,136,Rohit Sharma,56,Rashid Khan,3,KL Rahul,8,42,15,Sunny
1259,2021,9/11/2021,Wankhede,CSK,GT,CSK,Bat,GT,163,208,Shubman Gill,92,Arshdeep,6,Rohit Sharma,25,73,21,Sunny
1260,2022,9/12/2021,Eden Gardens,RCB,LSG,LSG,Bat,LSG,219,229,Rashid Khan,73,Shami,3,KL Rahul,18,70,8,Clear
1261,2023,9/13/2021,Wankhede,CSK,SRH,CSK,Bat,SRH,163,193,Yuzvendra Chahal,99,Bumrah,5,Jos Buttler,22,47,15,Sunny
1262,2024,9/14/2021,Chepauk,RR,SRH,RR,Bat,SRH,129,226,MS Dhoni,53,Shami,1,MS Dhoni,14,49,22,Cloudy
1263,2025,9/15/2021,Chepauk,SRH,MI,MI,Field,SRH,237,127,Virat Kohli,116,Rabada,2,Virat Kohli,16,42,10,Sunny
1264,2018,9/16/2021,Arun Jaitley,LSG,RR,LSG,Field,LSG,203,175,Shubman Gill,124,Arshdeep,2,Shubman Gill,9,120,11,Sunny
1265,2019,9/17/2021,Narendra Modi,PBKS,SRH,PBKS,Bat,SRH,130,137,Virat Kohli,58,Arshdeep,3,Virat Kohli,25,78,19,Cloudy
1266,2020,9/18/2021,Narendra Modi,CSK,SRH,SRH,Bat,CSK,218,142,Rohit Sharma,116,Rashid Khan,4,Jasprit Bumrah,21,89,14,Cloudy
1267,2021,9/19/2021,Arun Jaitley,SRH,RCB,SRH,Field,SRH,234,164,Virat Kohli,108,Narine,4,Shubman Gill,11,75,11,Sunny
1268,2022,9/20/2021,Chepauk,LSG,DC,LSG,Field,DC,153,205,Suryakumar Yadav,51,Arshdeep,5,Suryakumar Yadav,17,79,21,Clear
1269,2023,9/21/2021,Eden Gardens,RR,MI,RR,Bat,RR,215,154,Rohit Sharma,110,Rabada,5,Rohit Sharma,18,85,21,Cloudy
1270,2024,9/22/2021,Chepauk,KKR,CSK,CSK,Bat,KKR,204,200,Shubman Gill,96,Shami,1,Yuzvendra Chahal,12,118,21,Clear
1271,2025,9/23/2021,Narendra Modi,RR,GT,GT,Field,RR,220,177,Virat Kohli,78,Narine,5,Virat Kohli,13,89,18,Sunny
1272,2018,9/24/2021,Chepauk,SRH,CSK,SRH,Bat,SRH,220,201,MS Dhoni,87,Rabada,3,Shubman Gill,14,85,16,Clear
1273,2019,9/25/2021,Narendra Modi,RCB,SRH,RCB,Field,RCB,220,152,Suryakumar Yadav,94,Siraj,3,Suryakumar Yadav,11,60,18,Clear
1274,2020,9/26/2021,Wankhede,CSK,RR,CSK,Bat,RR,190,219,KL Rahul,127,Rabada,3,KL Rahul,25,87,17,Clear
1275,2021,9/27/2021,Chepauk,LSG,RR,RR,Bat,LSG,207,174,Rohit Sharma,78,Rabada,5,MS Dhoni,23,101,22,Cloudy
1276,2022,9/28/2021,Wankhede,PBKS,DC,DC,Field,PBKS,155,155,Yuzvendra Chahal,75,Chahal,2,Yuzvendra Chahal,13,87,17,Sunny
1277,2023,9/29/2021,Eden Gardens,PBKS,DC,PBKS,Field,PBKS,147,142,Yuzvendra Chahal,114,Arshdeep,1,Rashid Khan,9,59,17,Sunny
1278,2024,9/30/2021,Chepauk,MI,GT,MI,Bat,GT,133,213,Yuzvendra Chahal,111,Rashid Khan,1,Yuzvendra Chahal,14,61,14,Cloudy
1279,2025,10/1/2021,Eden Gardens,SRH,GT,GT,Bat,SRH,207,100,Suryakumar Yadav,95,Narine,4,Suryakumar Yadav,12,111,21,Clear
1280,2018,10/2/2021,Chepauk,GT,RR,RR,Field,GT,147,119,Virat Kohli,54,Rabada,3,Jasprit Bumrah,14,43,21,Cloudy
1281,2019,10/3/2021,Arun Jaitley,LSG,GT,LSG,Field,LSG,177,160,MS Dhoni,70,Bumrah,4,MS Dhoni,9,46,22,Cloudy
1282,2020,10/4/2021,Chepauk,GT,KKR,KKR,Bat,GT,201,119,Jasprit Bumrah,78,Narine,1,Jasprit Bumrah,25,90,22,Sunny
1283,2021,10/5/2021,Eden Gardens,PBKS,RR,PBKS,Field,PBKS,214,149,Rohit Sharma,125,Narine,2,Rohit Sharma,25,108,18,Clear
1284,2022,10/6/2021,Narendra Modi,PBKS,MI,PBKS,Bat,PBKS,236,118,Suryakumar Yadav,129,Bumrah,5,Suryakumar Yadav,20,43,19,Sunny
1285,2023,10/7/2021,Eden Gardens,CSK,DC,CSK,Field,DC,203,225,MS Dhoni,44,Arshdeep,4,MS Dhoni,15,114,21,Sunny
1286,2024,10/8/2021,Narendra Modi,MI,RR,RR,Bat,RR,176,184,Virat Kohli,49,Rashid Khan,5,Virat Kohli,13,83,8,Sunny
1287,2025,10/9/2021,Chinnaswamy,PBKS,RR,RR,Bat,RR,132,136,MS Dhoni,120,Bumrah,3,MS Dhoni,11,65,17,Sunny
1288,2018,10/10/2021,Eden Gardens,CSK,RR,RR,Field,RR,179,208,KL Rahul,90,Chahal,5,KL Rahul,8,60,14,Cloudy
1289,2019,10/11/2021,Arun Jaitley,MI,LSG,LSG,Bat,MI,177,164,Rashid Khan,47,Shami,5,Rashid Khan,19,46,20,Sunny
1290,2020,10/12/2021,Eden Gardens,PBKS,MI,PBKS,Bat,PBKS,148,139,KL Rahul,91,Arshdeep,4,KL Rahul,10,108,16,Sunny
1291,2021,10/13/2021,Chinnaswamy,LSG,RR,RR,Field,LSG,203,185,KL Rahul,107,Bumrah,4,KL Rahul,23,120,21,Clear
1292,2022,10/14/2021,Chinnaswamy,GT,SRH,GT,Bat,GT,164,124,KL Rahul,113,Shami,1,KL Rahul,12,92,19,Cloudy
1293,2023,10/15/2021,Chinnaswamy,LSG,MI,LSG,Field,MI,176,200,Suryakumar Yadav,129,Rashid Khan,1,Suryakumar Yadav,24,106,10,Cloudy
1294,2024,10/16/2021,Eden Gardens,KKR,SRH,KKR,Field,KKR,164,158,Suryakumar Yadav,73,Shami,5,Suryakumar Yadav,19,95,18,Clear
1295,2025,10/17/2021,Narendra Modi,LSG,SRH,LSG,Bat,SRH,164,172,Suryakumar Yadav,109,Rabada,4,Jos Buttler,10,113,15,Clear
1296,2018,10/18/2021,Arun Jaitley,CSK,DC,DC,Bat,DC,152,200,Shubman Gill,35,Bumrah,1,Shubman Gill,10,51,18,Clear
1297,2019,10/19/2021,Narendra Modi,KKR,RR,RR,Field,RR,142,214,Suryakumar Yadav,64,Rabada,2,Suryakumar Yadav,8,120,14,Cloudy
1298,2020,10/20/2021,Chinnaswamy,RR,DC,DC,Field,DC,171,198,Jos Buttler,85,Narine,5,Jos Buttler,17,88,22,Cloudy
1299,2021,10/21/2021,Wankhede,GT,CSK,GT,Bat,GT,218,177,Yuzvendra Chahal,94,Arshdeep,4,Yuzvendra Chahal,23,61,17,Sunny
1300,2022,10/22/2021,Eden Gardens,MI,SRH,SRH,Bat,SRH,122,127,Jos Buttler,59,Chahal,1,Jos Buttler,25,91,16,Sunny
1301,2023,10/23/2021,Arun Jaitley,DC,PBKS,PBKS,Bat,PBKS,167,221,Jasprit Bumrah,47,Shami,1,KL Rahul,22,59,15,Cloudy
1302,2024,10/24/2021,Eden Gardens,RR,DC,RR,Bat,DC,146,178,Rashid Khan,84,Arshdeep,4,Rashid Khan,18,82,20,Clear
1303,2025,10/25/2021,Eden Gardens,LSG,SRH,LSG,Field,SRH,166,215,Suryakumar Yadav,130,Bumrah,2,Suryakumar Yadav,17,52,14,Sunny
1304,2018,10/26/2021,Wankhede,DC,PBKS,DC,Bat,DC,174,152,Rohit Sharma,115,Arshdeep,2,Virat Kohli,23,99,18,Clear
1305,2019,10/27/2021,Narendra Modi,SRH,DC,SRH,Bat,DC,161,218,Shubman Gill,65,Rabada,1,Suryakumar Yadav,10,94,22,Clear
1306,2020,10/28/2021,Chinnaswamy,KKR,PBKS,KKR,Field,PBKS,198,215,Shubman Gill,125,Arshdeep,1,Shubman Gill,25,107,19,Clear
1307,2021,10/29/2021,Chinnaswamy,RR,DC,RR,Field,RR,156,140,KL Rahul,47,Siraj,3,KL Rahul,21,106,10,Sunny
1308,2022,10/30/2021,Arun Jaitley,SRH,MI,SRH,Bat,MI,146,182,Rashid Khan,46,Rabada,4,KL Rahul,23,115,21,Sunny
1309,2023,10/31/2021,Wankhede,RR,SRH,RR,Field,RR,223,157,Shubman Gill,76,Bumrah,3,Shubman Gill,10,85,11,Sunny
1310,2024,11/1/2021,Arun Jaitley,RCB,KKR,KKR,Field,RCB,158,154,Jasprit Bumrah,71,Rashid Khan,1,Jasprit Bumrah,24,91,8,Sunny
1311,2025,11/2/2021,Narendra Modi,MI,DC,DC,Bat,MI,203,148,Virat Kohli,43,Shami,6,Virat Kohli,25,110,21,Clear
1312,2018,11/3/2021,Wankhede,MI,DC,DC,Field,MI,183,174,Suryakumar Yadav,55,Arshdeep,2,Jos Buttler,8,40,11,Clear
1313,2019,11/4/2021,Narendra Modi,MI,LSG,LSG,Field,MI,204,179,Virat Kohli,61,Siraj,4,Virat Kohli,25,83,19,Cloudy
1314,2020,11/5/2021,Eden Gardens,RCB,RR,RCB,Bat,RCB,135,125,MS Dhoni,44,Rabada,1,MS Dhoni,19,40,16,Cloudy
1315,2021,11/6/2021,Chepauk,MI,SRH,SRH,Field,SRH,168,214,MS Dhoni,123,Siraj,2,MS Dhoni,11,112,13,Clear
1316,2022,11/7/2021,Wankhede,RCB,GT,GT,Field,RCB,225,122,Virat Kohli,58,Chahal,6,Virat Kohli,25,62,18,Clear
1317,2023,11/8/2021,Wankhede,LSG,RCB,LSG,Bat,LSG,200,186,Virat Kohli,120,Rabada,4,Virat Kohli,10,60,16,Cloudy
1318,2024,11/9/2021,Arun Jaitley,RCB,PBKS,RCB,Bat,RCB,137,101,Rohit Sharma,125,Rashid Khan,1,Rohit Sharma,8,81,9,Sunny
1319,2025,11/10/2021,Eden Gardens,DC,RCB,DC,Bat,DC,216,104,Jasprit Bumrah,108,Rashid Khan,3,Jasprit Bumrah,11,48,11,Cloudy
1320,2018,11/11/2021,Wankhede,PBKS,RCB,PBKS,Field,PBKS,206,126,Jos Buttler,127,Siraj,3,KL Rahul,19,69,19,Cloudy
1321,2019,11/12/2021,Narendra Modi,RCB,PBKS,PBKS,Bat,RCB,209,102,Virat Kohli,84,Rabada,3,Virat Kohli,19,115,17,Cloudy
1322,2020,11/13/2021,Eden Gardens,GT,LSG,GT,Field,LSG,187,204,Rashid Khan,39,Shami,6,Yuzvendra Chahal,13,101,8,Sunny
1323,2021,11/14/2021,Arun Jaitley,GT,PBKS,PBKS,Field,PBKS,143,153,MS Dhoni,108,Chahal,2,MS Dhoni,19,60,10,Sunny
1324,2022,11/15/2021,Eden Gardens,CSK,LSG,LSG,Field,CSK,148,140,KL Rahul,44,Rashid Khan,6,KL Rahul,17,74,10,Clear
1325,2023,11/16/2021,Eden Gardens,RR,SRH,RR,Field,RR,173,124,Suryakumar Yadav,85,Arshdeep,1,Suryakumar Yadav,9,83,14,Sunny
1326,2024,11/17/2021,Arun Jaitley,GT,SRH,SRH,Field,GT,150,118,Virat Kohli,129,Shami,1,Virat Kohli,22,83,9,Sunny
1327,2025,11/18/2021,Wankhede,PBKS,CSK,PBKS,Field,CSK,125,206,Yuzvendra Chahal,56,Arshdeep,5,Yuzvendra Chahal,10,85,22,Cloudy
1328,2018,11/19/2021,Eden Gardens,RCB,KKR,RCB,Bat,RCB,215,213,Rashid Khan,112,Narine,4,Rashid Khan,24,59,19,Clear
1329,2019,11/20/2021,Narendra Modi,PBKS,MI,PBKS,Bat,MI,142,203,MS Dhoni,90,Narine,2,MS Dhoni,20,55,18,Sunny
1330,2020,11/21/2021,Chinnaswamy,PBKS,CSK,CSK,Field,PBKS,184,139,Yuzvendra Chahal,62,Chahal,5,Yuzvendra Chahal,12,45,21,Sunny
1331,2021,11/22/2021,Narendra Modi,GT,MI,GT,Field,GT,216,109,Rashid Khan,60,Bumrah,2,Shubman Gill,19,57,13,Sunny
1332,2022,11/23/2021,Arun Jaitley,MI,RCB,MI,Bat,RCB,181,224,Virat Kohli,39,Siraj,5,Suryakumar Yadav,15,58,17,Sunny
1333,2023,11/24/2021,Wankhede,SRH,PBKS,PBKS,Bat,SRH,227,138,Jasprit Bumrah,33,Shami,5,KL Rahul,11,78,14,Cloudy
1334,2024,11/25/2021,Chepauk,GT,DC,GT,Field,DC,212,214,Jasprit Bumrah,35,Rabada,2,Jasprit Bumrah,19,61,10,Cloudy
1335,2025,11/26/2021,Chepauk,SRH,KKR,KKR,Bat,KKR,147,190,Shubman Gill,53,Rashid Khan,5,Shubman Gill,12,112,10,Clear
1336,2018,11/27/2021,Wankhede,CSK,RR,CSK,Bat,CSK,213,188,Rohit Sharma,99,Arshdeep,3,Rohit Sharma,15,116,18,Sunny
1337,2019,11/28/2021,Narendra Modi,CSK,PBKS,PBKS,Field,PBKS,128,153,Suryakumar Yadav,100,Shami,4,Suryakumar Yadav,20,83,22,Clear
1338,2020,11/29/2021,Eden Gardens,RR,MI,MI,Bat,MI,148,164,Suryakumar Yadav,87,Bumrah,5,Virat Kohli,25,101,18,Clear
1339,2021,11/30/2021,Chepauk,LSG,RR,RR,Field,RR,133,188,Suryakumar Yadav,94,Rashid Khan,6,Suryakumar Yadav,10,106,14,Clear
1340,2022,12/1/2021,Eden Gardens,DC,LSG,DC,Bat,DC,172,107,Jos Buttler,86,Chahal,6,MS Dhoni,17,114,10,Clear
1341,2023,12/2/2021,Chinnaswamy,SRH,LSG,SRH,Bat,LSG,177,198,Shubman Gill,75,Arshdeep,3,Shubman Gill,23,66,12,Cloudy
1342,2024,12/3/2021,Eden Gardens,RR,CSK,CSK,Field,CSK,147,161,Jasprit Bumrah,113,Shami,2,Jasprit Bumrah,13,85,20,Clear
1343,2025,12/4/2021,Chepauk,CSK,DC,DC,Field,CSK,210,106,Rashid Khan,69,Chahal,5,Rashid Khan,11,93,10,Clear
1344,2018,12/5/2021,Arun Jaitley,DC,KKR,DC,Field,KKR,124,165,Shubman Gill,72,Shami,3,Virat Kohli,23,102,10,Cloudy
1345,2019,12/6/2021,Narendra Modi,RR,CSK,RR,Field,CSK,138,169,KL Rahul,85,Narine,5,Yuzvendra Chahal,9,50,16,Sunny
1346,2020,12/7/2021,Chepauk,MI,LSG,MI,Field,MI,191,152,Virat Kohli,50,Shami,5,Rohit Sharma,22,79,8,Clear
1347,2021,12/8/2021,Chepauk,LSG,RR,RR,Bat,RR,124,227,Rohit Sharma,73,Siraj,3,Rohit Sharma,25,108,13,Sunny
1348,2022,12/9/2021,Chepauk,CSK,GT,GT,Field,GT,215,227,Shubman Gill,32,Shami,2,Shubman Gill,17,61,14,Clear
1349,2023,12/10/2021,Chinnaswamy,RCB,MI,MI,Field,MI,130,141,Suryakumar Yadav,105,Rabada,5,Suryakumar Yadav,18,116,12,Clear
1350,2024,12/11/2021,Eden Gardens,PBKS,GT,GT,Field,PBKS,206,200,Jasprit Bumrah,55,Rabada,1,Rohit Sharma,19,111,15,Cloudy
1351,2025,12/12/2021,Eden Gardens,RR,KKR,RR,Bat,RR,208,180,MS Dhoni,73,Arshdeep,1,MS Dhoni,22,56,12,Sunny
1352,2018,12/13/2021,Wankhede,RCB,KKR,KKR,Bat,KKR,146,210,Virat Kohli,115,Rabada,2,Virat Kohli,11,85,19,Clear
1353,2019,12/14/2021,Arun Jaitley,CSK,MI,MI,Field,CSK,146,141,Jos Buttler,46,Arshdeep,5,Virat Kohli,19,87,11,Clear
1354,2020,12/15/2021,Wankhede,PBKS,KKR,PBKS,Field,PBKS,185,183,Suryakumar Yadav,50,Bumrah,1,Suryakumar Yadav,9,87,20,Cloudy
1355,2021,12/16/2021,Arun Jaitley,RCB,KKR,KKR,Field,KKR,140,151,Virat Kohli,95,Shami,6,Rohit Sharma,24,107,12,Sunny
1356,2022,12/17/2021,Narendra Modi,DC,GT,GT,Bat,DC,208,131,Shubman Gill,93,Siraj,1,Shubman Gill,21,112,19,Clear
1357,2023,12/18/2021,Chinnaswamy,GT,KKR,GT,Field,GT,235,230,Jasprit Bumrah,42,Rashid Khan,1,Jasprit Bumrah,8,67,11,Cloudy
1358,2024,12/19/2021,Wankhede,RCB,SRH,SRH,Bat,RCB,178,175,Suryakumar Yadav,42,Arshdeep,6,Suryakumar Yadav,12,50,15,Clear
1359,2025,12/20/2021,Wankhede,DC,SRH,SRH,Bat,DC,232,159,Virat Kohli,35,Narine,1,Virat Kohli,13,115,17,Cloudy
1360,2018,12/21/2021,Chinnaswamy,RR,GT,GT,Bat,GT,160,200,Jos Buttler,66,Narine,3,Jos Buttler,16,104,17,Clear
1361,2019,12/22/2021,Chinnaswamy,KKR,GT,GT,Bat,KKR,235,146,Shubman Gill,98,Bumrah,2,Suryakumar Yadav,13,71,12,Cloudy
1362,2020,12/23/2021,Chinnaswamy,GT,SRH,GT,Field,SRH,126,194,Virat Kohli,63,Narine,5,Virat Kohli,15,46,16,Sunny
1363,2021,12/24/2021,Chinnaswamy,MI,KKR,KKR,Field,MI,147,128,Yuzvendra Chahal,104,Rabada,2,Yuzvendra Chahal,10,50,13,Sunny
1364,2022,12/25/2021,Narendra Modi,MI,GT,GT,Bat,MI,175,154,Suryakumar Yadav,45,Rashid Khan,2,Suryakumar Yadav,24,88,15,Cloudy
1365,2023,12/26/2021,Arun Jaitley,CSK,RR,CSK,Bat,RR,168,187,Yuzvendra Chahal,87,Shami,1,Yuzvendra Chahal,11,46,10,Sunny
1366,2024,12/27/2021,Narendra Modi,LSG,SRH,LSG,Bat,LSG,193,105,Jos Buttler,69,Shami,6,Jos Buttler,21,55,22,Sunny
1367,2025,12/28/2021,Chinnaswamy,LSG,SRH,SRH,Field,SRH,204,215,KL Rahul,123,Rabada,1,KL Rahul,15,105,22,Cloudy
1368,2018,12/29/2021,Chinnaswamy,MI,CSK,CSK,Bat,CSK,159,196,Shubman Gill,86,Shami,2,Shubman Gill,18,58,16,Clear
1369,2019,12/30/2021,Arun Jaitley,RR,GT,RR,Bat,RR,197,115,Rashid Khan,111,Rashid Khan,2,Rashid Khan,25,119,8,Sunny
1370,2020,12/31/2021,Eden Gardens,SRH,PBKS,PBKS,Bat,SRH,209,178,Suryakumar Yadav,128,Siraj,1,Suryakumar Yadav,13,44,22,Clear
1371,2021,1/1/2022,Wankhede,RCB,CSK,CSK,Field,RCB,214,185,Shubman Gill,122,Chahal,6,Shubman Gill,15,84,18,Clear
1372,2022,1/2/2022,Wankhede,GT,RR,RR,Bat,GT,217,210,Virat Kohli,62,Arshdeep,5,Virat Kohli,24,116,14,Cloudy
1373,2023,1/3/2022,Narendra Modi,KKR,DC,DC,Bat,KKR,192,124,KL Rahul,93,Chahal,2,Jasprit Bumrah,16,77,10,Sunny
1374,2024,1/4/2022,Wankhede,RR,GT,GT,Bat,RR,171,132,Jasprit Bumrah,113,Rabada,1,Jasprit Bumrah,22,45,10,Clear
1375,2025,1/5/2022,Chinnaswamy,KKR,PBKS,KKR,Bat,KKR,221,200,Suryakumar Yadav,120,Narine,1,Suryakumar Yadav,10,77,19,Sunny
1376,2018,1/6/2022,Arun Jaitley,SRH,KKR,SRH,Field,SRH,208,137,MS Dhoni,31,Siraj,1,MS Dhoni,20,99,11,Sunny
1377,2019,1/7/2022,Narendra Modi,RCB,MI,MI,Field,RCB,229,110,Rashid Khan,55,Rabada,6,Rashid Khan,8,70,21,Clear
1378,2020,1/8/2022,Chepauk,SRH,MI,MI,Field,MI,131,191,Shubman Gill,100,Shami,1,Shubman Gill,13,84,18,Cloudy
1379,2021,1/9/2022,Arun Jaitley,MI,KKR,MI,Field,MI,202,116,Jasprit Bumrah,40,Siraj,6,Jasprit Bumrah,9,107,10,Sunny
1380,2022,1/10/2022,Chepauk,RCB,GT,RCB,Bat,RCB,203,200,Rashid Khan,67,Narine,6,Rashid Khan,24,86,15,Sunny
1381,2023,1/11/2022,Wankhede,KKR,RCB,KKR,Field,KKR,240,128,KL Rahul,67,Rabada,5,KL Rahul,13,42,10,Clear
1382,2024,1/12/2022,Chinnaswamy,CSK,GT,CSK,Field,CSK,184,141,Jasprit Bumrah,98,Shami,1,Jasprit Bumrah,10,83,12,Cloudy
1383,2025,1/13/2022,Chinnaswamy,RCB,LSG,LSG,Bat,RCB,232,131,Shubman Gill,110,Bumrah,1,Shubman Gill,19,44,14,Sunny
1384,2018,1/14/2022,Eden Gardens,DC,PBKS,DC,Bat,DC,177,164,Yuzvendra Chahal,116,Rabada,1,Yuzvendra Chahal,8,95,11,Clear
1385,2019,1/15/2022,Chinnaswamy,RCB,GT,GT,Bat,RCB,207,183,Jos Buttler,129,Rashid Khan,3,Rashid Khan,17,72,9,Sunny
1386,2020,1/16/2022,Chinnaswamy,SRH,PBKS,PBKS,Field,PBKS,148,168,KL Rahul,73,Chahal,6,MS Dhoni,15,77,19,Sunny
1387,2021,1/17/2022,Chepauk,GT,CSK,CSK,Bat,GT,215,206,Suryakumar Yadav,118,Siraj,3,KL Rahul,23,118,19,Clear
1388,2022,1/18/2022,Eden Gardens,KKR,CSK,CSK,Field,KKR,237,152,MS Dhoni,53,Narine,6,Suryakumar Yadav,22,50,10,Cloudy
1389,2023,1/19/2022,Narendra Modi,GT,DC,GT,Bat,DC,120,162,Rashid Khan,80,Siraj,5,Rashid Khan,24,116,14,Sunny
1390,2024,1/20/2022,Arun Jaitley,RCB,CSK,RCB,Field,RCB,208,136,Yuzvendra Chahal,81,Arshdeep,2,Jasprit Bumrah,23,94,15,Sunny
1391,2025,1/21/2022,Eden Gardens,CSK,KKR,KKR,Bat,CSK,224,180,KL Rahul,101,Bumrah,4,Shubman Gill,11,73,15,Cloudy
1392,2018,1/22/2022,Arun Jaitley,KKR,LSG,LSG,Bat,KKR,206,143,Jasprit Bumrah,118,Shami,2,Suryakumar Yadav,20,72,21,Cloudy
1393,2019,1/23/2022,Chepauk,SRH,KKR,SRH,Field,SRH,228,148,Jos Buttler,61,Shami,2,Jos Buttler,21,70,11,Cloudy
1394,2020,1/24/2022,Chepauk,PBKS,RCB,RCB,Field,PBKS,139,115,Virat Kohli,96,Siraj,2,Virat Kohli,20,107,8,Sunny
1395,2021,1/25/2022,Wankhede,SRH,CSK,CSK,Field,SRH,220,186,Rashid Khan,34,Rashid Khan,2,Rashid Khan,10,44,9,Sunny
1396,2022,1/26/2022,Narendra Modi,LSG,MI,LSG,Field,LSG,209,161,Jasprit Bumrah,51,Siraj,3,KL Rahul,9,93,14,Sunny
1397,2023,1/27/2022,Chepauk,MI,GT,GT,Bat,GT,195,202,Rohit Sharma,105,Shami,6,Rohit Sharma,15,61,15,Sunny
1398,2024,1/28/2022,Wankhede,DC,PBKS,PBKS,Bat,DC,194,164,Virat Kohli,99,Rashid Khan,2,MS Dhoni,12,51,12,Clear
1399,2025,1/29/2022,Wankhede,SRH,DC,SRH,Field,DC,140,183,MS Dhoni,108,Chahal,4,Jos Buttler,21,88,19,Cloudy
1400,2018,1/30/2022,Chinnaswamy,RR,LSG,RR,Bat,RR,240,176,Shubman Gill,112,Bumrah,6,Shubman Gill,8,108,14,Sunny
1401,2019,1/31/2022,Chinnaswamy,PBKS,RCB,PBKS,Bat,RCB,171,182,Rohit Sharma,43,Siraj,5,Yuzvendra Chahal,22,86,9,Clear
1402,2020,2/1/2022,Narendra Modi,KKR,PBKS,PBKS,Bat,KKR,224,161,Virat Kohli,129,Arshdeep,2,Virat Kohli,15,104,22,Cloudy
1403,2021,2/2/2022,Chepauk,GT,CSK,CSK,Bat,CSK,128,189,KL Rahul,41,Chahal,2,Virat Kohli,17,44,12,Clear
1404,2022,2/3/2022,Wankhede,PBKS,KKR,PBKS,Field,PBKS,145,141,MS Dhoni,31,Bumrah,1,MS Dhoni,13,92,15,Clear
1405,2023,2/4/2022,Eden Gardens,PBKS,LSG,LSG,Bat,PBKS,197,192,Suryakumar Yadav,77,Bumrah,6,Suryakumar Yadav,22,80,14,Sunny
1406,2024,2/5/2022,Arun Jaitley,RCB,SRH,SRH,Field,RCB,203,122,Shubman Gill,112,Chahal,2,Shubman Gill,13,110,11,Cloudy
1407,2025,2/6/2022,Chinnaswamy,GT,KKR,GT,Field,GT,188,181,Rashid Khan,45,Chahal,4,Rashid Khan,11,44,14,Cloudy
1408,2018,2/7/2022,Arun Jaitley,KKR,GT,GT,Field,GT,158,180,Shubman Gill,101,Rabada,2,Shubman Gill,21,90,20,Clear
1409,2019,2/8/2022,Arun Jaitley,KKR,MI,KKR,Bat,KKR,233,134,Jos Buttler,116,Arshdeep,1,Rohit Sharma,24,110,10,Cloudy
1410,2020,2/9/2022,Narendra Modi,RR,GT,GT,Field,RR,165,114,KL Rahul,50,Bumrah,5,Yuzvendra Chahal,11,120,13,Clear
1411,2021,2/10/2022,Arun Jaitley,LSG,MI,MI,Bat,MI,126,175,Rohit Sharma,126,Shami,3,Rashid Khan,9,62,14,Cloudy
1412,2022,2/11/2022,Arun Jaitley,PBKS,LSG,LSG,Field,LSG,149,222,KL Rahul,86,Siraj,5,KL Rahul,14,112,21,Clear
1413,2023,2/12/2022,Eden Gardens,GT,SRH,SRH,Bat,SRH,126,169,Shubman Gill,31,Narine,3,Rohit Sharma,17,109,22,Sunny
1414,2024,2/13/2022,Chinnaswamy,MI,GT,GT,Bat,MI,174,165,Rashid Khan,89,Chahal,6,Rashid Khan,16,72,10,Sunny
1415,2025,2/14/2022,Eden Gardens,DC,CSK,DC,Bat,DC,228,116,Rohit Sharma,64,Arshdeep,2,Rohit Sharma,22,56,20,Cloudy
1416,2018,2/15/2022,Arun Jaitley,LSG,CSK,CSK,Bat,CSK,216,217,Yuzvendra Chahal,130,Narine,6,Yuzvendra Chahal,18,94,11,Cloudy
1417,2019,2/16/2022,Chepauk,LSG,CSK,LSG,Bat,LSG,143,102,Virat Kohli,53,Siraj,4,Virat Kohli,23,100,19,Clear
1418,2020,2/17/2022,Eden Gardens,RCB,DC,RCB,Bat,RCB,205,117,Yuzvendra Chahal,127,Bumrah,4,Yuzvendra Chahal,24,73,9,Sunny
1419,2021,2/18/2022,Chinnaswamy,MI,GT,MI,Field,MI,173,142,Virat Kohli,96,Bumrah,5,Jos Buttler,20,87,14,Cloudy
1420,2022,2/19/2022,Eden Gardens,MI,PBKS,PBKS,Bat,MI,222,199,Jos Buttler,88,Shami,1,Shubman Gill,19,119,9,Clear
1421,2023,2/20/2022,Eden Gardens,PBKS,GT,GT,Bat,PBKS,239,175,Yuzvendra Chahal,112,Arshdeep,4,Yuzvendra Chahal,8,74,15,Cloudy
1422,2024,2/21/2022,Chinnaswamy,KKR,CSK,KKR,Field,KKR,232,119,MS Dhoni,127,Rashid Khan,1,MS Dhoni,25,112,17,Cloudy
1423,2025,2/22/2022,Chinnaswamy,SRH,MI,SRH,Field,SRH,240,170,Virat Kohli,77,Bumrah,5,Rohit Sharma,15,54,19,Clear
1424,2018,2/23/2022,Chepauk,SRH,MI,MI,Field,SRH,173,156,Shubman Gill,36,Bumrah,6,Shubman Gill,10,48,11,Sunny
1425,2019,2/24/2022,Eden Gardens,LSG,MI,LSG,Field,LSG,176,134,Shubman Gill,112,Narine,2,Shubman Gill,11,46,10,Clear
1426,2020,2/25/2022,Chepauk,KKR,PBKS,PBKS,Field,KKR,122,116,Yuzvendra Chahal,81,Shami,1,Suryakumar Yadav,19,84,11,Cloudy
1427,2021,2/26/2022,Eden Gardens,DC,PBKS,PBKS,Bat,DC,145,127,Virat Kohli,82,Chahal,3,Virat Kohli,14,111,21,Cloudy
1428,2022,2/27/2022,Arun Jaitley,KKR,RR,RR,Field,KKR,194,160,Shubman Gill,118,Chahal,6,Shubman Gill,12,40,20,Clear
1429,2023,2/28/2022,Wankhede,RR,KKR,KKR,Field,RR,182,176,KL Rahul,75,Narine,4,KL Rahul,16,106,18,Clear
1430,2024,3/1/2022,Chinnaswamy,LSG,RCB,RCB,Field,LSG,146,107,Rohit Sharma,49,Rabada,2,Rohit Sharma,17,59,17,Clear
1431,2025,3/2/2022,Chinnaswamy,RCB,GT,GT,Bat,RCB,164,107,KL Rahul,116,Bumrah,4,Rashid Khan,10,86,19,Clear
1432,2018,3/3/2022,Wankhede,DC,SRH,SRH,Field,DC,217,120,Virat Kohli,36,Rashid Khan,2,Virat Kohli,12,99,14,Sunny
1433,2019,3/4/2022,Chepauk,RR,KKR,KKR,Field,RR,197,102,Shubman Gill,110,Rabada,2,Shubman Gill,12,118,9,Clear
1434,2020,3/5/2022,Chepauk,MI,DC,MI,Field,MI,165,139,MS Dhoni,37,Bumrah,4,MS Dhoni,12,101,15,Clear
1435,2021,3/6/2022,Chinnaswamy,PBKS,KKR,KKR,Field,PBKS,217,179,MS Dhoni,89,Rabada,3,MS Dhoni,22,65,20,Sunny
1436,2022,3/7/2022,Narendra Modi,RCB,CSK,RCB,Bat,RCB,188,126,Jasprit Bumrah,96,Shami,3,Jasprit Bumrah,20,107,15,Sunny
1437,2023,3/8/2022,Chepauk,DC,MI,DC,Field,DC,175,165,Rashid Khan,117,Arshdeep,3,Rashid Khan,9,107,11,Cloudy
1438,2024,3/9/2022,Arun Jaitley,SRH,DC,DC,Bat,DC,140,219,Virat Kohli,114,Rabada,5,Virat Kohli,13,67,9,Cloudy
1439,2025,3/10/2022,Chepauk,LSG,RR,LSG,Field,LSG,200,140,KL Rahul,112,Rabada,5,Rashid Khan,20,67,20,Cloudy
1440,2018,3/11/2022,Chepauk,SRH,DC,SRH,Field,SRH,231,122,Jos Buttler,86,Rashid Khan,4,Jos Buttler,17,119,17,Clear
1441,2019,3/12/2022,Arun Jaitley,LSG,RCB,RCB,Field,RCB,123,221,Shubman Gill,63,Arshdeep,4,KL Rahul,8,102,19,Clear
1442,2020,3/13/2022,Narendra Modi,KKR,CSK,CSK,Bat,KKR,218,211,Rohit Sharma,52,Shami,2,Rohit Sharma,11,103,18,Cloudy
1443,2021,3/14/2022,Chinnaswamy,KKR,DC,DC,Bat,KKR,123,109,Virat Kohli,54,Arshdeep,6,Shubman Gill,20,47,14,Cloudy
1444,2022,3/15/2022,Chinnaswamy,DC,GT,GT,Bat,GT,138,154,Yuzvendra Chahal,105,Narine,4,MS Dhoni,21,67,17,Sunny
1445,2023,3/16/2022,Wankhede,DC,SRH,DC,Field,SRH,181,216,Virat Kohli,58,Shami,4,Yuzvendra Chahal,19,81,13,Clear
1446,2024,3/17/2022,Chinnaswamy,CSK,MI,MI,Field,MI,142,182,Jasprit Bumrah,110,Siraj,5,KL Rahul,18,71,14,Clear
1447,2025,3/18/2022,Wankhede,PBKS,DC,DC,Bat,PBKS,148,121,Virat Kohli,41,Rabada,5,Virat Kohli,8,119,8,Clear
1448,2018,3/19/2022,Chepauk,LSG,RCB,LSG,Bat,RCB,125,135,Jasprit Bumrah,39,Shami,5,Jasprit Bumrah,20,46,19,Sunny
1449,2019,3/20/2022,Eden Gardens,GT,RCB,RCB,Field,RCB,135,168,Jasprit Bumrah,122,Siraj,1,Suryakumar Yadav,10,67,15,Sunny
1450,2020,3/21/2022,Eden Gardens,LSG,CSK,CSK,Field,LSG,200,174,Rashid Khan,30,Siraj,5,Shubman Gill,16,48,10,Sunny
1451,2021,3/22/2022,Chepauk,KKR,RR,RR,Bat,RR,155,184,Yuzvendra Chahal,63,Arshdeep,5,MS Dhoni,25,76,12,Clear
1452,2022,3/23/2022,Narendra Modi,PBKS,LSG,PBKS,Field,LSG,179,223,Jos Buttler,30,Narine,6,Jos Buttler,17,87,9,Clear
1453,2023,3/24/2022,Eden Gardens,RCB,GT,RCB,Bat,RCB,171,149,Jasprit Bumrah,51,Siraj,6,Virat Kohli,17,109,16,Cloudy
1454,2024,3/25/2022,Chinnaswamy,PBKS,GT,GT,Field,PBKS,198,194,Jos Buttler,40,Chahal,5,Jos Buttler,22,60,21,Cloudy
1455,2025,3/26/2022,Chepauk,DC,GT,GT,Field,GT,156,211,Jasprit Bumrah,59,Shami,3,Jasprit Bumrah,14,47,22,Clear
1456,2018,3/27/2022,Chinnaswamy,PBKS,GT,PBKS,Field,GT,127,163,Jasprit Bumrah,69,Narine,2,Yuzvendra Chahal,19,42,18,Clear
1457,2019,3/28/2022,Eden Gardens,SRH,LSG,SRH,Field,SRH,240,146,Suryakumar Yadav,65,Narine,1,Rashid Khan,12,97,9,Clear
1458,2020,3/29/2022,Narendra Modi,PBKS,RCB,RCB,Bat,PBKS,231,100,KL Rahul,70,Siraj,3,KL Rahul,24,56,15,Cloudy
1459,2021,3/30/2022,Eden Gardens,CSK,GT,GT,Field,CSK,235,111,Jos Buttler,63,Arshdeep,3,Rashid Khan,21,51,17,Cloudy
1460,2022,3/31/2022,Arun Jaitley,KKR,LSG,LSG,Field,LSG,174,206,Rashid Khan,38,Bumrah,1,Rashid Khan,22,54,11,Cloudy
1461,2023,4/1/2022,Wankhede,LSG,CSK,LSG,Bat,LSG,219,145,Rashid Khan,126,Rabada,2,Yuzvendra Chahal,12,42,10,Clear
1462,2024,4/2/2022,Chinnaswamy,SRH,PBKS,PBKS,Bat,PBKS,186,227,Suryakumar Yadav,74,Narine,4,Shubman Gill,21,105,18,Sunny
1463,2025,4/3/2022,Chinnaswamy,MI,GT,GT,Bat,MI,213,171,Yuzvendra Chahal,86,Shami,3,Yuzvendra Chahal,22,49,12,Cloudy
1464,2018,4/4/2022,Eden Gardens,RCB,PBKS,PBKS,Field,RCB,209,100,Virat Kohli,101,Rabada,2,Virat Kohli,8,113,12,Sunny
1465,2019,4/5/2022,Chinnaswamy,RCB,RR,RR,Bat,RCB,221,216,Jos Buttler,114,Chahal,4,MS Dhoni,25,78,11,Cloudy
1466,2020,4/6/2022,Wankhede,GT,DC,DC,Bat,GT,228,110,Shubman Gill,78,Shami,1,Rashid Khan,22,47,20,Clear
1467,2021,4/7/2022,Wankhede,DC,CSK,CSK,Field,DC,216,155,Virat Kohli,77,Arshdeep,1,Virat Kohli,18,107,18,Sunny
1468,2022,4/8/2022,Wankhede,PBKS,KKR,PBKS,Bat,PBKS,163,120,Jos Buttler,115,Narine,2,KL Rahul,18,42,13,Sunny
1469,2023,4/9/2022,Chepauk,RR,KKR,RR,Bat,RR,160,143,Shubman Gill,88,Narine,6,Shubman Gill,12,66,18,Clear
1470,2024,4/10/2022,Arun Jaitley,SRH,DC,DC,Field,DC,149,214,Rohit Sharma,51,Rashid Khan,6,Rohit Sharma,12,84,15,Sunny
1471,2025,4/11/2022,Chepauk,KKR,RCB,RCB,Field,KKR,239,176,Yuzvendra Chahal,76,Rabada,2,Yuzvendra Chahal,15,93,15,Clear
1472,2018,4/12/2022,Arun Jaitley,GT,LSG,GT,Bat,GT,215,110,Shubman Gill,130,Siraj,4,Shubman Gill,12,94,16,Clear
1473,2019,4/13/2022,Chepauk,RCB,CSK,CSK,Bat,CSK,170,214,Rohit Sharma,72,Siraj,4,Rohit Sharma,23,93,12,Clear
1474,2020,4/14/2022,Wankhede,LSG,RCB,LSG,Bat,LSG,177,127,Yuzvendra Chahal,127,Shami,4,Yuzvendra Chahal,23,102,14,Cloudy
1475,2021,4/15/2022,Eden Gardens,PBKS,DC,PBKS,Bat,PBKS,191,108,Jasprit Bumrah,81,Arshdeep,1,Jasprit Bumrah,16,63,16,Cloudy
1476,2022,4/16/2022,Arun Jaitley,GT,PBKS,PBKS,Bat,GT,234,172,Jasprit Bumrah,97,Siraj,5,Jasprit Bumrah,19,101,18,Cloudy
1477,2023,4/17/2022,Eden Gardens,CSK,DC,DC,Bat,CSK,202,147,Yuzvendra Chahal,118,Chahal,3,Jasprit Bumrah,24,102,17,Sunny
1478,2024,4/18/2022,Arun Jaitley,MI,RR,MI,Field,RR,140,144,Rohit Sharma,31,Shami,1,Rohit Sharma,14,81,8,Sunny
1479,2025,4/19/2022,Chinnaswamy,SRH,CSK,CSK,Field,SRH,217,205,Jos Buttler,73,Shami,5,Rohit Sharma,12,77,20,Clear
1480,2018,4/20/2022,Arun Jaitley,DC,GT,DC,Bat,GT,190,197,Shubman Gill,125,Bumrah,6,Shubman Gill,17,49,20,Cloudy
1481,2019,4/21/2022,Eden Gardens,GT,CSK,GT,Bat,GT,183,105,Virat Kohli,33,Narine,5,Virat Kohli,11,80,22,Cloudy
1482,2020,4/22/2022,Eden Gardens,GT,DC,DC,Bat,GT,235,209,KL Rahul,50,Shami,1,KL Rahul,23,87,11,Sunny
1483,2021,4/23/2022,Chinnaswamy,GT,RCB,GT,Field,RCB,170,192,Jos Buttler,110,Bumrah,2,Jos Buttler,22,73,10,Cloudy
1484,2022,4/24/2022,Chinnaswamy,RCB,SRH,RCB,Field,RCB,149,113,Virat Kohli,95,Shami,3,Virat Kohli,12,99,16,Cloudy
1485,2023,4/25/2022,Eden Gardens,RR,GT,GT,Field,RR,141,117,Yuzvendra Chahal,98,Arshdeep,6,Yuzvendra Chahal,13,120,14,Cloudy
1486,2024,4/26/2022,Chinnaswamy,DC,GT,DC,Field,GT,146,226,Suryakumar Yadav,111,Bumrah,1,Suryakumar Yadav,16,103,16,Cloudy
1487,2025,4/27/2022,Chinnaswamy,DC,RCB,DC,Bat,RCB,193,227,Jasprit Bumrah,98,Rabada,4,Jasprit Bumrah,16,85,15,Cloudy
1488,2018,4/28/2022,Narendra Modi,DC,RCB,DC,Bat,DC,188,132,Rashid Khan,54,Bumrah,4,Rashid Khan,23,118,18,Sunny
1489,2019,4/29/2022,Arun Jaitley,PBKS,RCB,PBKS,Field,RCB,152,212,Yuzvendra Chahal,120,Rashid Khan,2,Virat Kohli,21,108,17,Sunny
1490,2020,4/30/2022,Arun Jaitley,SRH,MI,MI,Field,SRH,170,115,Suryakumar Yadav,40,Rashid Khan,6,Suryakumar Yadav,20,118,10,Cloudy
1491,2021,5/1/2022,Eden Gardens,MI,KKR,KKR,Bat,KKR,132,133,Suryakumar Yadav,81,Narine,6,KL Rahul,16,106,17,Clear
1492,2022,5/2/2022,Narendra Modi,LSG,SRH,SRH,Bat,SRH,183,203,Suryakumar Yadav,44,Narine,4,Jasprit Bumrah,19,44,15,Cloudy
1493,2023,5/3/2022,Chepauk,LSG,SRH,SRH,Bat,SRH,141,181,Rashid Khan,120,Arshdeep,3,Jasprit Bumrah,12,58,21,Cloudy
1494,2024,5/4/2022,Arun Jaitley,PBKS,LSG,LSG,Field,LSG,166,214,Rohit Sharma,51,Shami,5,Jasprit Bumrah,16,59,20,Cloudy
1495,2025,5/5/2022,Chinnaswamy,KKR,SRH,SRH,Bat,SRH,151,216,Rashid Khan,123,Chahal,5,Rashid Khan,15,48,17,Clear
1496,2018,5/6/2022,Chinnaswamy,RCB,SRH,SRH,Bat,RCB,162,161,Jasprit Bumrah,110,Narine,6,Jasprit Bumrah,20,45,20,Clear
1497,2019,5/7/2022,Wankhede,DC,CSK,CSK,Field,CSK,188,215,Jos Buttler,74,Narine,2,Suryakumar Yadav,24,42,18,Cloudy
1498,2020,5/8/2022,Wankhede,PBKS,RR,RR,Bat,PBKS,190,160,Yuzvendra Chahal,110,Narine,4,Yuzvendra Chahal,19,103,20,Cloudy
1499,2021,5/9/2022,Eden Gardens,SRH,DC,SRH,Field,DC,137,186,MS Dhoni,69,Rashid Khan,3,MS Dhoni,18,46,22,Sunny
1500,2022,5/10/2022,Chinnaswamy,RCB,MI,MI,Field,RCB,179,132,MS Dhoni,42,Arshdeep,4,Rashid Khan,18,61,11,Sunny
