OrderID,CustomerID,CustomerName,Gender,Age,Email,Phone,Product,Brand,Category,Quantity,UnitPrice,Discount%,GST%,SalesAmount,CostPrice,Profit,OrderDate,City,State
ORD100001,CUST5001,Aachal Upadhyay,Female,60,iryadyal@example.net,9343238583,Dell Inspiron,Dell,Laptop,4,58999,0,18,235996.0,184076.88,51919.12,2025-01-06,Ambattur,Odisha
ORD100002,CUST5002,Gaurangi Muni,Male,22,wriddhish29@example.org,9753159564,Dell Inspiron,Dell,Laptop,3,58999,10,18,159297.3,138057.66,21239.64,2023-08-14,Rohtak,Manipur
ORD100003,CUST5003,Hamsini Sahota,Female,39,swamylakshmi@example.net,9107997219,HP Pavilion,HP,Laptop,3,65999,10,18,178197.3,154437.66,23759.64,2024-12-10,Mango,Telangana
ORD100004,CUST5004,Harita Karan,Male,50,ladli38@example.net,9609104410,Dell Inspiron,Dell,Laptop,4,58999,15,18,200596.6,184076.88,16519.72,2025-05-21,South Dumdum,Rajasthan
ORD100005,CUST5005,Harita Mohan,Female,38,snehasastry@example.com,9342201224,HP Pavilion,HP,Laptop,5,65999,10,18,296995.5,257396.1,39599.4,2025-01-15,Kolhapur,Gujarat
ORD100006,CUST5006,Vrinda Dube,Male,51,yashicasandhu@example.com,9277075302,Dell Inspiron,Dell,Laptop,1,58999,10,18,53099.1,46019.22,7079.88,2023-12-25,Siliguri,Sikkim
ORD100007,CUST5007,Gaurika Pathak,Female,50,dixitbhavya@example.net,9567931297,Galaxy S24,Samsung,Electronics,5,74999,5,18,356245.25,292496.1,63749.15,2025-04-27,Malegaon,Uttar Pradesh
ORD100008,CUST5008,Faras Vasa,Male,59,onkar14@example.net,9139939273,Galaxy S24,Samsung,Electronics,5,74999,15,18,318745.75,292496.1,26249.65,2023-04-22,Shimoga,Kerala
ORD100009,CUST5009,Bakhshi Choudhury,Female,48,nitaragala@example.org,9567600961,Dell Inspiron,Dell,Laptop,2,58999,5,18,112098.1,92038.44,20059.66,2025-01-22,Kadapa,Maharashtra
ORD100010,CUST5010,Wahab Sidhu,Male,38,niharika09@example.com,9435849119,Galaxy S24,Samsung,Electronics,5,74999,10,18,337495.5,292496.1,44999.4,2024-04-19,Jaipur,Karnataka
ORD100011,CUST5011,Falan Gopal,Male,40,bhavikakara@example.net,9320503831,Dell Inspiron,Dell,Laptop,3,58999,15,18,150447.45,138057.66,12389.79,2024-07-02,Gandhinagar,Meghalaya
ORD100012,CUST5012,Advika Morar,Female,23,vasudha71@example.com,9915322557,HP Pavilion,HP,Laptop,2,65999,15,18,112198.3,102958.44,9239.86,2024-11-21,Shimoga,Goa
ORD100013,CUST5013,Aryan Bhardwaj,Female,46,mittalunni@example.net,9643564944,Dell Inspiron,Dell,Laptop,4,58999,15,18,200596.6,184076.88,16519.72,2024-11-26,Bidar,Odisha
ORD100014,CUST5014,Lila Cherian,Female,21,jaimukhopadhyay@example.net,9228625625,Galaxy S24,Samsung,Electronics,4,74999,10,18,269996.4,233996.88,35999.52,2023-08-28,Jodhpur,Meghalaya
ORD100015,CUST5015,Chasmum Mangal,Male,46,oeshi24@example.com,9361274353,HP Pavilion,HP,Laptop,4,65999,5,18,250796.2,205916.88,44879.32,2023-06-13,Rajkot,Mizoram
ORD100016,CUST5016,Yashasvi Palan,Female,56,bhagatchatresh@example.net,9491705176,iPhone 15,Apple,Electronics,2,79999,5,18,151998.1,124798.44,27199.66,2024-12-14,Alappuzha,Chhattisgarh
ORD100017,CUST5017,Indrajit Mani,Male,25,samakshpatla@example.net,9904575856,HP Pavilion,HP,Laptop,2,65999,5,18,125398.1,102958.44,22439.66,2025-04-04,Tinsukia,Tamil Nadu
ORD100018,CUST5018,Neelima Parekh,Female,51,banikdevika@example.com,9670890960,HP Pavilion,HP,Laptop,2,65999,15,18,112198.3,102958.44,9239.86,2024-02-02,Muzaffarpur,Tamil Nadu
ORD100019,CUST5019,Bhavini Badami,Female,21,deepa50@example.net,9739025291,iPhone 15,Apple,Electronics,1,79999,0,18,79999.0,62399.22,17599.78,2024-06-23,Sambhal,Arunachal Pradesh
ORD100020,CUST5020,Arunima Walia,Male,40,onkar01@example.org,9749323366,iPhone 15,Apple,Electronics,1,79999,10,18,71999.1,62399.22,9599.88,2024-01-11,Rourkela,Manipur
ORD100021,CUST5021,Logan Wali,Male,55,ubose@example.net,9636858791,HP Pavilion,HP,Laptop,4,65999,10,18,237596.4,205916.88,31679.52,2025-01-31,Saharsa,Rajasthan
ORD100022,CUST5022,Bachittar Shankar,Male,37,maneojasvi@example.net,9291144090,iPhone 15,Apple,Electronics,2,79999,10,18,143998.2,124798.44,19199.76,2024-08-03,Hubli–Dharwad,Maharashtra
ORD100023,CUST5023,Qabil Talwar,Male,58,sarandalaja@example.com,9435184137,HP Pavilion,HP,Laptop,2,65999,10,18,118798.2,102958.44,15839.76,2023-04-17,Satna,Chhattisgarh
ORD100024,CUST5024,Upadhriti Dalal,Female,51,vrinda20@example.org,9131436143,Dell Inspiron,Dell,Laptop,1,58999,10,18,53099.1,46019.22,7079.88,2024-05-16,Panihati,Andhra Pradesh
ORD100025,CUST5025,Kala Thaker,Male,49,niharika31@example.net,9426341177,iPhone 15,Apple,Electronics,5,79999,10,18,359995.5,311996.1,47999.4,2023-05-18,Bokaro,Assam
ORD100026,CUST5026,Charita Thaker,Male,55,ghoshikshita@example.net,9383789304,HP Pavilion,HP,Laptop,5,65999,15,18,280495.75,257396.1,23099.65,2025-03-18,Visakhapatnam,Gujarat
ORD100027,CUST5027,Darika Gill,Male,36,nachiketsankar@example.net,9283700882,HP Pavilion,HP,Laptop,5,65999,0,18,329995.0,257396.1,72598.9,2023-03-13,Katni,Haryana
ORD100028,CUST5028,Logan Parekh,Male,21,boralipika@example.org,9575696090,iPhone 15,Apple,Electronics,5,79999,5,18,379995.25,311996.1,67999.15,2025-05-20,Udupi,Manipur
ORD100029,CUST5029,Wahab Seth,Female,45,yashodharasani@example.org,9422414336,HP Pavilion,HP,Laptop,1,65999,10,18,59399.1,51479.22,7919.88,2024-01-13,Jammu,Tripura
ORD100030,CUST5030,Logan Dixit,Female,57,chakradhar56@example.org,9527138542,HP Pavilion,HP,Laptop,4,65999,15,18,224396.6,205916.88,18479.72,2024-07-28,Malda,Meghalaya
ORD100031,CUST5031,Wazir Parikh,Female,34,kibemax@example.org,9629197640,iPhone 15,Apple,Electronics,2,79999,10,18,143998.2,124798.44,19199.76,2024-09-08,Bhilai,Odisha
ORD100032,CUST5032,Rachit Sandhu,Male,47,leena25@example.com,9181978477,HP Pavilion,HP,Laptop,5,65999,5,18,313495.25,257396.1,56099.15,2023-05-09,Bulandshahr,Meghalaya
ORD100033,CUST5033,Brinda Salvi,Male,24,kapoorbaghyawati@example.com,9814198522,iPhone 15,Apple,Electronics,2,79999,5,18,151998.1,124798.44,27199.66,2023-04-02,Karimnagar,Mizoram
ORD100034,CUST5034,Anya Nagy,Female,54,fbuch@example.com,9446171486,HP Pavilion,HP,Laptop,1,65999,15,18,56099.15,51479.22,4619.93,2023-02-01,Kottayam,Mizoram
ORD100035,CUST5035,Omaja Oommen,Male,22,raaginighose@example.com,9675440978,Galaxy S24,Samsung,Electronics,1,74999,0,18,74999.0,58499.22,16499.78,2024-10-12,Nagpur,West Bengal
ORD100036,CUST5036,Ojasvi Deol,Female,30,mjani@example.com,9574385430,Dell Inspiron,Dell,Laptop,4,58999,0,18,235996.0,184076.88,51919.12,2023-05-04,Guntur,Goa
ORD100037,CUST5037,Anya Zachariah,Male,43,diya84@example.net,9268522032,Galaxy S24,Samsung,Electronics,5,74999,0,18,374995.0,292496.1,82498.9,2024-06-23,Allahabad,Gujarat
ORD100038,CUST5038,Theodore Sura,Female,44,rachana62@example.net,9847333357,Galaxy S24,Samsung,Electronics,4,74999,15,18,254996.6,233996.88,20999.72,2025-03-08,Adoni,Meghalaya
ORD100039,CUST5039,Yashodhara Choudhry,Male,42,pandyaimaran@example.com,9363118891,iPhone 15,Apple,Electronics,2,79999,0,18,159998.0,124798.44,35199.56,2024-11-02,Kanpur,Tamil Nadu
ORD100040,CUST5040,Tanmayi Chaudry,Female,54,kchawla@example.com,9961583549,HP Pavilion,HP,Laptop,5,65999,15,18,280495.75,257396.1,23099.65,2023-01-18,Kharagpur,Maharashtra
ORD100041,CUST5041,Oni Kata,Female,55,mukherjeejanya@example.org,9385704549,iPhone 15,Apple,Electronics,4,79999,15,18,271996.6,249596.88,22399.72,2023-02-03,Nagaon,Bihar
ORD100042,CUST5042,Hiral Dara,Female,49,mtak@example.org,9802898626,iPhone 15,Apple,Electronics,3,79999,10,18,215997.3,187197.66,28799.64,2023-03-17,Lucknow,Punjab
ORD100043,CUST5043,Chavvi Dayal,Male,19,chavvisrinivas@example.org,9229261388,Galaxy S24,Samsung,Electronics,2,74999,5,18,142498.1,116998.44,25499.66,2023-07-25,Rourkela,West Bengal
ORD100044,CUST5044,Darpan Chandra,Female,56,atharv02@example.com,9635083166,HP Pavilion,HP,Laptop,3,65999,0,18,197997.0,154437.66,43559.34,2024-05-12,Kochi,Meghalaya
ORD100045,CUST5045,Ladli Kothari,Male,27,ojas76@example.com,9243289477,Dell Inspiron,Dell,Laptop,5,58999,15,18,250745.75,230096.1,20649.65,2023-12-24,Karimnagar,Tripura
ORD100046,CUST5046,Nitara Grewal,Male,27,idikakrishnamurthy@example.com,9459313935,Dell Inspiron,Dell,Laptop,3,58999,10,18,159297.3,138057.66,21239.64,2023-02-04,Pondicherry,Himachal Pradesh
ORD100047,CUST5047,Yatin Gour,Male,53,vasapraneel@example.net,9970236234,Galaxy S24,Samsung,Electronics,5,74999,15,18,318745.75,292496.1,26249.65,2025-05-18,Madanapalle,Mizoram
ORD100048,CUST5048,Kavya Mukherjee,Female,38,katasuhani@example.com,9142063661,iPhone 15,Apple,Electronics,5,79999,0,18,399995.0,311996.1,87998.9,2024-08-26,Rohtak,Madhya Pradesh
ORD100049,CUST5049,Rajeshri Sarin,Male,41,girindra96@example.org,9357367644,iPhone 15,Apple,Electronics,3,79999,0,18,239997.0,187197.66,52799.34,2025-02-19,Panihati,Maharashtra
ORD100050,CUST5050,Upadhriti Chhabra,Male,37,devansh58@example.net,9901547823,Galaxy S24,Samsung,Electronics,2,74999,10,18,134998.2,116998.44,17999.76,2023-03-16,Bettiah,Mizoram
ORD100051,CUST5051,Ubika Mishra,Female,39,anita29@example.org,9869936181,HP Pavilion,HP,Laptop,4,65999,15,18,224396.6,205916.88,18479.72,2023-08-29,Faridabad,Rajasthan
ORD100052,CUST5052,Adya Edwin,Male,38,balijagdish@example.net,9115596515,Galaxy S24,Samsung,Electronics,4,74999,15,18,254996.6,233996.88,20999.72,2023-03-20,Kolkata,Chhattisgarh
ORD100053,CUST5053,Henry Mitter,Male,36,jkara@example.org,9925810049,Galaxy S24,Samsung,Electronics,3,74999,0,18,224997.0,175497.66,49499.34,2024-10-30,Medininagar,Manipur
ORD100054,CUST5054,Eta Pillay,Female,40,pshan@example.net,9947863438,Dell Inspiron,Dell,Laptop,1,58999,10,18,53099.1,46019.22,7079.88,2023-07-12,Firozabad,Andhra Pradesh
ORD100055,CUST5055,Tara Patel,Male,20,xbedi@example.com,9739638395,HP Pavilion,HP,Laptop,1,65999,5,18,62699.05,51479.22,11219.83,2023-02-25,Nagercoil,Karnataka
ORD100056,CUST5056,Kashvi Naidu,Female,19,vrittiparmar@example.net,9272200071,iPhone 15,Apple,Electronics,3,79999,5,18,227997.15,187197.66,40799.49,2023-04-27,Khora ,Meghalaya
ORD100057,CUST5057,Vihaan Yadav,Male,52,qsandal@example.org,9998719734,HP Pavilion,HP,Laptop,2,65999,15,18,112198.3,102958.44,9239.86,2023-01-19,Ambattur,Tamil Nadu
ORD100058,CUST5058,Isha Sahni,Female,29,alexander76@example.org,9473545887,Dell Inspiron,Dell,Laptop,5,58999,15,18,250745.75,230096.1,20649.65,2025-05-04,Thoothukudi,Sikkim
ORD100059,CUST5059,Laban Pingle,Female,48,triveni43@example.net,9720585262,HP Pavilion,HP,Laptop,4,65999,0,18,263996.0,205916.88,58079.12,2023-12-29,Sonipat,Tamil Nadu
ORD100060,CUST5060,Krish Cheema,Female,53,manthanpradhan@example.org,9782875483,Dell Inspiron,Dell,Laptop,3,58999,0,18,176997.0,138057.66,38939.34,2024-11-07,Kumbakonam,Punjab
ORD100061,CUST5061,Anirudh Natt,Male,35,triya85@example.org,9856067998,iPhone 15,Apple,Electronics,4,79999,10,18,287996.4,249596.88,38399.52,2025-01-02,Guntur,Bihar
ORD100062,CUST5062,Ati Mangal,Female,31,aarnalata@example.com,9505555058,Galaxy S24,Samsung,Electronics,2,74999,0,18,149998.0,116998.44,32999.56,2024-02-23,Chapra,Himachal Pradesh
ORD100063,CUST5063,Zayyan Naidu,Male,48,pranit20@example.net,9216015186,Dell Inspiron,Dell,Laptop,2,58999,0,18,117998.0,92038.44,25959.56,2023-05-07,Chapra,West Bengal
ORD100064,CUST5064,Chanakya Deshmukh,Female,49,murtykritika@example.com,9143315166,Galaxy S24,Samsung,Electronics,3,74999,0,18,224997.0,175497.66,49499.34,2024-05-23,Hazaribagh,Rajasthan
ORD100065,CUST5065,Oscar Bedi,Female,31,baraljanya@example.net,9760208413,Dell Inspiron,Dell,Laptop,4,58999,15,18,200596.6,184076.88,16519.72,2023-09-01,Jhansi,Madhya Pradesh
ORD100066,CUST5066,Onveer Choudhary,Male,41,ynath@example.net,9269875040,Galaxy S24,Samsung,Electronics,2,74999,10,18,134998.2,116998.44,17999.76,2023-03-17,Howrah,Tripura
ORD100067,CUST5067,Edhitha Luthra,Female,40,hredhaan47@example.com,9654413109,HP Pavilion,HP,Laptop,5,65999,10,18,296995.5,257396.1,39599.4,2024-12-01,Parbhani,Mizoram
ORD100068,CUST5068,Vincent Sur,Female,39,narulalogan@example.net,9146938133,iPhone 15,Apple,Electronics,2,79999,15,18,135998.3,124798.44,11199.86,2024-02-02,Bhagalpur,Arunachal Pradesh
ORD100069,CUST5069,Charles Chadha,Male,49,tara24@example.org,9895928377,Dell Inspiron,Dell,Laptop,1,58999,0,18,58999.0,46019.22,12979.78,2025-03-03,Bhimavaram,Tripura
ORD100070,CUST5070,Charita Magar,Male,18,sathvik64@example.com,9838672214,HP Pavilion,HP,Laptop,2,65999,0,18,131998.0,102958.44,29039.56,2024-09-13,Shimoga,Tripura
ORD100071,CUST5071,Veda Sant,Female,23,anthonyprabhu@example.com,9958592915,HP Pavilion,HP,Laptop,4,65999,10,18,237596.4,205916.88,31679.52,2025-02-04,Malda,Manipur
ORD100072,CUST5072,Anya Banik,Female,30,lsule@example.net,9791310080,Dell Inspiron,Dell,Laptop,3,58999,0,18,176997.0,138057.66,38939.34,2023-01-23,Chapra,Andhra Pradesh
ORD100073,CUST5073,Darpan Kaul,Female,54,amanne@example.net,9964494366,Galaxy S24,Samsung,Electronics,4,74999,10,18,269996.4,233996.88,35999.52,2023-11-21,Aizawl,Mizoram
ORD100074,CUST5074,Viraj Lall,Male,40,bachittarkothari@example.org,9154903627,HP Pavilion,HP,Laptop,1,65999,0,18,65999.0,51479.22,14519.78,2023-02-15,Dharmavaram,West Bengal
ORD100075,CUST5075,Victor Barman,Male,54,abeernigam@example.com,9734671801,Galaxy S24,Samsung,Electronics,1,74999,15,18,63749.15,58499.22,5249.93,2023-10-16,Bongaigaon,Mizoram
ORD100076,CUST5076,Tarak Parmar,Female,43,gsehgal@example.net,9681394688,HP Pavilion,HP,Laptop,5,65999,15,18,280495.75,257396.1,23099.65,2024-12-11,Chennai,Uttarakhand
ORD100077,CUST5077,Urmi Walia,Male,49,bhattiarin@example.com,9902051688,HP Pavilion,HP,Laptop,3,65999,0,18,197997.0,154437.66,43559.34,2024-07-22,Dewas,Karnataka
ORD100078,CUST5078,Yachana Ramaswamy,Female,60,yamini91@example.org,9302724297,Galaxy S24,Samsung,Electronics,2,74999,10,18,134998.2,116998.44,17999.76,2023-04-02,Delhi,Goa
ORD100079,CUST5079,Avi Natarajan,Female,27,ladmanan@example.org,9864932982,HP Pavilion,HP,Laptop,5,65999,5,18,313495.25,257396.1,56099.15,2023-03-03,Nagpur,Sikkim
ORD100080,CUST5080,Anya Radhakrishnan,Male,28,balananirudh@example.net,9830387280,iPhone 15,Apple,Electronics,4,79999,10,18,287996.4,249596.88,38399.52,2025-01-30,Bhimavaram,Uttarakhand
ORD100081,CUST5081,Rushil Patla,Male,45,david96@example.org,9458538727,HP Pavilion,HP,Laptop,3,65999,5,18,188097.15,154437.66,33659.49,2024-05-04,Srikakulam,Sikkim
ORD100082,CUST5082,Ishanvi Pai,Female,19,munifiyaz@example.com,9481211033,Dell Inspiron,Dell,Laptop,1,58999,10,18,53099.1,46019.22,7079.88,2024-12-13,Patna,Chhattisgarh
ORD100083,CUST5083,Yasti Nadig,Female,22,pallatarak@example.net,9831928333,iPhone 15,Apple,Electronics,1,79999,10,18,71999.1,62399.22,9599.88,2025-06-01,Warangal,Andhra Pradesh
ORD100084,CUST5084,Ansh Handa,Male,60,doctorsaanvi@example.com,9945792448,Dell Inspiron,Dell,Laptop,3,58999,5,18,168147.15,138057.66,30089.49,2023-04-27,Jaunpur,Odisha
ORD100085,CUST5085,Yashodhara Bail,Male,53,pranit30@example.com,9708558537,Galaxy S24,Samsung,Electronics,1,74999,10,18,67499.1,58499.22,8999.88,2025-05-21,Akola,Andhra Pradesh
ORD100086,CUST5086,Pushti Setty,Male,40,kamala66@example.net,9809921701,Dell Inspiron,Dell,Laptop,3,58999,15,18,150447.45,138057.66,12389.79,2025-02-10,Ludhiana,Tamil Nadu
ORD100087,CUST5087,Manthan Barad,Female,55,fiyaz29@example.net,9106312171,HP Pavilion,HP,Laptop,3,65999,0,18,197997.0,154437.66,43559.34,2023-08-09,Hajipur,Karnataka
ORD100088,CUST5088,Yuvraj Sehgal,Male,34,hardik27@example.net,9112278266,Galaxy S24,Samsung,Electronics,1,74999,15,18,63749.15,58499.22,5249.93,2025-04-26,Mango,Haryana
ORD100089,CUST5089,Simon Parmar,Female,25,rkumar@example.com,9332430951,iPhone 15,Apple,Electronics,3,79999,5,18,227997.15,187197.66,40799.49,2024-01-17,Amravati,Odisha
ORD100090,CUST5090,Janaki Bajwa,Male,32,bbedi@example.com,9926055056,Dell Inspiron,Dell,Laptop,5,58999,15,18,250745.75,230096.1,20649.65,2023-04-02,Sri Ganganagar,Haryana
ORD100091,CUST5091,Daksha Ben,Male,18,mitali27@example.org,9946096582,Dell Inspiron,Dell,Laptop,2,58999,15,18,100298.3,92038.44,8259.86,2025-05-16,Gurgaon,Sikkim
ORD100092,CUST5092,Xavier Peri,Female,33,kpathak@example.org,9113404150,iPhone 15,Apple,Electronics,2,79999,15,18,135998.3,124798.44,11199.86,2024-02-18,Vasai-Virar,Goa
ORD100093,CUST5093,Vyanjana D’Alia,Female,43,varughesekrishna@example.net,9627894247,HP Pavilion,HP,Laptop,4,65999,5,18,250796.2,205916.88,44879.32,2025-01-18,Kolhapur,Odisha
ORD100094,CUST5094,Madhav Aurora,Female,59,dharmitali@example.net,9594213873,Dell Inspiron,Dell,Laptop,3,58999,10,18,159297.3,138057.66,21239.64,2023-04-24,Ulhasnagar,Himachal Pradesh
ORD100095,CUST5095,Yatan Chand,Female,41,pallavilad@example.com,9342858726,HP Pavilion,HP,Laptop,3,65999,5,18,188097.15,154437.66,33659.49,2023-09-10,Pondicherry,Sikkim
ORD100096,CUST5096,Abdul Sethi,Female,34,nitesh83@example.com,9537709088,Galaxy S24,Samsung,Electronics,3,74999,0,18,224997.0,175497.66,49499.34,2023-06-10,Tirunelveli,Odisha
ORD100097,CUST5097,Neel Ahluwalia,Male,27,ekaraj44@example.com,9882168773,HP Pavilion,HP,Laptop,4,65999,5,18,250796.2,205916.88,44879.32,2024-01-19,Morbi,Karnataka
ORD100098,CUST5098,Jeet Gola,Male,19,fsarma@example.org,9209982633,iPhone 15,Apple,Electronics,5,79999,5,18,379995.25,311996.1,67999.15,2024-02-07,Thrissur,Maharashtra
ORD100099,CUST5099,Qasim Mukherjee,Male,49,faras45@example.com,9775071253,Galaxy S24,Samsung,Electronics,2,74999,10,18,134998.2,116998.44,17999.76,2023-10-31,Sonipat,Arunachal Pradesh
ORD100100,CUST5100,Tripti Chandran,Female,51,eta41@example.com,9409672394,HP Pavilion,HP,Laptop,3,65999,15,18,168297.45,154437.66,13859.79,2025-01-15,Morena,Telangana
ORD100101,CUST5101,Ishani Ramachandran,Male,50,joshua32@example.net,9702726277,iPhone 15,Apple,Electronics,3,79999,0,18,239997.0,187197.66,52799.34,2023-04-02,Khammam,Manipur
ORD100102,CUST5102,Yamini Nanda,Female,47,jacobchauhan@example.com,9561176378,Galaxy S24,Samsung,Electronics,5,74999,15,18,318745.75,292496.1,26249.65,2024-07-17,Amritsar,Andhra Pradesh
ORD100103,CUST5103,Wahab Agrawal,Female,40,pranavrajagopal@example.com,9213586419,Galaxy S24,Samsung,Electronics,1,74999,0,18,74999.0,58499.22,16499.78,2023-05-26,Amritsar,Madhya Pradesh
ORD100104,CUST5104,Naksh Buch,Male,32,tdeol@example.org,9338639084,iPhone 15,Apple,Electronics,5,79999,15,18,339995.75,311996.1,27999.65,2023-08-07,Saharsa,Uttar Pradesh
ORD100105,CUST5105,Alexander Khosla,Female,20,dugarupma@example.com,9303927510,Galaxy S24,Samsung,Electronics,3,74999,10,18,202497.3,175497.66,26999.64,2025-03-03,Bhopal,Kerala
ORD100106,CUST5106,Neha Lall,Female,56,doctoragastya@example.com,9349348562,HP Pavilion,HP,Laptop,5,65999,0,18,329995.0,257396.1,72598.9,2024-12-22,Akola,Arunachal Pradesh
ORD100107,CUST5107,Krishna Puri,Male,47,chanamitesh@example.net,9348710949,iPhone 15,Apple,Electronics,5,79999,10,18,359995.5,311996.1,47999.4,2023-09-08,Tadepalligudem,Assam
ORD100108,CUST5108,Nimrat Goda,Female,56,sastryatharv@example.org,9230002347,iPhone 15,Apple,Electronics,4,79999,5,18,303996.2,249596.88,54399.32,2024-02-05,Bidar,Mizoram
ORD100109,CUST5109,Ubika Parmar,Male,26,rlad@example.com,9181639950,HP Pavilion,HP,Laptop,1,65999,10,18,59399.1,51479.22,7919.88,2024-05-29,Chapra,Nagaland
ORD100110,CUST5110,Raagini Srinivas,Male,46,lopasaraf@example.org,9186196108,Galaxy S24,Samsung,Electronics,1,74999,0,18,74999.0,58499.22,16499.78,2024-08-03,Tenali,Uttar Pradesh
ORD100111,CUST5111,Faraj Merchant,Male,54,dattawarhi@example.com,9919009372,HP Pavilion,HP,Laptop,4,65999,5,18,250796.2,205916.88,44879.32,2024-09-14,Morena,Sikkim
ORD100112,CUST5112,Hredhaan Chaudry,Male,23,dinamara@example.com,9382116959,iPhone 15,Apple,Electronics,3,79999,5,18,227997.15,187197.66,40799.49,2023-07-01,Bulandshahr,Uttar Pradesh
ORD100113,CUST5113,Wakeeta Varty,Male,29,shahmohammed@example.net,9290951018,iPhone 15,Apple,Electronics,1,79999,10,18,71999.1,62399.22,9599.88,2023-11-26,Madurai,Assam
ORD100114,CUST5114,Mohini Mand,Female,42,megha24@example.com,9755446668,HP Pavilion,HP,Laptop,1,65999,5,18,62699.05,51479.22,11219.83,2024-09-15,Ludhiana,Goa
ORD100115,CUST5115,Prisha Lala,Male,23,hsrivastava@example.com,9566519451,iPhone 15,Apple,Electronics,1,79999,10,18,71999.1,62399.22,9599.88,2023-07-25,Surendranagar Dudhrej,Kerala
ORD100116,CUST5116,Andrew Bir,Female,25,nigambrijesh@example.com,9401172470,iPhone 15,Apple,Electronics,2,79999,15,18,135998.3,124798.44,11199.86,2023-06-01,Begusarai,Tripura
ORD100117,CUST5117,Tristan Sanghvi,Female,37,gaurav18@example.com,9641766094,HP Pavilion,HP,Laptop,3,65999,15,18,168297.45,154437.66,13859.79,2024-02-18,North Dumdum,Tamil Nadu
ORD100118,CUST5118,Laban Acharya,Female,45,vidhi29@example.com,9765868699,iPhone 15,Apple,Electronics,1,79999,10,18,71999.1,62399.22,9599.88,2024-02-08,Buxar,Manipur
ORD100119,CUST5119,Dalbir Rege,Male,35,zansi61@example.net,9521990427,HP Pavilion,HP,Laptop,4,65999,0,18,263996.0,205916.88,58079.12,2023-10-03,Sagar,Odisha
ORD100120,CUST5120,Ria Vala,Male,29,edass@example.net,9202566254,Galaxy S24,Samsung,Electronics,5,74999,0,18,374995.0,292496.1,82498.9,2023-09-03,Patiala,Telangana
ORD100121,CUST5121,Veer Ray,Male,19,vasanaveen@example.net,9169443242,iPhone 15,Apple,Electronics,3,79999,0,18,239997.0,187197.66,52799.34,2023-05-01,Latur,Odisha
ORD100122,CUST5122,Warjas Memon,Male,56,bhatekiya@example.org,9618072912,HP Pavilion,HP,Laptop,3,65999,15,18,168297.45,154437.66,13859.79,2024-09-09,Chittoor,Tamil Nadu
ORD100123,CUST5123,Pallavi Sekhon,Female,58,matthewanand@example.com,9861141072,iPhone 15,Apple,Electronics,4,79999,10,18,287996.4,249596.88,38399.52,2024-01-21,Ahmednagar,Gujarat
ORD100124,CUST5124,Rachita Sheth,Male,38,qsetty@example.com,9123830516,iPhone 15,Apple,Electronics,4,79999,15,18,271996.6,249596.88,22399.72,2024-06-02,Ahmednagar,Karnataka
ORD100125,CUST5125,Harshil Dada,Male,35,kdin@example.com,9915148272,Dell Inspiron,Dell,Laptop,4,58999,5,18,224196.2,184076.88,40119.32,2023-10-11,Karaikudi,Gujarat
ORD100126,CUST5126,Chakradev Bhatnagar,Male,22,harinakshi40@example.org,9972804523,Dell Inspiron,Dell,Laptop,2,58999,10,18,106198.2,92038.44,14159.76,2025-02-11,Baranagar,Chhattisgarh
ORD100127,CUST5127,Pushti Sen,Female,31,tanveer79@example.net,9470400017,HP Pavilion,HP,Laptop,2,65999,10,18,118798.2,102958.44,15839.76,2025-06-02,Indore,Uttarakhand
ORD100128,CUST5128,Azaan Bedi,Female,48,chaitaly55@example.com,9814533555,iPhone 15,Apple,Electronics,2,79999,10,18,143998.2,124798.44,19199.76,2024-08-30,Kishanganj,Uttar Pradesh
ORD100129,CUST5129,Veda Narayanan,Female,60,ekani18@example.com,9806895035,Galaxy S24,Samsung,Electronics,4,74999,0,18,299996.0,233996.88,65999.12,2024-08-03,Srinagar,Jharkhand
ORD100130,CUST5130,Vinaya Kurian,Male,52,maanav43@example.net,9250886298,Galaxy S24,Samsung,Electronics,5,74999,15,18,318745.75,292496.1,26249.65,2023-07-06,Ambarnath,Karnataka
ORD100131,CUST5131,Jonathan Ben,Male,29,gautam28@example.com,9445159733,Galaxy S24,Samsung,Electronics,1,74999,10,18,67499.1,58499.22,8999.88,2023-10-16,Danapur,Arunachal Pradesh
ORD100132,CUST5132,Riya Brar,Male,34,charitamore@example.com,9107824309,Galaxy S24,Samsung,Electronics,3,74999,10,18,202497.3,175497.66,26999.64,2025-02-03,Anantapur,Haryana
ORD100133,CUST5133,Noah Ghose,Female,43,siyapatel@example.net,9289031444,HP Pavilion,HP,Laptop,1,65999,15,18,56099.15,51479.22,4619.93,2023-11-24,Sambalpur,Tamil Nadu
ORD100134,CUST5134,Unnati Sha,Female,36,gswaminathan@example.com,9788209979,Dell Inspiron,Dell,Laptop,4,58999,10,18,212396.4,184076.88,28319.52,2025-03-15,Saharsa,Andhra Pradesh
ORD100135,CUST5135,Dominic Joshi,Female,42,borahmahika@example.org,9312631946,Galaxy S24,Samsung,Electronics,4,74999,15,18,254996.6,233996.88,20999.72,2024-08-27,Mira-Bhayandar,Himachal Pradesh
ORD100136,CUST5136,Christopher Gokhale,Female,26,ryan31@example.com,9868773287,Dell Inspiron,Dell,Laptop,5,58999,0,18,294995.0,230096.1,64898.9,2024-08-17,Phusro,Gujarat
ORD100137,CUST5137,Forum Kannan,Male,23,gsamra@example.com,9451772336,iPhone 15,Apple,Electronics,2,79999,15,18,135998.3,124798.44,11199.86,2024-09-01,Pune,Sikkim
ORD100138,CUST5138,Ekansh Halder,Male,25,sridharishanvi@example.com,9968549262,HP Pavilion,HP,Laptop,4,65999,5,18,250796.2,205916.88,44879.32,2024-01-07,Medininagar,Uttarakhand
ORD100139,CUST5139,Eesha Reddy,Male,24,bhatayushman@example.org,9884822087,HP Pavilion,HP,Laptop,4,65999,5,18,250796.2,205916.88,44879.32,2024-01-04,Satna,Mizoram
ORD100140,CUST5140,Abha Dugal,Female,23,aayushvarkey@example.net,9572315218,Dell Inspiron,Dell,Laptop,2,58999,0,18,117998.0,92038.44,25959.56,2024-11-08,Pune,Jharkhand
ORD100141,CUST5141,Urvi Keer,Male,41,choudhryaradhana@example.com,9328992026,HP Pavilion,HP,Laptop,5,65999,15,18,280495.75,257396.1,23099.65,2024-01-21,Ajmer,Gujarat
ORD100142,CUST5142,Kamala Ramachandran,Female,24,chaayagaba@example.net,9623676079,Galaxy S24,Samsung,Electronics,3,74999,15,18,191247.45,175497.66,15749.79,2024-08-22,Bhavnagar,Chhattisgarh
ORD100143,CUST5143,Eshana Padmanabhan,Male,41,contractorayushman@example.net,9865576883,Galaxy S24,Samsung,Electronics,4,74999,10,18,269996.4,233996.88,35999.52,2024-04-21,Madhyamgram,Jharkhand
ORD100144,CUST5144,Avi Nagar,Female,27,jatinseth@example.com,9928329736,HP Pavilion,HP,Laptop,4,65999,5,18,250796.2,205916.88,44879.32,2024-05-26,Jamalpur,Mizoram
ORD100145,CUST5145,Aachal Goel,Female,21,kaulrohan@example.net,9525588462,Galaxy S24,Samsung,Electronics,4,74999,15,18,254996.6,233996.88,20999.72,2025-06-10,Jaunpur,Telangana
ORD100146,CUST5146,Shivani Sibal,Male,55,hlala@example.org,9349855717,HP Pavilion,HP,Laptop,5,65999,5,18,313495.25,257396.1,56099.15,2024-02-04,Nadiad,Goa
ORD100147,CUST5147,Ekaja Chandra,Male,38,daksheshdhar@example.com,9148997360,HP Pavilion,HP,Laptop,2,65999,0,18,131998.0,102958.44,29039.56,2024-03-04,Naihati,Jharkhand
ORD100148,CUST5148,Advay Buch,Female,43,vivaan85@example.com,9654410582,iPhone 15,Apple,Electronics,5,79999,5,18,379995.25,311996.1,67999.15,2025-01-04,Chittoor,Maharashtra
ORD100149,CUST5149,Matthew Manne,Female,29,mdani@example.net,9950999406,HP Pavilion,HP,Laptop,3,65999,15,18,168297.45,154437.66,13859.79,2023-02-21,Tiruppur,Arunachal Pradesh
ORD100150,CUST5150,Chatura Wadhwa,Female,36,cgoswami@example.org,9150952510,iPhone 15,Apple,Electronics,2,79999,5,18,151998.1,124798.44,27199.66,2024-03-06,Satara,Uttarakhand
ORD100151,CUST5151,Varsha Dasgupta,Female,59,bimala73@example.net,9166549266,Dell Inspiron,Dell,Laptop,2,58999,0,18,117998.0,92038.44,25959.56,2024-03-26,North Dumdum,Uttarakhand
ORD100152,CUST5152,Priya Contractor,Female,32,vanyagole@example.com,9932176717,HP Pavilion,HP,Laptop,1,65999,0,18,65999.0,51479.22,14519.78,2023-02-22,Tinsukia,Karnataka
ORD100153,CUST5153,Oliver Dhawan,Male,57,meghanamunshi@example.net,9170490200,Dell Inspiron,Dell,Laptop,2,58999,5,18,112098.1,92038.44,20059.66,2025-05-13,Dindigul,Punjab
ORD100154,CUST5154,Kashvi Raghavan,Male,60,vedasarma@example.com,9500317129,Galaxy S24,Samsung,Electronics,5,74999,5,18,356245.25,292496.1,63749.15,2023-02-26,Bhavnagar,Maharashtra
ORD100155,CUST5155,Sarthak Kala,Male,53,sgrewal@example.com,9625551930,iPhone 15,Apple,Electronics,2,79999,10,18,143998.2,124798.44,19199.76,2023-08-06,Gopalpur,Arunachal Pradesh
ORD100156,CUST5156,Deepa Palla,Male,29,bshukla@example.org,9931696794,HP Pavilion,HP,Laptop,3,65999,5,18,188097.15,154437.66,33659.49,2024-07-31,Ahmednagar,Kerala
ORD100157,CUST5157,Kevin Vora,Female,58,devansh87@example.org,9733246549,iPhone 15,Apple,Electronics,4,79999,5,18,303996.2,249596.88,54399.32,2023-11-06,Kumbakonam,Uttar Pradesh
ORD100158,CUST5158,Tanveer Sarkar,Male,57,lohit41@example.net,9589399686,HP Pavilion,HP,Laptop,3,65999,10,18,178197.3,154437.66,23759.64,2023-06-27,Thiruvananthapuram,Kerala
ORD100159,CUST5159,Daksha Kaul,Male,23,urvi85@example.net,9484592291,Dell Inspiron,Dell,Laptop,2,58999,10,18,106198.2,92038.44,14159.76,2023-12-10,Allahabad,Chhattisgarh
ORD100160,CUST5160,George Batra,Female,60,onikata@example.com,9687575742,Galaxy S24,Samsung,Electronics,3,74999,15,18,191247.45,175497.66,15749.79,2023-06-01,Jalna,Kerala
ORD100161,CUST5161,Veda Sane,Female,51,yutikamadan@example.net,9715413109,HP Pavilion,HP,Laptop,5,65999,10,18,296995.5,257396.1,39599.4,2023-04-14,Gwalior,Punjab
ORD100162,CUST5162,Jagrati Nair,Female,56,comarchristopher@example.net,9649124983,Dell Inspiron,Dell,Laptop,5,58999,5,18,280245.25,230096.1,50149.15,2023-01-15,Uluberia,Maharashtra
ORD100163,CUST5163,Girik Doctor,Male,39,darsh64@example.net,9477874699,HP Pavilion,HP,Laptop,3,65999,5,18,188097.15,154437.66,33659.49,2023-05-11,Aligarh,Uttarakhand
ORD100164,CUST5164,Advay Dube,Female,57,ekalinga14@example.net,9286059109,Dell Inspiron,Dell,Laptop,2,58999,5,18,112098.1,92038.44,20059.66,2024-06-12,South Dumdum,Uttarakhand
ORD100165,CUST5165,Tanvi Sule,Male,32,shravya34@example.net,9904898714,HP Pavilion,HP,Laptop,3,65999,0,18,197997.0,154437.66,43559.34,2023-06-23,Ballia,Telangana
ORD100166,CUST5166,Triya Basu,Female,46,bishakhadora@example.org,9916126990,HP Pavilion,HP,Laptop,1,65999,10,18,59399.1,51479.22,7919.88,2024-08-27,Madhyamgram,Andhra Pradesh
ORD100167,CUST5167,Jeet Raju,Male,23,virktanish@example.com,9866373148,iPhone 15,Apple,Electronics,2,79999,10,18,143998.2,124798.44,19199.76,2023-12-07,Guwahati,Gujarat
ORD100168,CUST5168,Vyanjana Soni,Female,44,qabil53@example.org,9182728110,Galaxy S24,Samsung,Electronics,2,74999,10,18,134998.2,116998.44,17999.76,2024-01-13,Katihar,Karnataka
ORD100169,CUST5169,Darpan Kothari,Male,20,ykari@example.com,9966483944,iPhone 15,Apple,Electronics,4,79999,15,18,271996.6,249596.88,22399.72,2024-03-21,Berhampur,Nagaland
ORD100170,CUST5170,Sathvik Nagar,Female,27,lakshsibal@example.net,9727892404,Dell Inspiron,Dell,Laptop,4,58999,15,18,200596.6,184076.88,16519.72,2025-01-26,Kolkata,West Bengal
ORD100171,CUST5171,Jhalak Sundaram,Female,55,aroragarima@example.com,9152631124,Galaxy S24,Samsung,Electronics,4,74999,5,18,284996.2,233996.88,50999.32,2023-06-13,Etawah,Odisha
ORD100172,CUST5172,Eshana Mander,Male,31,aadibrar@example.net,9784387733,HP Pavilion,HP,Laptop,3,65999,10,18,178197.3,154437.66,23759.64,2023-12-31,Begusarai,Manipur
ORD100173,CUST5173,Harrison Shetty,Male,19,fitan86@example.net,9551874293,Dell Inspiron,Dell,Laptop,3,58999,15,18,150447.45,138057.66,12389.79,2023-07-16,Nadiad,Andhra Pradesh
ORD100174,CUST5174,Manan Ramakrishnan,Male,39,echana@example.com,9505126364,Galaxy S24,Samsung,Electronics,2,74999,15,18,127498.3,116998.44,10499.86,2025-04-30,Burhanpur,Mizoram
ORD100175,CUST5175,Chanchal Balasubramanian,Male,29,george69@example.com,9511440650,Galaxy S24,Samsung,Electronics,1,74999,15,18,63749.15,58499.22,5249.93,2024-09-18,Mysore,Kerala
ORD100176,CUST5176,Janaki Savant,Male,48,paninipuri@example.org,9560798216,Dell Inspiron,Dell,Laptop,1,58999,5,18,56049.05,46019.22,10029.83,2023-11-25,Madanapalle,Nagaland
ORD100177,CUST5177,Mohini Patel,Female,32,pandeychandresh@example.org,9250974279,HP Pavilion,HP,Laptop,1,65999,5,18,62699.05,51479.22,11219.83,2024-07-20,Durg,Telangana
ORD100178,CUST5178,Pavani Purohit,Female,21,sakshamagrawal@example.net,9214218298,Galaxy S24,Samsung,Electronics,3,74999,0,18,224997.0,175497.66,49499.34,2023-09-15,Hospet,Madhya Pradesh
ORD100179,CUST5179,Maanav Wason,Female,32,tanvishah@example.net,9227732681,iPhone 15,Apple,Electronics,5,79999,0,18,399995.0,311996.1,87998.9,2023-04-12,Dewas,Mizoram
ORD100180,CUST5180,Gaurang Dyal,Male,43,chakradevnatt@example.com,9753487429,Galaxy S24,Samsung,Electronics,3,74999,15,18,191247.45,175497.66,15749.79,2023-03-19,Panipat,Meghalaya
ORD100181,CUST5181,Aradhana Arya,Female,24,vdas@example.net,9612486373,iPhone 15,Apple,Electronics,2,79999,10,18,143998.2,124798.44,19199.76,2023-12-12,Raipur,Chhattisgarh
ORD100182,CUST5182,Imaran Walla,Female,31,jagatmemon@example.com,9893365474,Galaxy S24,Samsung,Electronics,4,74999,15,18,254996.6,233996.88,20999.72,2024-06-27,Hindupur,Meghalaya
ORD100183,CUST5183,Nicholas Andra,Male,60,duttachaitaly@example.com,9589198949,Galaxy S24,Samsung,Electronics,1,74999,10,18,67499.1,58499.22,8999.88,2025-01-25,Howrah,Goa
ORD100184,CUST5184,Avni Pai,Female,53,divyasinghal@example.net,9556545756,iPhone 15,Apple,Electronics,4,79999,15,18,271996.6,249596.88,22399.72,2023-04-23,Bathinda,Nagaland
ORD100185,CUST5185,Leela Chada,Female,46,vargheseekantika@example.org,9838311585,HP Pavilion,HP,Laptop,2,65999,0,18,131998.0,102958.44,29039.56,2023-01-19,Silchar,Assam
ORD100186,CUST5186,Michael Nadig,Male,19,shankerqushi@example.org,9500517332,Galaxy S24,Samsung,Electronics,2,74999,15,18,127498.3,116998.44,10499.86,2024-03-29,Tadepalligudem,Uttarakhand
ORD100187,CUST5187,Odika Kari,Female,21,yashicabhalla@example.net,9994951515,iPhone 15,Apple,Electronics,3,79999,0,18,239997.0,187197.66,52799.34,2024-06-14,Gorakhpur,Kerala
ORD100188,CUST5188,Oviya Chaudhary,Female,42,deepekapad@example.com,9217232782,Dell Inspiron,Dell,Laptop,1,58999,10,18,53099.1,46019.22,7079.88,2024-09-24,Silchar,West Bengal
ORD100189,CUST5189,Ishita Randhawa,Female,59,swaminathandev@example.org,9258959780,iPhone 15,Apple,Electronics,1,79999,15,18,67999.15,62399.22,5599.93,2025-04-22,Davanagere,Madhya Pradesh
ORD100190,CUST5190,Amrita Merchant,Female,54,naidunathaniel@example.org,9189404749,HP Pavilion,HP,Laptop,2,65999,0,18,131998.0,102958.44,29039.56,2024-02-13,Bareilly,Gujarat
ORD100191,CUST5191,Jason Parmer,Female,32,umang03@example.org,9459193868,HP Pavilion,HP,Laptop,3,65999,10,18,178197.3,154437.66,23759.64,2024-08-08,Bhusawal,Chhattisgarh
ORD100192,CUST5192,Chandresh Dube,Female,48,zilmilbhat@example.com,9963213657,Dell Inspiron,Dell,Laptop,2,58999,0,18,117998.0,92038.44,25959.56,2023-08-15,Kozhikode,Manipur
ORD100193,CUST5193,Triya Tripathi,Female,54,tatavedika@example.net,9457380604,Galaxy S24,Samsung,Electronics,1,74999,5,18,71249.05,58499.22,12749.83,2024-10-31,Coimbatore,Goa
ORD100194,CUST5194,Hamsini Karpe,Male,45,rchoudhury@example.com,9493706984,Dell Inspiron,Dell,Laptop,3,58999,10,18,159297.3,138057.66,21239.64,2023-01-28,Delhi,Sikkim
ORD100195,CUST5195,Siya Trivedi,Female,44,sdhaliwal@example.com,9712410901,HP Pavilion,HP,Laptop,1,65999,10,18,59399.1,51479.22,7919.88,2024-07-03,Chennai,West Bengal
ORD100196,CUST5196,Samaksh Bhatt,Female,36,ishita61@example.net,9803153827,Dell Inspiron,Dell,Laptop,2,58999,0,18,117998.0,92038.44,25959.56,2024-06-18,Saharanpur,Tamil Nadu
ORD100197,CUST5197,Hitesh Bains,Male,28,sdara@example.net,9846166770,Galaxy S24,Samsung,Electronics,3,74999,10,18,202497.3,175497.66,26999.64,2025-05-15,Bhopal,Haryana
ORD100198,CUST5198,Ekantika Patla,Male,56,imaranmemon@example.com,9730178148,HP Pavilion,HP,Laptop,5,65999,10,18,296995.5,257396.1,39599.4,2023-05-13,Jabalpur,Mizoram
ORD100199,CUST5199,Girik Din,Male,56,ishita64@example.net,9877533775,Galaxy S24,Samsung,Electronics,4,74999,0,18,299996.0,233996.88,65999.12,2023-11-29,Khora ,Karnataka
ORD100200,CUST5200,Faras Sharma,Female,38,bjhaveri@example.org,9967379599,iPhone 15,Apple,Electronics,5,79999,0,18,399995.0,311996.1,87998.9,2025-04-17,Dewas,Telangana
ORD100201,CUST5201,Quincy Bail,Female,27,bajwazaitra@example.net,9796081165,Dell Inspiron,Dell,Laptop,3,58999,10,18,159297.3,138057.66,21239.64,2024-06-17,Bhiwani,Kerala
ORD100202,CUST5202,Turvi Dhar,Male,21,ekaja49@example.net,9951517431,HP Pavilion,HP,Laptop,3,65999,0,18,197997.0,154437.66,43559.34,2023-10-07,Bidar,Punjab
ORD100203,CUST5203,Upma Rama,Male,42,jtandon@example.net,9666599289,HP Pavilion,HP,Laptop,3,65999,5,18,188097.15,154437.66,33659.49,2023-08-09,Aurangabad,Himachal Pradesh
ORD100204,CUST5204,Vedhika Agate,Female,27,nidhibhakta@example.org,9868425328,Galaxy S24,Samsung,Electronics,2,74999,5,18,142498.1,116998.44,25499.66,2025-02-16,Kulti,Bihar
ORD100205,CUST5205,Deepa Minhas,Female,27,advik19@example.com,9510216023,Galaxy S24,Samsung,Electronics,1,74999,5,18,71249.05,58499.22,12749.83,2025-05-13,Proddatur,Haryana
ORD100206,CUST5206,Lavanya Bhagat,Female,19,naranghiral@example.com,9824759545,Dell Inspiron,Dell,Laptop,3,58999,0,18,176997.0,138057.66,38939.34,2023-04-23,Bathinda,Karnataka
ORD100207,CUST5207,Tamanna Loke,Male,35,irajagopalan@example.org,9113786461,iPhone 15,Apple,Electronics,1,79999,0,18,79999.0,62399.22,17599.78,2024-11-29,Ballia,Meghalaya
ORD100208,CUST5208,Chanchal Dara,Male,41,advik93@example.com,9338640287,Dell Inspiron,Dell,Laptop,5,58999,10,18,265495.5,230096.1,35399.4,2023-01-24,Adoni,Jharkhand
ORD100209,CUST5209,Theodore Bava,Male,54,zsidhu@example.com,9342535668,HP Pavilion,HP,Laptop,3,65999,5,18,188097.15,154437.66,33659.49,2024-11-04,Ambarnath,Rajasthan
ORD100210,CUST5210,Ranveer Suresh,Female,55,singhmugdha@example.com,9779728014,Galaxy S24,Samsung,Electronics,5,74999,10,18,337495.5,292496.1,44999.4,2024-10-12,Shimla,Manipur
ORD100211,CUST5211,Michael Chaudhuri,Male,18,iyengarniharika@example.com,9877593946,Galaxy S24,Samsung,Electronics,4,74999,15,18,254996.6,233996.88,20999.72,2023-11-13,Amaravati,Haryana
ORD100212,CUST5212,Veer Manda,Female,57,ragrawal@example.org,9157366437,Dell Inspiron,Dell,Laptop,5,58999,10,18,265495.5,230096.1,35399.4,2024-08-15,Sagar,Andhra Pradesh
ORD100213,CUST5213,Anmol Anne,Female,36,ranveersandhu@example.com,9491578043,iPhone 15,Apple,Electronics,3,79999,0,18,239997.0,187197.66,52799.34,2023-04-17,Rajpur Sonarpur,Telangana
ORD100214,CUST5214,Daksha Chopra,Male,54,hardik11@example.com,9322044057,Galaxy S24,Samsung,Electronics,1,74999,15,18,63749.15,58499.22,5249.93,2023-02-27,Bhusawal,Gujarat
ORD100215,CUST5215,Anusha Badal,Male,33,kondaamol@example.net,9262137195,HP Pavilion,HP,Laptop,2,65999,0,18,131998.0,102958.44,29039.56,2023-09-10,Muzaffarnagar,Karnataka
ORD100216,CUST5216,Unnati Thaman,Male,23,kaurvrishti@example.org,9507693611,Galaxy S24,Samsung,Electronics,2,74999,5,18,142498.1,116998.44,25499.66,2025-03-19,Bhagalpur,Bihar
ORD100217,CUST5217,Amara Datta,Female,21,tarachaudhry@example.com,9442710730,iPhone 15,Apple,Electronics,2,79999,15,18,135998.3,124798.44,11199.86,2024-02-15,Berhampore,Punjab
ORD100218,CUST5218,Raksha Khatri,Male,31,elijah45@example.com,9131919628,iPhone 15,Apple,Electronics,2,79999,10,18,143998.2,124798.44,19199.76,2024-03-05,Dharmavaram,Chhattisgarh
ORD100219,CUST5219,Samesh Hegde,Male,52,karajagdish@example.org,9698429693,HP Pavilion,HP,Laptop,4,65999,0,18,263996.0,205916.88,58079.12,2025-05-19,Kirari Suleman Nagar,Sikkim
ORD100220,CUST5220,Ansh Guha,Male,25,obora@example.com,9344046525,Galaxy S24,Samsung,Electronics,5,74999,10,18,337495.5,292496.1,44999.4,2023-05-18,Bidhannagar,Andhra Pradesh
ORD100221,CUST5221,Chatresh Pant,Male,54,advaithkapur@example.com,9922179858,iPhone 15,Apple,Electronics,3,79999,5,18,227997.15,187197.66,40799.49,2024-05-08,Bhagalpur,Tamil Nadu
ORD100222,CUST5222,Hritik Kashyap,Male,55,golagarima@example.org,9401439319,Galaxy S24,Samsung,Electronics,3,74999,15,18,191247.45,175497.66,15749.79,2023-05-20,Parbhani,Gujarat
ORD100223,CUST5223,Anmol Divan,Male,52,vrastogi@example.net,9449888444,Galaxy S24,Samsung,Electronics,5,74999,0,18,374995.0,292496.1,82498.9,2024-05-22,Kirari Suleman Nagar,Uttar Pradesh
ORD100224,CUST5224,Vivaan Bajwa,Male,55,ybuch@example.org,9340461097,Galaxy S24,Samsung,Electronics,5,74999,15,18,318745.75,292496.1,26249.65,2025-03-10,Moradabad,Chhattisgarh
ORD100225,CUST5225,Fariq Sen,Male,40,yashvi80@example.com,9323456552,HP Pavilion,HP,Laptop,3,65999,0,18,197997.0,154437.66,43559.34,2024-08-29,Nashik,Gujarat
ORD100226,CUST5226,Wyatt Chowdhury,Male,53,unnati82@example.com,9749303274,iPhone 15,Apple,Electronics,2,79999,15,18,135998.3,124798.44,11199.86,2024-09-13,Kozhikode,Telangana
ORD100227,CUST5227,Ubika Kibe,Male,27,rgrover@example.net,9206132089,Galaxy S24,Samsung,Electronics,5,74999,0,18,374995.0,292496.1,82498.9,2023-02-09,Farrukhabad,Goa
ORD100228,CUST5228,Sara Sachdev,Female,22,emohan@example.org,9777727811,iPhone 15,Apple,Electronics,5,79999,0,18,399995.0,311996.1,87998.9,2024-02-28,Bhatpara,Uttar Pradesh
ORD100229,CUST5229,Ekiya Pai,Female,26,sakshamvarkey@example.org,9514801217,Dell Inspiron,Dell,Laptop,3,58999,15,18,150447.45,138057.66,12389.79,2024-05-08,Madhyamgram,Sikkim
ORD100230,CUST5230,Odika Tella,Female,24,vedant03@example.com,9764049039,HP Pavilion,HP,Laptop,4,65999,0,18,263996.0,205916.88,58079.12,2023-12-08,Rohtak,Tripura
ORD100231,CUST5231,Yashica Kota,Male,36,khatricharita@example.net,9384501769,Galaxy S24,Samsung,Electronics,5,74999,0,18,374995.0,292496.1,82498.9,2024-09-10,Khora ,Rajasthan
ORD100232,CUST5232,Xalak Ratta,Female,48,qjoshi@example.net,9441084407,iPhone 15,Apple,Electronics,1,79999,0,18,79999.0,62399.22,17599.78,2023-03-06,Allahabad,Assam
ORD100233,CUST5233,Yochana Butala,Male,33,vyanjana79@example.net,9737972099,Galaxy S24,Samsung,Electronics,4,74999,10,18,269996.4,233996.88,35999.52,2023-05-15,Davanagere,Jharkhand
ORD100234,CUST5234,Waida Contractor,Female,46,pushtirao@example.net,9301841670,Galaxy S24,Samsung,Electronics,1,74999,10,18,67499.1,58499.22,8999.88,2023-06-30,Erode,Gujarat
ORD100235,CUST5235,Hemal Gill,Female,45,vaishnavi14@example.com,9621970529,HP Pavilion,HP,Laptop,4,65999,5,18,250796.2,205916.88,44879.32,2024-10-25,Jehanabad,Gujarat
ORD100236,CUST5236,Abhimanyu Kala,Female,22,laladvaith@example.org,9910584142,iPhone 15,Apple,Electronics,2,79999,5,18,151998.1,124798.44,27199.66,2023-10-09,Panvel,Mizoram
ORD100237,CUST5237,Arya Natt,Male,19,darikadave@example.org,9206459511,HP Pavilion,HP,Laptop,1,65999,15,18,56099.15,51479.22,4619.93,2024-08-23,Ozhukarai,Jharkhand
ORD100238,CUST5238,Gavin Chanda,Female,20,dalbirlala@example.com,9894234624,Dell Inspiron,Dell,Laptop,1,58999,10,18,53099.1,46019.22,7079.88,2023-07-06,Dhanbad,Himachal Pradesh
ORD100239,CUST5239,Qarin Ravel,Male,45,samuel74@example.net,9399545050,HP Pavilion,HP,Laptop,2,65999,5,18,125398.1,102958.44,22439.66,2023-01-18,Tinsukia,Himachal Pradesh
ORD100240,CUST5240,Oeshi Dash,Female,43,janiwarda@example.com,9782351577,HP Pavilion,HP,Laptop,4,65999,0,18,263996.0,205916.88,58079.12,2023-02-09,Rampur,Odisha
ORD100241,CUST5241,Arya Mander,Female,24,kuruvillacharvi@example.org,9657802954,Galaxy S24,Samsung,Electronics,2,74999,10,18,134998.2,116998.44,17999.76,2023-02-14,Mau,Sikkim
ORD100242,CUST5242,Unnati Garde,Male,36,qkhurana@example.com,9728948530,iPhone 15,Apple,Electronics,3,79999,5,18,227997.15,187197.66,40799.49,2023-01-14,Saharsa,Arunachal Pradesh
ORD100243,CUST5243,Adweta Prabhu,Female,21,upasnavaidya@example.org,9531861083,Dell Inspiron,Dell,Laptop,2,58999,5,18,112098.1,92038.44,20059.66,2024-06-25,Bhind,Bihar
ORD100244,CUST5244,Patrick Nigam,Male,53,mistryekta@example.com,9761694992,Galaxy S24,Samsung,Electronics,2,74999,15,18,127498.3,116998.44,10499.86,2024-12-30,Ramagundam,Meghalaya
ORD100245,CUST5245,Janya Joshi,Female,22,aarnav69@example.com,9873767781,Galaxy S24,Samsung,Electronics,3,74999,10,18,202497.3,175497.66,26999.64,2023-07-21,Kollam,Uttarakhand
ORD100246,CUST5246,Neel Mital,Male,42,odika05@example.net,9194336985,iPhone 15,Apple,Electronics,4,79999,15,18,271996.6,249596.88,22399.72,2023-03-25,Pudukkottai,Sikkim
ORD100247,CUST5247,Chandran Mukhopadhyay,Female,22,edhithapingle@example.net,9254338636,HP Pavilion,HP,Laptop,1,65999,10,18,59399.1,51479.22,7919.88,2023-09-20,Miryalaguda,Sikkim
ORD100248,CUST5248,Chandani Dora,Male,35,omkaarwable@example.net,9694561730,Dell Inspiron,Dell,Laptop,2,58999,15,18,100298.3,92038.44,8259.86,2024-07-31,Vijayanagaram,Manipur
ORD100249,CUST5249,Meera Virk,Male,37,madanqabil@example.org,9388429816,Dell Inspiron,Dell,Laptop,3,58999,10,18,159297.3,138057.66,21239.64,2023-07-17,Ambarnath,Jharkhand
ORD100250,CUST5250,Advay Upadhyay,Male,22,perigunbir@example.net,9604467523,Galaxy S24,Samsung,Electronics,5,74999,0,18,374995.0,292496.1,82498.9,2025-01-17,Panipat,Gujarat
ORD100251,CUST5251,Gagan Divan,Female,58,ayushmankala@example.com,9196754461,Dell Inspiron,Dell,Laptop,4,58999,10,18,212396.4,184076.88,28319.52,2024-02-19,Khammam,Karnataka
ORD100252,CUST5252,Onveer Mittal,Female,42,sathvikluthra@example.net,9109740394,Dell Inspiron,Dell,Laptop,5,58999,10,18,265495.5,230096.1,35399.4,2024-03-04,Arrah,Chhattisgarh
ORD100253,CUST5253,Wyatt Andra,Male,30,krishnacheema@example.com,9843955940,HP Pavilion,HP,Laptop,5,65999,15,18,280495.75,257396.1,23099.65,2023-03-03,Mangalore,Meghalaya
ORD100254,CUST5254,Chaitaly Lata,Male,30,gourabeer@example.org,9988149552,iPhone 15,Apple,Electronics,3,79999,0,18,239997.0,187197.66,52799.34,2023-12-17,Muzaffarpur,Meghalaya
ORD100255,CUST5255,Darika Sule,Male,57,chakrikadave@example.org,9768982405,Galaxy S24,Samsung,Electronics,3,74999,0,18,224997.0,175497.66,49499.34,2025-05-25,Patna,Uttar Pradesh
ORD100256,CUST5256,Radhika Sandhu,Male,59,dsaxena@example.net,9320765583,Galaxy S24,Samsung,Electronics,4,74999,10,18,269996.4,233996.88,35999.52,2023-12-11,Bhimavaram,Jharkhand
ORD100257,CUST5257,Ranbir Choudhury,Male,58,ganesanoliver@example.net,9841144928,Dell Inspiron,Dell,Laptop,3,58999,15,18,150447.45,138057.66,12389.79,2025-03-09,Mysore,Uttar Pradesh
ORD100258,CUST5258,Charita Konda,Male,33,oviyadugal@example.com,9270017093,Galaxy S24,Samsung,Electronics,5,74999,10,18,337495.5,292496.1,44999.4,2023-09-02,South Dumdum,Meghalaya
ORD100259,CUST5259,Advaith Devan,Male,57,tamanna47@example.org,9538637875,Galaxy S24,Samsung,Electronics,3,74999,15,18,191247.45,175497.66,15749.79,2024-11-02,Kumbakonam,West Bengal
ORD100260,CUST5260,Kiaan Chaudry,Male,48,tganesh@example.net,9486021849,Dell Inspiron,Dell,Laptop,1,58999,5,18,56049.05,46019.22,10029.83,2023-02-13,Nashik,Himachal Pradesh
ORD100261,CUST5261,Manthan Vora,Male,36,cghosh@example.net,9406419503,Galaxy S24,Samsung,Electronics,3,74999,15,18,191247.45,175497.66,15749.79,2023-09-24,Thanjavur,Odisha
ORD100262,CUST5262,Lajita Chaudhry,Female,18,rkanda@example.net,9589478744,iPhone 15,Apple,Electronics,4,79999,0,18,319996.0,249596.88,70399.12,2024-07-23,Bhubaneswar,West Bengal
ORD100263,CUST5263,Chandran Bhatti,Female,48,zsood@example.org,9714891389,Galaxy S24,Samsung,Electronics,4,74999,0,18,299996.0,233996.88,65999.12,2025-02-15,Bhind,Sikkim
ORD100264,CUST5264,Eiravati Seshadri,Female,27,abhiram55@example.net,9188588419,Galaxy S24,Samsung,Electronics,1,74999,5,18,71249.05,58499.22,12749.83,2024-05-01,Shimla,Goa
ORD100265,CUST5265,Dhriti Karan,Female,40,babuchanchal@example.org,9202600849,HP Pavilion,HP,Laptop,1,65999,0,18,65999.0,51479.22,14519.78,2025-06-06,Ahmednagar,Tripura
ORD100266,CUST5266,Ojasvi Salvi,Female,60,jsami@example.org,9682215388,iPhone 15,Apple,Electronics,1,79999,10,18,71999.1,62399.22,9599.88,2024-01-30,Berhampore,Bihar
ORD100267,CUST5267,Yamini Oza,Male,59,psolanki@example.com,9483573094,Galaxy S24,Samsung,Electronics,3,74999,5,18,213747.15,175497.66,38249.49,2023-02-14,Bahraich,Goa
ORD100268,CUST5268,Vasatika Ahluwalia,Female,18,chokshisanya@example.com,9106008333,HP Pavilion,HP,Laptop,4,65999,15,18,224396.6,205916.88,18479.72,2023-06-13,Saharanpur,Rajasthan
ORD100269,CUST5269,Vanya Banik,Male,46,zashil03@example.net,9433615407,Dell Inspiron,Dell,Laptop,3,58999,15,18,150447.45,138057.66,12389.79,2024-11-17,Bathinda,West Bengal
ORD100270,CUST5270,Faqid Bhakta,Male,32,jiyer@example.org,9772093374,Galaxy S24,Samsung,Electronics,3,74999,10,18,202497.3,175497.66,26999.64,2023-07-31,Malegaon,Nagaland
ORD100271,CUST5271,Bhavani Modi,Female,37,nmemon@example.net,9838320831,HP Pavilion,HP,Laptop,3,65999,0,18,197997.0,154437.66,43559.34,2024-10-12,Haridwar,Odisha
ORD100272,CUST5272,Simon Rajan,Female,25,wazirhayre@example.com,9731582638,Galaxy S24,Samsung,Electronics,4,74999,0,18,299996.0,233996.88,65999.12,2024-06-06,Hajipur,Meghalaya
ORD100273,CUST5273,Unnati Dayal,Female,31,avisant@example.net,9537442565,iPhone 15,Apple,Electronics,2,79999,15,18,135998.3,124798.44,11199.86,2024-05-14,Siwan,Punjab
ORD100274,CUST5274,Advay Banerjee,Female,48,wbansal@example.org,9585745854,Dell Inspiron,Dell,Laptop,4,58999,0,18,235996.0,184076.88,51919.12,2025-06-10,Satna,Meghalaya
ORD100275,CUST5275,Wazir Nagi,Male,55,xdeo@example.com,9173191442,iPhone 15,Apple,Electronics,1,79999,10,18,71999.1,62399.22,9599.88,2024-05-19,Jehanabad,Meghalaya
ORD100276,CUST5276,Meghana Chaudhuri,Male,35,mugdhamital@example.org,9465357663,Dell Inspiron,Dell,Laptop,1,58999,15,18,50149.15,46019.22,4129.93,2023-12-31,Gandhinagar,Madhya Pradesh
ORD100277,CUST5277,Charita Modi,Male,60,vyanjanadalia@example.net,9136787709,Dell Inspiron,Dell,Laptop,5,58999,5,18,280245.25,230096.1,50149.15,2023-10-08,Nangloi Jat,Punjab
ORD100278,CUST5278,Eesha Dutta,Male,53,atharv48@example.net,9379593551,HP Pavilion,HP,Laptop,5,65999,15,18,280495.75,257396.1,23099.65,2023-03-02,Baranagar,Odisha
ORD100279,CUST5279,Jasmit Pant,Male,39,samuelsoman@example.org,9251507985,Galaxy S24,Samsung,Electronics,1,74999,15,18,63749.15,58499.22,5249.93,2024-05-11,Dehri,Telangana
ORD100280,CUST5280,Kai Reddy,Female,26,ypant@example.net,9924330279,iPhone 15,Apple,Electronics,4,79999,0,18,319996.0,249596.88,70399.12,2023-04-05,Indore,Tamil Nadu
ORD100281,CUST5281,Peter Nagi,Female,32,sethivihaan@example.com,9543795772,Dell Inspiron,Dell,Laptop,4,58999,0,18,235996.0,184076.88,51919.12,2024-10-03,Satara,Meghalaya
ORD100282,CUST5282,Hemang Chokshi,Male,31,saumya56@example.com,9244544946,iPhone 15,Apple,Electronics,4,79999,0,18,319996.0,249596.88,70399.12,2023-08-23,Morbi,Haryana
ORD100283,CUST5283,Nitesh Rastogi,Male,21,chahalrajata@example.net,9991822237,Galaxy S24,Samsung,Electronics,4,74999,10,18,269996.4,233996.88,35999.52,2024-03-28,Khora ,Tripura
ORD100284,CUST5284,Rachita Jani,Female,42,bkarpe@example.com,9524908019,iPhone 15,Apple,Electronics,5,79999,10,18,359995.5,311996.1,47999.4,2023-07-25,Gandhinagar,Maharashtra
ORD100285,CUST5285,Alexander Yadav,Male,39,sakshamparmar@example.net,9200274844,iPhone 15,Apple,Electronics,2,79999,5,18,151998.1,124798.44,27199.66,2025-02-18,Vijayanagaram,Kerala
ORD100286,CUST5286,Laksh Nazareth,Male,18,widishasaran@example.org,9567673309,HP Pavilion,HP,Laptop,3,65999,15,18,168297.45,154437.66,13859.79,2023-11-19,Proddatur,Arunachal Pradesh
ORD100287,CUST5287,Shivani Bath,Male,54,aarushdar@example.net,9603087109,HP Pavilion,HP,Laptop,1,65999,15,18,56099.15,51479.22,4619.93,2024-07-31,Bikaner,Maharashtra
ORD100288,CUST5288,Ekavir Char,Female,18,aishani52@example.com,9202118863,HP Pavilion,HP,Laptop,3,65999,0,18,197997.0,154437.66,43559.34,2024-02-16,Gangtok,Karnataka
ORD100289,CUST5289,Chameli Jhaveri,Female,19,vyanjanasuri@example.org,9634378421,Galaxy S24,Samsung,Electronics,2,74999,15,18,127498.3,116998.44,10499.86,2023-10-16,Darbhanga,Nagaland
ORD100290,CUST5290,Kamya Palan,Female,33,ayaankar@example.org,9575768780,iPhone 15,Apple,Electronics,1,79999,0,18,79999.0,62399.22,17599.78,2025-05-08,Munger,Madhya Pradesh
ORD100291,CUST5291,Samarth Prabhu,Female,25,fradodevan@example.com,9575106747,HP Pavilion,HP,Laptop,2,65999,0,18,131998.0,102958.44,29039.56,2025-03-31,Bahraich,Mizoram
ORD100292,CUST5292,Liam Balay,Male,34,aarinimani@example.org,9756912034,Galaxy S24,Samsung,Electronics,2,74999,10,18,134998.2,116998.44,17999.76,2023-11-17,Sri Ganganagar,Arunachal Pradesh
ORD100293,CUST5293,Aahana Suresh,Male,56,reyansh43@example.org,9817258410,Dell Inspiron,Dell,Laptop,3,58999,0,18,176997.0,138057.66,38939.34,2023-07-20,Ozhukarai,Odisha
ORD100294,CUST5294,Gagan Raman,Male,51,desaiavni@example.com,9429685094,HP Pavilion,HP,Laptop,5,65999,5,18,313495.25,257396.1,56099.15,2025-03-07,Danapur,Bihar
ORD100295,CUST5295,Ekaraj Kibe,Male,22,brinda14@example.org,9327707648,Dell Inspiron,Dell,Laptop,2,58999,0,18,117998.0,92038.44,25959.56,2023-03-21,Jalandhar,Tamil Nadu
ORD100296,CUST5296,Pooja Ahuja,Female,35,widishasamra@example.org,9544339188,HP Pavilion,HP,Laptop,2,65999,5,18,125398.1,102958.44,22439.66,2024-10-21,Udaipur,Rajasthan
ORD100297,CUST5297,Vincent Kumer,Male,49,dhawanpratyush@example.net,9275420167,Dell Inspiron,Dell,Laptop,1,58999,10,18,53099.1,46019.22,7079.88,2024-10-17,Guwahati,Telangana
ORD100298,CUST5298,Siya Palla,Female,49,chaaya15@example.org,9170061069,iPhone 15,Apple,Electronics,4,79999,10,18,287996.4,249596.88,38399.52,2024-02-01,Delhi,Maharashtra
ORD100299,CUST5299,Vihaan Dewan,Male,26,max50@example.net,9553935064,Galaxy S24,Samsung,Electronics,1,74999,5,18,71249.05,58499.22,12749.83,2025-02-19,Anantapuram,Haryana
ORD100300,CUST5300,Eshana Bakshi,Male,40,rajniharika@example.net,9202255561,Dell Inspiron,Dell,Laptop,3,58999,0,18,176997.0,138057.66,38939.34,2024-01-30,Tirupati,Himachal Pradesh
ORD100301,CUST5301,Rachit Dayal,Male,60,edara@example.com,9797418616,Galaxy S24,Samsung,Electronics,1,74999,15,18,63749.15,58499.22,5249.93,2024-03-10,Aligarh,Karnataka
ORD100302,CUST5302,Bahadurjit Jhaveri,Female,42,falakdalal@example.net,9975040755,HP Pavilion,HP,Laptop,2,65999,15,18,112198.3,102958.44,9239.86,2024-12-13,Bhilwara,Kerala
ORD100303,CUST5303,Manya Dar,Female,22,dev03@example.com,9438682564,iPhone 15,Apple,Electronics,4,79999,10,18,287996.4,249596.88,38399.52,2025-01-12,Nashik,Manipur
ORD100304,CUST5304,Girindra Gopal,Male,58,anthonytripathi@example.org,9103311945,Galaxy S24,Samsung,Electronics,5,74999,15,18,318745.75,292496.1,26249.65,2025-03-22,Shahjahanpur,Nagaland
ORD100305,CUST5305,Oscar Wason,Female,30,xagrawal@example.org,9532162823,Galaxy S24,Samsung,Electronics,4,74999,10,18,269996.4,233996.88,35999.52,2025-03-20,Panchkula,Nagaland
ORD100306,CUST5306,Darika Hayer,Male,35,shankerwazir@example.net,9949317787,Galaxy S24,Samsung,Electronics,5,74999,5,18,356245.25,292496.1,63749.15,2023-06-25,Dhule,Tamil Nadu
ORD100307,CUST5307,Ranbir Halder,Male,40,hbora@example.com,9580889156,Dell Inspiron,Dell,Laptop,4,58999,5,18,224196.2,184076.88,40119.32,2024-11-18,Malegaon,Chhattisgarh
ORD100308,CUST5308,Chakrika Mitter,Male,42,upai@example.com,9594039019,Galaxy S24,Samsung,Electronics,5,74999,15,18,318745.75,292496.1,26249.65,2023-04-04,Hosur,Arunachal Pradesh
ORD100309,CUST5309,Manbir Sathe,Female,54,dipta31@example.org,9268305427,iPhone 15,Apple,Electronics,2,79999,10,18,143998.2,124798.44,19199.76,2024-12-01,Bardhaman,Arunachal Pradesh
ORD100310,CUST5310,Dev Babu,Male,56,lakshmidugal@example.com,9977592484,iPhone 15,Apple,Electronics,4,79999,5,18,303996.2,249596.88,54399.32,2023-04-09,Nagercoil,Madhya Pradesh
ORD100311,CUST5311,Kritika Roy,Female,59,vrishti35@example.net,9845910012,Galaxy S24,Samsung,Electronics,2,74999,10,18,134998.2,116998.44,17999.76,2025-01-02,Guna,Bihar
ORD100312,CUST5312,Upma Sodhi,Male,58,mason94@example.net,9771732154,iPhone 15,Apple,Electronics,4,79999,0,18,319996.0,249596.88,70399.12,2025-02-28,Uluberia,Haryana
ORD100313,CUST5313,Mason Sarna,Female,29,sureshbhavya@example.com,9725480283,iPhone 15,Apple,Electronics,2,79999,10,18,143998.2,124798.44,19199.76,2025-02-18,Sambhal,Uttar Pradesh
ORD100314,CUST5314,Owen Sane,Female,27,agastya09@example.net,9725704341,iPhone 15,Apple,Electronics,3,79999,10,18,215997.3,187197.66,28799.64,2024-03-28,Kadapa,Tripura
ORD100315,CUST5315,Ladli Ben,Female,34,hsachar@example.com,9548390442,Dell Inspiron,Dell,Laptop,2,58999,15,18,100298.3,92038.44,8259.86,2024-07-12,Silchar,Gujarat
ORD100316,CUST5316,Ijaya Suri,Male,46,hitesh26@example.net,9790203405,Galaxy S24,Samsung,Electronics,1,74999,5,18,71249.05,58499.22,12749.83,2024-06-06,Rajpur Sonarpur,Mizoram
ORD100317,CUST5317,Gaurangi Sura,Female,42,yauvani10@example.com,9854511732,iPhone 15,Apple,Electronics,3,79999,0,18,239997.0,187197.66,52799.34,2024-04-02,Gwalior,Rajasthan
ORD100318,CUST5318,Darsh Hari,Male,38,saumya84@example.com,9676675372,HP Pavilion,HP,Laptop,5,65999,15,18,280495.75,257396.1,23099.65,2023-10-06,Amroha,Goa
ORD100319,CUST5319,Yagnesh Handa,Female,45,girik78@example.org,9897861443,Galaxy S24,Samsung,Electronics,2,74999,0,18,149998.0,116998.44,32999.56,2025-02-17,Faridabad,Arunachal Pradesh
ORD100320,CUST5320,Chanchal Dasgupta,Female,56,bhargavagavin@example.net,9571470316,iPhone 15,Apple,Electronics,5,79999,5,18,379995.25,311996.1,67999.15,2024-02-07,Nangloi Jat,Andhra Pradesh
ORD100321,CUST5321,Ati Patil,Female,23,wardakorpal@example.com,9317697754,Dell Inspiron,Dell,Laptop,1,58999,15,18,50149.15,46019.22,4129.93,2023-12-30,Deoghar,Arunachal Pradesh
ORD100322,CUST5322,Hema Gopal,Male,36,skannan@example.org,9604260410,HP Pavilion,HP,Laptop,1,65999,15,18,56099.15,51479.22,4619.93,2024-01-12,Vijayawada,Telangana
ORD100323,CUST5323,Ethan Bumb,Male,32,thakerqasim@example.net,9655921560,iPhone 15,Apple,Electronics,1,79999,5,18,75999.05,62399.22,13599.83,2023-01-11,Mathura,Meghalaya
ORD100324,CUST5324,Netra Kalla,Female,25,janani02@example.com,9498258066,Dell Inspiron,Dell,Laptop,3,58999,0,18,176997.0,138057.66,38939.34,2023-10-24,Narasaraopet,West Bengal
ORD100325,CUST5325,Charvi Anand,Male,35,koshyekta@example.com,9770604315,Dell Inspiron,Dell,Laptop,1,58999,10,18,53099.1,46019.22,7079.88,2023-01-14,Bhubaneswar,Gujarat
ORD100326,CUST5326,Aadi Chand,Female,25,bhardwajaarnav@example.org,9642909828,Galaxy S24,Samsung,Electronics,1,74999,5,18,71249.05,58499.22,12749.83,2023-05-26,Shimoga,Tripura
ORD100327,CUST5327,Ekansh Chaudry,Male,45,timothyvohra@example.com,9256797441,Dell Inspiron,Dell,Laptop,5,58999,0,18,294995.0,230096.1,64898.9,2025-05-04,Dibrugarh,Assam
ORD100328,CUST5328,Harsh Shanker,Male,43,mohantyjeet@example.net,9211469805,HP Pavilion,HP,Laptop,3,65999,0,18,197997.0,154437.66,43559.34,2023-09-26,Burhanpur,West Bengal
ORD100329,CUST5329,Azad Ramaswamy,Female,36,gnarasimhan@example.com,9708465928,Galaxy S24,Samsung,Electronics,3,74999,10,18,202497.3,175497.66,26999.64,2024-12-02,Burhanpur,Bihar
ORD100330,CUST5330,Upadhriti Raja,Female,24,narasimhanmitesh@example.net,9549638607,Dell Inspiron,Dell,Laptop,4,58999,10,18,212396.4,184076.88,28319.52,2024-10-02,Kochi,Meghalaya
ORD100331,CUST5331,Raksha Madan,Female,47,qabil99@example.net,9806710620,HP Pavilion,HP,Laptop,1,65999,15,18,56099.15,51479.22,4619.93,2023-11-02,Unnao,Telangana
ORD100332,CUST5332,Ria Amble,Male,46,meghasundaram@example.org,9162158028,HP Pavilion,HP,Laptop,2,65999,10,18,118798.2,102958.44,15839.76,2024-11-28,Jabalpur,Tamil Nadu
ORD100333,CUST5333,Manan Chowdhury,Male,47,walianathaniel@example.com,9230556072,Galaxy S24,Samsung,Electronics,1,74999,15,18,63749.15,58499.22,5249.93,2023-01-31,Nizamabad,Assam
ORD100334,CUST5334,Nisha Dhar,Male,40,wazir91@example.com,9692736714,Dell Inspiron,Dell,Laptop,4,58999,10,18,212396.4,184076.88,28319.52,2024-09-11,Kulti,Bihar
ORD100335,CUST5335,Ojasvi Hora,Female,52,dnair@example.net,9868853643,Dell Inspiron,Dell,Laptop,4,58999,15,18,200596.6,184076.88,16519.72,2025-04-12,Meerut,Assam
ORD100336,CUST5336,Ishanvi Mody,Male,36,gabrielparsa@example.com,9997647760,Galaxy S24,Samsung,Electronics,1,74999,0,18,74999.0,58499.22,16499.78,2024-07-16,Allahabad,Kerala
ORD100337,CUST5337,Kritika Pai,Male,35,jyoti48@example.net,9284551596,Galaxy S24,Samsung,Electronics,5,74999,15,18,318745.75,292496.1,26249.65,2024-03-22,Tinsukia,Madhya Pradesh
ORD100338,CUST5338,Vrinda Das,Male,58,jmohan@example.net,9544740642,iPhone 15,Apple,Electronics,3,79999,15,18,203997.45,187197.66,16799.79,2023-09-23,Guntur,Mizoram
ORD100339,CUST5339,Rachita Rattan,Female,18,tcheema@example.net,9605007495,Galaxy S24,Samsung,Electronics,2,74999,15,18,127498.3,116998.44,10499.86,2025-02-16,Giridih,Chhattisgarh
ORD100340,CUST5340,Lakshit Gopal,Female,29,bdara@example.net,9633490217,Dell Inspiron,Dell,Laptop,5,58999,15,18,250745.75,230096.1,20649.65,2024-11-21,Tadipatri,West Bengal
ORD100341,CUST5341,Samaksh Rama,Male,59,luthrasanya@example.org,9276786301,HP Pavilion,HP,Laptop,3,65999,0,18,197997.0,154437.66,43559.34,2024-01-24,Kirari Suleman Nagar,Andhra Pradesh
ORD100342,CUST5342,Janaki Bains,Male,22,balendra90@example.net,9272174991,Dell Inspiron,Dell,Laptop,3,58999,5,18,168147.15,138057.66,30089.49,2024-06-09,Vijayawada,Meghalaya
ORD100343,CUST5343,Nitara Gaba,Male,40,xmohan@example.org,9247307263,Galaxy S24,Samsung,Electronics,2,74999,0,18,149998.0,116998.44,32999.56,2023-09-13,Kozhikode,Arunachal Pradesh
ORD100344,CUST5344,Akshay Jayaraman,Female,39,jtripathi@example.org,9715002993,HP Pavilion,HP,Laptop,2,65999,15,18,112198.3,102958.44,9239.86,2024-07-23,Solapur,Kerala
ORD100345,CUST5345,Janani Dubey,Male,23,jackson50@example.org,9570216620,Galaxy S24,Samsung,Electronics,4,74999,0,18,299996.0,233996.88,65999.12,2024-10-31,Chennai,Madhya Pradesh
ORD100346,CUST5346,Eta Bedi,Female,35,agastya78@example.com,9690119944,Galaxy S24,Samsung,Electronics,5,74999,15,18,318745.75,292496.1,26249.65,2024-06-14,Jhansi,Andhra Pradesh
ORD100347,CUST5347,Vedant Chana,Female,21,idhillon@example.net,9170208250,iPhone 15,Apple,Electronics,5,79999,10,18,359995.5,311996.1,47999.4,2025-01-22,Shimoga,Telangana
ORD100348,CUST5348,Aryan Parsa,Female,55,urvibath@example.com,9485666649,Galaxy S24,Samsung,Electronics,5,74999,15,18,318745.75,292496.1,26249.65,2023-01-17,Chapra,West Bengal
ORD100349,CUST5349,Jagat Boase,Male,42,eshana21@example.com,9118465766,Galaxy S24,Samsung,Electronics,4,74999,0,18,299996.0,233996.88,65999.12,2023-09-27,Pali,Karnataka
ORD100350,CUST5350,Rajeshri Sule,Male,20,nsamra@example.net,9830624275,HP Pavilion,HP,Laptop,3,65999,15,18,168297.45,154437.66,13859.79,2024-01-13,Latur,Odisha
ORD100351,CUST5351,Ikshita Naidu,Male,39,urvashisuri@example.com,9608723802,Galaxy S24,Samsung,Electronics,2,74999,10,18,134998.2,116998.44,17999.76,2024-03-23,Durg,Maharashtra
ORD100352,CUST5352,Nidra Walla,Male,55,cmerchant@example.net,9582319699,iPhone 15,Apple,Electronics,2,79999,15,18,135998.3,124798.44,11199.86,2025-05-14,Akola,Mizoram
ORD100353,CUST5353,Brinda Toor,Female,50,karnikquincy@example.net,9379849800,Galaxy S24,Samsung,Electronics,5,74999,10,18,337495.5,292496.1,44999.4,2023-05-28,Dindigul,Telangana
ORD100354,CUST5354,Avni Kala,Male,40,imenon@example.net,9491160818,Dell Inspiron,Dell,Laptop,1,58999,0,18,58999.0,46019.22,12979.78,2024-11-09,Arrah,Tripura
ORD100355,CUST5355,Wahab Taneja,Female,34,jeevika30@example.com,9914465652,Galaxy S24,Samsung,Electronics,1,74999,15,18,63749.15,58499.22,5249.93,2024-11-28,Ambala,Mizoram
ORD100356,CUST5356,Harini Iyer,Male,59,uborra@example.net,9440632260,HP Pavilion,HP,Laptop,1,65999,0,18,65999.0,51479.22,14519.78,2025-01-04,Shimoga,Jharkhand
ORD100357,CUST5357,Yatan Arya,Female,55,anirudhviswanathan@example.net,9689415694,Dell Inspiron,Dell,Laptop,5,58999,10,18,265495.5,230096.1,35399.4,2024-12-01,Bijapur,Arunachal Pradesh
ORD100358,CUST5358,Janya Sodhi,Female,39,wishi78@example.org,9372077228,Dell Inspiron,Dell,Laptop,4,58999,5,18,224196.2,184076.88,40119.32,2023-04-30,Gandhidham,Madhya Pradesh
ORD100359,CUST5359,Rishi Bhandari,Male,26,warjas60@example.net,9993764096,HP Pavilion,HP,Laptop,1,65999,15,18,56099.15,51479.22,4619.93,2024-11-07,Tirunelveli,Kerala
ORD100360,CUST5360,Chaaya Pandey,Female,21,ramachandranshivani@example.net,9244378256,iPhone 15,Apple,Electronics,4,79999,10,18,287996.4,249596.88,38399.52,2024-10-06,Silchar,Odisha
ORD100361,CUST5361,Vivaan Hora,Female,53,kbal@example.net,9541318636,Galaxy S24,Samsung,Electronics,1,74999,15,18,63749.15,58499.22,5249.93,2025-04-20,Panipat,Jharkhand
ORD100362,CUST5362,Ganga Talwar,Male,26,yzachariah@example.org,9863489261,HP Pavilion,HP,Laptop,2,65999,0,18,131998.0,102958.44,29039.56,2023-05-02,Kozhikode,Chhattisgarh
ORD100363,CUST5363,Liam Dasgupta,Female,29,eparsa@example.org,9185691716,Dell Inspiron,Dell,Laptop,3,58999,10,18,159297.3,138057.66,21239.64,2023-02-15,Bhalswa Jahangir Pur,Tripura
ORD100364,CUST5364,Hemani Rout,Male,46,qdesai@example.com,9951118354,Dell Inspiron,Dell,Laptop,4,58999,5,18,224196.2,184076.88,40119.32,2025-01-09,Kottayam,Uttarakhand
ORD100365,CUST5365,Isaac Sharma,Female,43,chaayabains@example.org,9978252598,Galaxy S24,Samsung,Electronics,1,74999,5,18,71249.05,58499.22,12749.83,2024-10-02,Vijayanagaram,Meghalaya
ORD100366,CUST5366,Falak Mittal,Male,59,pradhanowen@example.net,9314059359,Dell Inspiron,Dell,Laptop,2,58999,10,18,106198.2,92038.44,14159.76,2023-10-21,Pimpri-Chinchwad,West Bengal
ORD100367,CUST5367,Ishita Ahluwalia,Male,33,falanchandran@example.com,9699539428,HP Pavilion,HP,Laptop,5,65999,5,18,313495.25,257396.1,56099.15,2023-08-28,Morbi,Haryana
ORD100368,CUST5368,Banjeet Shenoy,Male,52,lokeparth@example.com,9189123973,HP Pavilion,HP,Laptop,3,65999,5,18,188097.15,154437.66,33659.49,2024-03-07,Madanapalle,Assam
ORD100369,CUST5369,Rohan Kadakia,Male,33,yahvisha@example.org,9923360366,iPhone 15,Apple,Electronics,2,79999,5,18,151998.1,124798.44,27199.66,2025-05-28,Rajahmundry,Tamil Nadu
ORD100370,CUST5370,Vaishnavi Mistry,Male,41,ekapad91@example.org,9388744726,Galaxy S24,Samsung,Electronics,4,74999,0,18,299996.0,233996.88,65999.12,2024-02-23,Jamshedpur,Bihar
ORD100371,CUST5371,Edhitha Salvi,Female,33,regeisha@example.net,9275724553,iPhone 15,Apple,Electronics,5,79999,15,18,339995.75,311996.1,27999.65,2024-02-20,Machilipatnam,Karnataka
ORD100372,CUST5372,Sachi Lad,Female,51,rbhatia@example.org,9412027023,Galaxy S24,Samsung,Electronics,4,74999,5,18,284996.2,233996.88,50999.32,2023-07-03,Bhilai,Uttarakhand
ORD100373,CUST5373,Kashish Sen,Male,45,dewankashvi@example.org,9455142480,Dell Inspiron,Dell,Laptop,5,58999,10,18,265495.5,230096.1,35399.4,2023-08-22,Akola,Jharkhand
ORD100374,CUST5374,Urishilla Acharya,Female,29,oshagour@example.com,9860906139,Dell Inspiron,Dell,Laptop,2,58999,10,18,106198.2,92038.44,14159.76,2023-02-28,Erode,Rajasthan
ORD100375,CUST5375,Isha Choudhry,Female,47,farisprakash@example.com,9551304557,Dell Inspiron,Dell,Laptop,5,58999,15,18,250745.75,230096.1,20649.65,2023-04-09,Loni,Uttarakhand
ORD100376,CUST5376,Advik Bedi,Male,29,lekhadua@example.com,9521067876,Dell Inspiron,Dell,Laptop,4,58999,15,18,200596.6,184076.88,16519.72,2023-10-21,Bikaner,Arunachal Pradesh
ORD100377,CUST5377,Hardik Gole,Female,55,hemanginiiyer@example.net,9964539389,iPhone 15,Apple,Electronics,5,79999,5,18,379995.25,311996.1,67999.15,2024-05-27,Imphal,Mizoram
ORD100378,CUST5378,Charles Chana,Male,20,chandranfaras@example.com,9208836532,HP Pavilion,HP,Laptop,3,65999,10,18,178197.3,154437.66,23759.64,2024-05-27,Eluru,Rajasthan
ORD100379,CUST5379,Tarak Vohra,Female,18,geetikarout@example.net,9378349465,Galaxy S24,Samsung,Electronics,4,74999,0,18,299996.0,233996.88,65999.12,2024-03-09,Kishanganj,Chhattisgarh
ORD100380,CUST5380,Jacob Naik,Female,32,euppal@example.net,9910410993,HP Pavilion,HP,Laptop,5,65999,5,18,313495.25,257396.1,56099.15,2023-06-19,Bhavnagar,Tripura
ORD100381,CUST5381,Ishita Oak,Male,35,kapadiaubika@example.net,9390837142,HP Pavilion,HP,Laptop,3,65999,15,18,168297.45,154437.66,13859.79,2024-10-15,Kavali,Haryana
ORD100382,CUST5382,Upadhriti Trivedi,Male,44,mparmar@example.net,9320375184,Galaxy S24,Samsung,Electronics,2,74999,5,18,142498.1,116998.44,25499.66,2023-02-12,Pune,West Bengal
ORD100383,CUST5383,Girish Sur,Male,22,upma20@example.net,9103360273,HP Pavilion,HP,Laptop,1,65999,15,18,56099.15,51479.22,4619.93,2024-11-12,Narasaraopet,Himachal Pradesh
ORD100384,CUST5384,Odika Bhandari,Male,31,sachigade@example.net,9843914955,iPhone 15,Apple,Electronics,4,79999,5,18,303996.2,249596.88,54399.32,2024-02-11,Raipur,Himachal Pradesh
ORD100385,CUST5385,Caleb Date,Female,21,kiaanbahl@example.org,9660562997,iPhone 15,Apple,Electronics,3,79999,0,18,239997.0,187197.66,52799.34,2025-04-02,Jalna,Haryana
ORD100386,CUST5386,Ira Parikh,Female,20,nlal@example.net,9578718514,Dell Inspiron,Dell,Laptop,3,58999,10,18,159297.3,138057.66,21239.64,2023-06-04,Proddatur,Mizoram
ORD100387,CUST5387,Ijaya Balakrishnan,Male,30,ayushman09@example.com,9765915559,HP Pavilion,HP,Laptop,1,65999,15,18,56099.15,51479.22,4619.93,2023-03-26,Mango,Manipur
ORD100388,CUST5388,Ryan Sethi,Male,41,anusha43@example.com,9310625193,Dell Inspiron,Dell,Laptop,1,58999,15,18,50149.15,46019.22,4129.93,2024-12-18,Phusro,Odisha
ORD100389,CUST5389,Sai Salvi,Male,24,kandaurvi@example.net,9138326502,Dell Inspiron,Dell,Laptop,2,58999,0,18,117998.0,92038.44,25959.56,2025-02-12,Nandyal,Telangana
ORD100390,CUST5390,Tanvi Bala,Male,49,yramakrishnan@example.com,9536505274,HP Pavilion,HP,Laptop,2,65999,0,18,131998.0,102958.44,29039.56,2023-11-13,Kadapa,Tripura
ORD100391,CUST5391,Lila Mand,Male,45,nitara39@example.com,9992449157,iPhone 15,Apple,Electronics,1,79999,0,18,79999.0,62399.22,17599.78,2024-12-11,Ghaziabad,Bihar
ORD100392,CUST5392,Varenya Dara,Male,28,fsaini@example.net,9933037080,iPhone 15,Apple,Electronics,1,79999,15,18,67999.15,62399.22,5599.93,2023-06-18,Cuttack,Gujarat
ORD100393,CUST5393,Priya Mody,Male,20,kantrehaan@example.com,9319276908,Dell Inspiron,Dell,Laptop,4,58999,0,18,235996.0,184076.88,51919.12,2023-09-25,Sambhal,Bihar
ORD100394,CUST5394,Wazir Jayaraman,Female,50,brandhawa@example.net,9675962830,Galaxy S24,Samsung,Electronics,2,74999,10,18,134998.2,116998.44,17999.76,2024-01-21,Malda,Goa
ORD100395,CUST5395,Arjun Date,Female,23,caggarwal@example.org,9842767044,Dell Inspiron,Dell,Laptop,2,58999,0,18,117998.0,92038.44,25959.56,2024-01-06,Moradabad,Goa
ORD100396,CUST5396,Sai Balakrishnan,Male,36,minhasjai@example.net,9128850969,iPhone 15,Apple,Electronics,3,79999,0,18,239997.0,187197.66,52799.34,2023-03-02,Durg,Jharkhand
ORD100397,CUST5397,Udant Mann,Female,56,rparsa@example.org,9145098738,Dell Inspiron,Dell,Laptop,3,58999,0,18,176997.0,138057.66,38939.34,2025-04-01,Raurkela Industrial Township,Telangana
ORD100398,CUST5398,Faraj Sawhney,Male,29,damyantibarad@example.com,9854093142,HP Pavilion,HP,Laptop,1,65999,10,18,59399.1,51479.22,7919.88,2023-12-23,Fatehpur,Sikkim
ORD100399,CUST5399,Damyanti Dyal,Female,41,zarna00@example.com,9506651155,HP Pavilion,HP,Laptop,4,65999,0,18,263996.0,205916.88,58079.12,2023-07-24,Mahbubnagar,Nagaland
ORD100400,CUST5400,Noah Nath,Female,19,wadhwadalbir@example.net,9272150042,HP Pavilion,HP,Laptop,3,65999,5,18,188097.15,154437.66,33659.49,2024-01-06,Hapur,Tripura
ORD100401,CUST5401,Yashvi Ghosh,Male,20,samuel88@example.org,9538749845,HP Pavilion,HP,Laptop,4,65999,15,18,224396.6,205916.88,18479.72,2023-12-22,Mirzapur,Himachal Pradesh
ORD100402,CUST5402,Gaurika Minhas,Female,50,isarma@example.com,9265273511,Galaxy S24,Samsung,Electronics,5,74999,15,18,318745.75,292496.1,26249.65,2025-03-19,Darbhanga,Telangana
ORD100403,CUST5403,Kamya Viswanathan,Female,21,gunbir80@example.net,9769625568,Galaxy S24,Samsung,Electronics,2,74999,10,18,134998.2,116998.44,17999.76,2023-09-20,Kulti,Uttar Pradesh
ORD100404,CUST5404,Rohan Patla,Male,40,epalla@example.org,9121289457,iPhone 15,Apple,Electronics,1,79999,5,18,75999.05,62399.22,13599.83,2024-08-31,Anantapuram,Bihar
ORD100405,CUST5405,Sarthak Ram,Female,49,gauravhari@example.net,9374234501,Galaxy S24,Samsung,Electronics,3,74999,0,18,224997.0,175497.66,49499.34,2025-01-03,Vasai-Virar,Himachal Pradesh
ORD100406,CUST5406,Gaurangi Handa,Female,57,qsha@example.com,9346465676,Dell Inspiron,Dell,Laptop,5,58999,0,18,294995.0,230096.1,64898.9,2024-07-26,Chennai,Uttar Pradesh
ORD100407,CUST5407,Janani Dubey,Female,38,wsinghal@example.org,9306802275,HP Pavilion,HP,Laptop,5,65999,15,18,280495.75,257396.1,23099.65,2023-04-15,Khammam,Assam
ORD100408,CUST5408,Radhika Salvi,Male,35,amaradora@example.com,9520079206,HP Pavilion,HP,Laptop,2,65999,15,18,112198.3,102958.44,9239.86,2023-03-14,Barasat,Tamil Nadu
ORD100409,CUST5409,Ekani Rajagopal,Female,32,lalnilima@example.net,9187537651,Galaxy S24,Samsung,Electronics,5,74999,0,18,374995.0,292496.1,82498.9,2023-05-31,Alwar,Goa
ORD100410,CUST5410,Ishita Basak,Female,19,uagate@example.net,9446877655,iPhone 15,Apple,Electronics,3,79999,10,18,215997.3,187197.66,28799.64,2023-08-01,Thane,Manipur
ORD100411,CUST5411,Harsh Sehgal,Female,22,vamakshimittal@example.com,9169149761,Dell Inspiron,Dell,Laptop,4,58999,10,18,212396.4,184076.88,28319.52,2023-10-23,Ozhukarai,Telangana
ORD100412,CUST5412,Dhruv Banerjee,Male,54,mohammedsharaf@example.org,9885556937,Galaxy S24,Samsung,Electronics,3,74999,5,18,213747.15,175497.66,38249.49,2024-12-09,Barasat,Chhattisgarh
ORD100413,CUST5413,Yadavi Randhawa,Female,37,janakidada@example.com,9349112006,iPhone 15,Apple,Electronics,1,79999,5,18,75999.05,62399.22,13599.83,2025-02-20,Thrissur,Uttar Pradesh
ORD100414,CUST5414,Januja Chatterjee,Male,24,nisha19@example.org,9855749634,iPhone 15,Apple,Electronics,5,79999,5,18,379995.25,311996.1,67999.15,2023-06-22,Pali,Gujarat
ORD100415,CUST5415,Owen Kunda,Male,23,saisane@example.org,9676548883,iPhone 15,Apple,Electronics,3,79999,0,18,239997.0,187197.66,52799.34,2023-07-09,Gangtok,Jharkhand
ORD100416,CUST5416,Kalpit Sengupta,Male,27,mitali85@example.org,9307502691,Galaxy S24,Samsung,Electronics,4,74999,15,18,254996.6,233996.88,20999.72,2024-12-27,Ratlam,Tripura
ORD100417,CUST5417,Chandresh Manda,Female,29,vyanjanaratta@example.com,9466759481,HP Pavilion,HP,Laptop,3,65999,0,18,197997.0,154437.66,43559.34,2023-11-24,Katihar,Meghalaya
ORD100418,CUST5418,Avi Murty,Male,27,bhattirajeshri@example.net,9879591918,iPhone 15,Apple,Electronics,1,79999,5,18,75999.05,62399.22,13599.83,2024-08-15,Bikaner,Odisha
ORD100419,CUST5419,Harish Narula,Male,53,buchimaran@example.com,9323427897,iPhone 15,Apple,Electronics,3,79999,15,18,203997.45,187197.66,16799.79,2023-12-22,Tumkur,Jharkhand
ORD100420,CUST5420,Oeshi Walla,Male,48,isaiahrau@example.com,9912238115,Galaxy S24,Samsung,Electronics,4,74999,5,18,284996.2,233996.88,50999.32,2024-05-18,Ozhukarai,Tripura
ORD100421,CUST5421,Jairaj Sur,Female,21,lopa70@example.net,9604950628,iPhone 15,Apple,Electronics,2,79999,15,18,135998.3,124798.44,11199.86,2023-12-07,Bardhaman,Rajasthan
ORD100422,CUST5422,Jhalak Cherian,Female,32,srinivasanlekha@example.net,9365998101,Dell Inspiron,Dell,Laptop,1,58999,15,18,50149.15,46019.22,4129.93,2024-11-19,Chennai,Bihar
ORD100423,CUST5423,Karan Goel,Male,19,pnair@example.com,9568124466,Galaxy S24,Samsung,Electronics,1,74999,15,18,63749.15,58499.22,5249.93,2024-12-02,Baranagar,Bihar
ORD100424,CUST5424,Veda Dugar,Male,41,wkapur@example.com,9929173857,Galaxy S24,Samsung,Electronics,3,74999,10,18,202497.3,175497.66,26999.64,2024-10-06,Tadepalligudem,Telangana
ORD100425,CUST5425,Tanay Narula,Female,29,aradhananatt@example.org,9864893493,HP Pavilion,HP,Laptop,1,65999,15,18,56099.15,51479.22,4619.93,2023-02-06,Amritsar,Odisha
ORD100426,CUST5426,Yuvraj Iyengar,Female,43,cmammen@example.org,9282914510,Dell Inspiron,Dell,Laptop,4,58999,15,18,200596.6,184076.88,16519.72,2023-02-28,Silchar,Punjab
ORD100427,CUST5427,Amrita Balasubramanian,Female,49,ftailor@example.net,9130655180,iPhone 15,Apple,Electronics,2,79999,5,18,151998.1,124798.44,27199.66,2023-01-11,Vadodara,Tripura
ORD100428,CUST5428,Zashil Gola,Female,46,bswamy@example.com,9466312202,Dell Inspiron,Dell,Laptop,2,58999,0,18,117998.0,92038.44,25959.56,2024-10-26,Belgaum,Tripura
ORD100429,CUST5429,Kashish Brahmbhatt,Male,20,ebhagat@example.com,9783338866,HP Pavilion,HP,Laptop,1,65999,0,18,65999.0,51479.22,14519.78,2023-08-31,Bhiwandi,Chhattisgarh
ORD100430,CUST5430,Edhitha Pal,Female,21,ekaraj02@example.com,9279126898,HP Pavilion,HP,Laptop,3,65999,5,18,188097.15,154437.66,33659.49,2024-01-06,Mysore,Goa
ORD100431,CUST5431,Suhani Cheema,Male,50,hprakash@example.org,9716316766,HP Pavilion,HP,Laptop,4,65999,5,18,250796.2,205916.88,44879.32,2023-06-29,Salem,Tamil Nadu
ORD100432,CUST5432,Sudiksha Amble,Male,34,kashyapmaanav@example.org,9802372543,Dell Inspiron,Dell,Laptop,2,58999,15,18,100298.3,92038.44,8259.86,2023-11-13,Ludhiana,Telangana
ORD100433,CUST5433,Falan Edwin,Female,46,warindersani@example.net,9976451859,iPhone 15,Apple,Electronics,2,79999,15,18,135998.3,124798.44,11199.86,2023-05-16,Karaikudi,Manipur
ORD100434,CUST5434,Devansh Mody,Female,30,lsuri@example.com,9693458678,HP Pavilion,HP,Laptop,2,65999,15,18,112198.3,102958.44,9239.86,2025-06-05,Agartala,West Bengal
ORD100435,CUST5435,Zaitra Varughese,Female,60,shravya20@example.com,9696499628,iPhone 15,Apple,Electronics,2,79999,0,18,159998.0,124798.44,35199.56,2024-07-10,Korba,West Bengal
ORD100436,CUST5436,Jagvi Madan,Female,28,januja89@example.org,9903513783,HP Pavilion,HP,Laptop,1,65999,0,18,65999.0,51479.22,14519.78,2023-07-28,Akola,Madhya Pradesh
ORD100437,CUST5437,Kashvi Babu,Female,21,jcomar@example.org,9720137644,iPhone 15,Apple,Electronics,2,79999,0,18,159998.0,124798.44,35199.56,2024-10-30,Berhampore,Jharkhand
ORD100438,CUST5438,Tejas Kumar,Female,45,ekantikarastogi@example.net,9285007318,iPhone 15,Apple,Electronics,5,79999,10,18,359995.5,311996.1,47999.4,2024-02-19,Bareilly,Manipur
ORD100439,CUST5439,Abhimanyu Maharaj,Male,49,kashviwali@example.net,9925008637,Dell Inspiron,Dell,Laptop,2,58999,0,18,117998.0,92038.44,25959.56,2023-11-09,Kottayam,Meghalaya
ORD100440,CUST5440,Kabir Srinivasan,Male,33,dadarobert@example.org,9918807635,HP Pavilion,HP,Laptop,3,65999,15,18,168297.45,154437.66,13859.79,2024-04-14,Munger,West Bengal
ORD100441,CUST5441,Faraj Iyengar,Male,19,nitarakade@example.net,9447710626,iPhone 15,Apple,Electronics,2,79999,10,18,143998.2,124798.44,19199.76,2024-10-23,Meerut,Uttar Pradesh
ORD100442,CUST5442,Balhaar Sarma,Female,22,siya89@example.net,9773998649,Galaxy S24,Samsung,Electronics,1,74999,10,18,67499.1,58499.22,8999.88,2023-10-16,Udupi,Punjab
ORD100443,CUST5443,Aayush Dora,Female,52,ramalibni@example.net,9312716304,HP Pavilion,HP,Laptop,4,65999,10,18,237596.4,205916.88,31679.52,2025-02-12,Siliguri,Bihar
ORD100444,CUST5444,Madhavi Ram,Male,58,andradayamai@example.net,9442797012,Galaxy S24,Samsung,Electronics,2,74999,5,18,142498.1,116998.44,25499.66,2024-06-17,Karimnagar,Nagaland
ORD100445,CUST5445,Anita Tandon,Female,49,anika57@example.net,9794086482,Dell Inspiron,Dell,Laptop,2,58999,15,18,100298.3,92038.44,8259.86,2023-07-31,Hapur,Himachal Pradesh
ORD100446,CUST5446,Nihal Palan,Female,52,buchvictor@example.com,9933178699,HP Pavilion,HP,Laptop,3,65999,15,18,168297.45,154437.66,13859.79,2024-12-15,Gudivada,West Bengal
ORD100447,CUST5447,Caleb Sahota,Male,41,nlalla@example.net,9489619220,Dell Inspiron,Dell,Laptop,3,58999,5,18,168147.15,138057.66,30089.49,2023-11-07,Amroha,Himachal Pradesh
ORD100448,CUST5448,Oviya Pradhan,Female,27,eeshagarde@example.net,9312027182,Dell Inspiron,Dell,Laptop,3,58999,5,18,168147.15,138057.66,30089.49,2025-02-09,Solapur,Tamil Nadu
ORD100449,CUST5449,Zaitra Nair,Female,32,wadhwaanay@example.net,9660351630,Galaxy S24,Samsung,Electronics,2,74999,0,18,149998.0,116998.44,32999.56,2023-12-05,Haldia,Rajasthan
ORD100450,CUST5450,Garima Khare,Male,23,qaurora@example.net,9310599741,Galaxy S24,Samsung,Electronics,5,74999,0,18,374995.0,292496.1,82498.9,2024-07-16,Udupi,Manipur
ORD100451,CUST5451,Charvi Boase,Male,29,mchokshi@example.com,9295361593,HP Pavilion,HP,Laptop,5,65999,0,18,329995.0,257396.1,72598.9,2024-06-14,Tirupati,Nagaland
ORD100452,CUST5452,Mitesh Mody,Male,47,rajeshri22@example.com,9352375617,iPhone 15,Apple,Electronics,2,79999,10,18,143998.2,124798.44,19199.76,2024-02-19,Rewa,Uttarakhand
ORD100453,CUST5453,Pallavi Kar,Female,57,upandey@example.org,9459974448,Dell Inspiron,Dell,Laptop,5,58999,15,18,250745.75,230096.1,20649.65,2024-01-04,Warangal,Assam
ORD100454,CUST5454,Neel Rai,Male,32,quincykant@example.org,9531706267,iPhone 15,Apple,Electronics,4,79999,5,18,303996.2,249596.88,54399.32,2023-04-19,Dindigul,Meghalaya
ORD100455,CUST5455,Samaksh Sarkar,Male,35,hkorpal@example.org,9790819452,Dell Inspiron,Dell,Laptop,4,58999,10,18,212396.4,184076.88,28319.52,2024-12-11,Chandigarh,Himachal Pradesh
ORD100456,CUST5456,Zarna Boase,Male,51,owen33@example.org,9836758569,Galaxy S24,Samsung,Electronics,5,74999,5,18,356245.25,292496.1,63749.15,2024-11-26,Latur,Tamil Nadu
ORD100457,CUST5457,Eiravati Krishnamurthy,Male,49,jaggimeera@example.com,9989913538,iPhone 15,Apple,Electronics,4,79999,10,18,287996.4,249596.88,38399.52,2024-10-24,Bikaner,Kerala
ORD100458,CUST5458,Leena Din,Male,60,azaan99@example.org,9328259722,HP Pavilion,HP,Laptop,3,65999,15,18,168297.45,154437.66,13859.79,2025-02-14,Bikaner,Kerala
ORD100459,CUST5459,Lipika Nanda,Female,60,modybalveer@example.org,9718470678,HP Pavilion,HP,Laptop,2,65999,10,18,118798.2,102958.44,15839.76,2024-04-29,Vijayanagaram,Goa
ORD100460,CUST5460,Devansh Anne,Male,42,reyansh14@example.org,9897192257,Galaxy S24,Samsung,Electronics,5,74999,15,18,318745.75,292496.1,26249.65,2024-05-30,Chittoor,Andhra Pradesh
ORD100461,CUST5461,Neha Ramanathan,Female,33,srinivasanwaida@example.com,9794113062,iPhone 15,Apple,Electronics,2,79999,10,18,143998.2,124798.44,19199.76,2023-08-19,Bally,Nagaland
ORD100462,CUST5462,Chaman Sami,Male,55,sachdevakavya@example.net,9104997863,Dell Inspiron,Dell,Laptop,3,58999,5,18,168147.15,138057.66,30089.49,2024-04-17,Guna,Arunachal Pradesh
ORD100463,CUST5463,Sarthak Bawa,Male,42,vedamuni@example.net,9644113531,iPhone 15,Apple,Electronics,2,79999,0,18,159998.0,124798.44,35199.56,2023-11-18,Bardhaman,Arunachal Pradesh
ORD100464,CUST5464,Isha Walia,Female,56,qdugar@example.net,9787616034,iPhone 15,Apple,Electronics,4,79999,0,18,319996.0,249596.88,70399.12,2025-05-19,Surendranagar Dudhrej,Uttarakhand
ORD100465,CUST5465,Ridhi Shan,Female,25,hritik97@example.net,9793678394,Dell Inspiron,Dell,Laptop,1,58999,0,18,58999.0,46019.22,12979.78,2025-03-29,Rampur,Punjab
ORD100466,CUST5466,Arin Sekhon,Male,26,onveerthaker@example.org,9826205554,Dell Inspiron,Dell,Laptop,3,58999,5,18,168147.15,138057.66,30089.49,2024-06-18,Aurangabad,Sikkim
ORD100467,CUST5467,Chakrika Puri,Female,48,vshan@example.net,9876136382,iPhone 15,Apple,Electronics,4,79999,10,18,287996.4,249596.88,38399.52,2024-12-17,Gandhidham,Uttar Pradesh
ORD100468,CUST5468,Varenya Bhattacharyya,Female,44,yasti48@example.org,9170192608,HP Pavilion,HP,Laptop,5,65999,10,18,296995.5,257396.1,39599.4,2025-03-29,Jalandhar,Maharashtra
ORD100469,CUST5469,Ikshita Som,Female,31,jvenkataraman@example.net,9912006579,Dell Inspiron,Dell,Laptop,2,58999,5,18,112098.1,92038.44,20059.66,2025-05-26,Surat,Himachal Pradesh
ORD100470,CUST5470,Omaja Batta,Male,52,tvarkey@example.org,9437157885,iPhone 15,Apple,Electronics,3,79999,0,18,239997.0,187197.66,52799.34,2024-12-25,New Delhi,West Bengal
ORD100471,CUST5471,Ikbal Sheth,Female,30,watika69@example.com,9680873622,Galaxy S24,Samsung,Electronics,3,74999,0,18,224997.0,175497.66,49499.34,2023-08-20,Ambala,Telangana
ORD100472,CUST5472,Zaitra Bose,Female,60,damyanti90@example.org,9333654186,iPhone 15,Apple,Electronics,2,79999,15,18,135998.3,124798.44,11199.86,2024-02-25,Katni,Nagaland
ORD100473,CUST5473,Mekhala Mitter,Female,58,aditya29@example.com,9635295273,Galaxy S24,Samsung,Electronics,5,74999,5,18,356245.25,292496.1,63749.15,2023-07-14,Dehradun,Manipur
ORD100474,CUST5474,Pooja Sama,Female,22,kundaonkar@example.net,9949049840,iPhone 15,Apple,Electronics,5,79999,15,18,339995.75,311996.1,27999.65,2023-03-22,Thane,Andhra Pradesh
ORD100475,CUST5475,Rachit Rajagopal,Female,32,kuruvillaunnati@example.net,9805164532,Dell Inspiron,Dell,Laptop,1,58999,15,18,50149.15,46019.22,4129.93,2023-06-29,Shahjahanpur,Tamil Nadu
ORD100476,CUST5476,Neelima Kanda,Male,30,gsankaran@example.com,9814234628,HP Pavilion,HP,Laptop,1,65999,5,18,62699.05,51479.22,11219.83,2025-05-31,Kirari Suleman Nagar,Tripura
ORD100477,CUST5477,Tejas Hora,Female,32,shravya50@example.org,9972382080,Galaxy S24,Samsung,Electronics,5,74999,0,18,374995.0,292496.1,82498.9,2024-01-15,Jalgaon,Telangana
ORD100478,CUST5478,Bhavani Chacko,Female,45,tripathireva@example.com,9532773546,HP Pavilion,HP,Laptop,3,65999,0,18,197997.0,154437.66,43559.34,2024-03-26,Kishanganj,Nagaland
ORD100479,CUST5479,Darika Hegde,Female,44,kpillai@example.com,9152414271,Galaxy S24,Samsung,Electronics,1,74999,10,18,67499.1,58499.22,8999.88,2025-02-04,Hazaribagh,Madhya Pradesh
ORD100480,CUST5480,Nathaniel Chacko,Female,34,gopal25@example.com,9825642351,Galaxy S24,Samsung,Electronics,1,74999,5,18,71249.05,58499.22,12749.83,2023-09-11,Kurnool,Bihar
ORD100481,CUST5481,Jyoti Chawla,Male,26,kalpitbalakrishnan@example.com,9655517961,Dell Inspiron,Dell,Laptop,2,58999,0,18,117998.0,92038.44,25959.56,2024-06-04,Nashik,Tamil Nadu
ORD100482,CUST5482,Ekiya Sridhar,Male,26,ayushahluwalia@example.net,9271477858,HP Pavilion,HP,Laptop,4,65999,5,18,250796.2,205916.88,44879.32,2023-05-24,Serampore,Uttar Pradesh
ORD100483,CUST5483,Radhika Mital,Female,33,gaurikashyap@example.net,9201237131,Dell Inspiron,Dell,Laptop,3,58999,15,18,150447.45,138057.66,12389.79,2023-04-11,Jorhat,Tripura
ORD100484,CUST5484,Zehaan Gara,Male,21,cdeol@example.net,9996140275,iPhone 15,Apple,Electronics,2,79999,5,18,151998.1,124798.44,27199.66,2024-04-30,Loni,Telangana
ORD100485,CUST5485,Nathaniel Lanka,Male,43,mohammedkhare@example.org,9947125286,iPhone 15,Apple,Electronics,4,79999,15,18,271996.6,249596.88,22399.72,2024-07-27,Fatehpur,Uttarakhand
ORD100486,CUST5486,Sarthak Mane,Male,22,hbains@example.net,9206092472,iPhone 15,Apple,Electronics,1,79999,15,18,67999.15,62399.22,5599.93,2024-09-06,Tirupati,Assam
ORD100487,CUST5487,Nisha Batta,Male,29,imalhotra@example.org,9495747615,HP Pavilion,HP,Laptop,4,65999,0,18,263996.0,205916.88,58079.12,2025-03-24,Chinsurah,Karnataka
ORD100488,CUST5488,Megha Guha,Female,26,nitesh88@example.net,9529193806,iPhone 15,Apple,Electronics,5,79999,15,18,339995.75,311996.1,27999.65,2025-02-25,Phagwara,Meghalaya
ORD100489,CUST5489,Ekiya Ramachandran,Male,30,diyatrivedi@example.net,9941245564,Dell Inspiron,Dell,Laptop,1,58999,15,18,50149.15,46019.22,4129.93,2024-11-20,Jaunpur,Chhattisgarh
ORD100490,CUST5490,Vasatika Rau,Male,35,chandran46@example.net,9575447891,Dell Inspiron,Dell,Laptop,3,58999,10,18,159297.3,138057.66,21239.64,2023-01-31,Kumbakonam,Maharashtra
ORD100491,CUST5491,Sachi Kalita,Male,45,choprabhavini@example.com,9274063102,Galaxy S24,Samsung,Electronics,3,74999,0,18,224997.0,175497.66,49499.34,2025-05-30,Shivpuri,Uttarakhand
ORD100492,CUST5492,Warhi Khanna,Female,45,qdixit@example.net,9130398580,iPhone 15,Apple,Electronics,5,79999,15,18,339995.75,311996.1,27999.65,2023-08-20,Mehsana,Karnataka
ORD100493,CUST5493,Jeet Shah,Male,44,khalsaisha@example.net,9909335450,iPhone 15,Apple,Electronics,1,79999,10,18,71999.1,62399.22,9599.88,2025-01-13,Haridwar,Meghalaya
ORD100494,CUST5494,Ayush Chaudhuri,Male,41,jsalvi@example.com,9340912658,iPhone 15,Apple,Electronics,4,79999,5,18,303996.2,249596.88,54399.32,2024-03-04,Madurai,Arunachal Pradesh
ORD100495,CUST5495,Parth Khatri,Male,38,pandyaanita@example.org,9901719558,HP Pavilion,HP,Laptop,2,65999,5,18,125398.1,102958.44,22439.66,2024-04-24,Bathinda,Telangana
ORD100496,CUST5496,Chandresh Garde,Male,23,dashchakradev@example.com,9603752738,HP Pavilion,HP,Laptop,4,65999,15,18,224396.6,205916.88,18479.72,2023-04-19,Shivpuri,Uttar Pradesh
ORD100497,CUST5497,Falguni Kalita,Male,24,doctordhriti@example.org,9554132748,HP Pavilion,HP,Laptop,4,65999,10,18,237596.4,205916.88,31679.52,2024-09-15,Gopalpur,Sikkim
ORD100498,CUST5498,Caleb Loyal,Female,33,turvimerchant@example.com,9155019668,Galaxy S24,Samsung,Electronics,4,74999,15,18,254996.6,233996.88,20999.72,2024-05-30,Bikaner,Gujarat
ORD100499,CUST5499,Tejas Bhargava,Female,51,abhirambalasubramanian@example.com,9971679042,Dell Inspiron,Dell,Laptop,4,58999,5,18,224196.2,184076.88,40119.32,2025-02-02,Burhanpur,Uttarakhand
ORD100500,CUST5500,Thomas Lad,Female,36,tanknetra@example.com,9579958948,HP Pavilion,HP,Laptop,4,65999,5,18,250796.2,205916.88,44879.32,2024-06-23,Siwan,Gujarat
ORD100501,CUST5501,Chandani Kapoor,Female,54,abeerben@example.com,9715574407,HP Pavilion,HP,Laptop,4,65999,10,18,237596.4,205916.88,31679.52,2024-02-13,Thanjavur,Jharkhand
ORD100502,CUST5502,Vasudha Char,Male,47,gsoni@example.com,9314352963,Dell Inspiron,Dell,Laptop,1,58999,10,18,53099.1,46019.22,7079.88,2023-12-02,Ahmednagar,Uttarakhand
ORD100503,CUST5503,Ira Sathe,Female,19,vasudhakonda@example.org,9405010067,Dell Inspiron,Dell,Laptop,2,58999,10,18,106198.2,92038.44,14159.76,2023-11-12,Mathura,Mizoram
ORD100504,CUST5504,Harish Bhatt,Female,60,nparsa@example.org,9192472261,Galaxy S24,Samsung,Electronics,1,74999,15,18,63749.15,58499.22,5249.93,2023-02-16,Kavali,Manipur
ORD100505,CUST5505,Theodore Sanghvi,Male,40,triya95@example.net,9270333497,iPhone 15,Apple,Electronics,5,79999,15,18,339995.75,311996.1,27999.65,2025-02-06,Chandigarh,Karnataka
ORD100506,CUST5506,Mason Sharaf,Female,38,jagrati47@example.org,9600700314,HP Pavilion,HP,Laptop,1,65999,10,18,59399.1,51479.22,7919.88,2023-07-17,Bhind,Uttarakhand
ORD100507,CUST5507,Saumya Srinivasan,Female,46,walizarna@example.net,9565670708,iPhone 15,Apple,Electronics,5,79999,15,18,339995.75,311996.1,27999.65,2024-04-23,Yamunanagar,Nagaland
ORD100508,CUST5508,Balendra Zachariah,Male,20,shukladevika@example.org,9433087609,iPhone 15,Apple,Electronics,3,79999,0,18,239997.0,187197.66,52799.34,2023-07-01,Durg,Chhattisgarh
ORD100509,CUST5509,Rehaan Prabhu,Female,54,kai51@example.net,9620673930,HP Pavilion,HP,Laptop,5,65999,15,18,280495.75,257396.1,23099.65,2023-06-09,Visakhapatnam,Nagaland
ORD100510,CUST5510,Teerth Singhal,Female,46,rajata97@example.org,9921299780,Dell Inspiron,Dell,Laptop,3,58999,15,18,150447.45,138057.66,12389.79,2023-04-03,Bhalswa Jahangir Pur,Chhattisgarh
ORD100511,CUST5511,Aryan Ramaswamy,Male,47,qchada@example.net,9708286194,Dell Inspiron,Dell,Laptop,5,58999,15,18,250745.75,230096.1,20649.65,2025-03-07,Udaipur,Madhya Pradesh
ORD100512,CUST5512,Zashil Toor,Male,18,andrewvenkatesh@example.com,9132385524,iPhone 15,Apple,Electronics,4,79999,5,18,303996.2,249596.88,54399.32,2025-02-11,Shimoga,Himachal Pradesh
ORD100513,CUST5513,Nimrat Radhakrishnan,Female,25,henry37@example.org,9102365177,Dell Inspiron,Dell,Laptop,1,58999,15,18,50149.15,46019.22,4129.93,2024-06-17,Rajahmundry,Tamil Nadu
ORD100514,CUST5514,Gopal Muni,Female,29,pantfaras@example.org,9677995889,iPhone 15,Apple,Electronics,3,79999,5,18,227997.15,187197.66,40799.49,2023-03-04,Sangli-Miraj & Kupwad,Kerala
ORD100515,CUST5515,Praneel Mohanty,Female,54,arin97@example.com,9735862873,iPhone 15,Apple,Electronics,3,79999,10,18,215997.3,187197.66,28799.64,2024-03-17,Davanagere,Chhattisgarh
ORD100516,CUST5516,Chaman Sandhu,Male,19,rtripathi@example.net,9546951198,Dell Inspiron,Dell,Laptop,2,58999,5,18,112098.1,92038.44,20059.66,2025-03-23,Sonipat,Madhya Pradesh
ORD100517,CUST5517,Saanvi Karnik,Female,52,kaledarsh@example.net,9630378886,HP Pavilion,HP,Laptop,2,65999,0,18,131998.0,102958.44,29039.56,2023-12-06,Saharanpur,Uttar Pradesh
ORD100518,CUST5518,Bishakha Dhawan,Male,26,yamini91@example.com,9388733090,HP Pavilion,HP,Laptop,2,65999,0,18,131998.0,102958.44,29039.56,2023-08-13,Udupi,Himachal Pradesh
ORD100519,CUST5519,Patrick Apte,Female,40,subramanianbhanumati@example.com,9549291035,HP Pavilion,HP,Laptop,5,65999,15,18,280495.75,257396.1,23099.65,2023-01-19,Nadiad,Jharkhand
ORD100520,CUST5520,Jasmit Dube,Male,41,nwali@example.net,9610879315,HP Pavilion,HP,Laptop,3,65999,15,18,168297.45,154437.66,13859.79,2023-07-13,Darbhanga,Telangana
ORD100521,CUST5521,Shivansh Dora,Male,30,ysengupta@example.net,9484033171,Dell Inspiron,Dell,Laptop,5,58999,10,18,265495.5,230096.1,35399.4,2024-06-22,Anand,West Bengal
ORD100522,CUST5522,Janani Basak,Female,43,vedikasuresh@example.com,9552192301,Dell Inspiron,Dell,Laptop,1,58999,10,18,53099.1,46019.22,7079.88,2024-05-09,Kavali,Assam
ORD100523,CUST5523,Tanish Bansal,Female,25,majumdarsamaksh@example.org,9149332386,iPhone 15,Apple,Electronics,3,79999,5,18,227997.15,187197.66,40799.49,2023-08-23,Tinsukia,Kerala
ORD100524,CUST5524,Vritti Chaudry,Female,55,ranveerbobal@example.com,9368527595,iPhone 15,Apple,Electronics,1,79999,10,18,71999.1,62399.22,9599.88,2023-06-03,Srinagar,Punjab
ORD100525,CUST5525,Bina Padmanabhan,Male,34,ria39@example.org,9929623237,iPhone 15,Apple,Electronics,4,79999,5,18,303996.2,249596.88,54399.32,2024-12-16,Nagpur,Odisha
ORD100526,CUST5526,Teerth Jha,Male,29,gollaliam@example.com,9699694113,iPhone 15,Apple,Electronics,1,79999,5,18,75999.05,62399.22,13599.83,2025-02-18,Saharsa,Punjab
ORD100527,CUST5527,Jagrati Tata,Female,38,madanjalsa@example.org,9880321066,Galaxy S24,Samsung,Electronics,2,74999,10,18,134998.2,116998.44,17999.76,2024-08-31,Aurangabad,Haryana
ORD100528,CUST5528,Bishakha Vaidya,Female,37,drama@example.net,9137999891,Dell Inspiron,Dell,Laptop,1,58999,15,18,50149.15,46019.22,4129.93,2023-01-30,Bhiwani,Tamil Nadu
ORD100529,CUST5529,Harish Nath,Male,26,ridhi92@example.org,9431283791,Galaxy S24,Samsung,Electronics,4,74999,5,18,284996.2,233996.88,50999.32,2024-08-08,Delhi,Kerala
ORD100530,CUST5530,Omaja Khatri,Male,27,joshuabutala@example.net,9196191654,Galaxy S24,Samsung,Electronics,1,74999,10,18,67499.1,58499.22,8999.88,2023-07-07,Erode,Bihar
ORD100531,CUST5531,Pallavi Ganesh,Female,25,tanaysachar@example.org,9696646613,iPhone 15,Apple,Electronics,5,79999,10,18,359995.5,311996.1,47999.4,2024-08-13,Jhansi,Andhra Pradesh
ORD100532,CUST5532,Lohit Mukherjee,Male,60,tanejadarika@example.com,9917379804,iPhone 15,Apple,Electronics,1,79999,0,18,79999.0,62399.22,17599.78,2023-10-18,Eluru,Odisha
ORD100533,CUST5533,Faris Pandit,Male,57,sekhonaryan@example.com,9692684365,HP Pavilion,HP,Laptop,5,65999,15,18,280495.75,257396.1,23099.65,2023-03-30,Nizamabad,Gujarat
ORD100534,CUST5534,Oeshi Singh,Female,55,christopher78@example.net,9820447355,Dell Inspiron,Dell,Laptop,1,58999,5,18,56049.05,46019.22,10029.83,2023-03-31,Bhopal,Sikkim
ORD100535,CUST5535,Ekanta Golla,Female,60,evora@example.com,9574979148,Dell Inspiron,Dell,Laptop,2,58999,0,18,117998.0,92038.44,25959.56,2024-01-17,Jodhpur,Arunachal Pradesh
ORD100536,CUST5536,Maya Bala,Female,51,abhimanyunigam@example.net,9306424682,Dell Inspiron,Dell,Laptop,5,58999,10,18,265495.5,230096.1,35399.4,2023-11-25,Bijapur,Maharashtra
ORD100537,CUST5537,Champak Narain,Male,36,krishnagandhi@example.org,9618062095,HP Pavilion,HP,Laptop,2,65999,10,18,118798.2,102958.44,15839.76,2023-02-21,Arrah,Mizoram
ORD100538,CUST5538,Bina Menon,Male,54,nishaahluwalia@example.com,9523834023,iPhone 15,Apple,Electronics,4,79999,5,18,303996.2,249596.88,54399.32,2023-06-11,Dibrugarh,Uttar Pradesh
ORD100539,CUST5539,Gaurav Mani,Male,43,dominic53@example.org,9215105011,Galaxy S24,Samsung,Electronics,3,74999,0,18,224997.0,175497.66,49499.34,2024-12-10,Mira-Bhayandar,Odisha
ORD100540,CUST5540,Balvan Kamdar,Female,21,jeevika73@example.net,9566634500,Dell Inspiron,Dell,Laptop,4,58999,10,18,212396.4,184076.88,28319.52,2025-06-08,Agra,Uttar Pradesh
ORD100541,CUST5541,Leena Rastogi,Female,47,crana@example.org,9125690095,HP Pavilion,HP,Laptop,5,65999,10,18,296995.5,257396.1,39599.4,2024-09-22,Mehsana,Andhra Pradesh
ORD100542,CUST5542,Naveen Das,Female,43,toorranbir@example.org,9444759348,Dell Inspiron,Dell,Laptop,5,58999,0,18,294995.0,230096.1,64898.9,2025-02-10,Berhampore,Mizoram
ORD100543,CUST5543,Nirja Thakkar,Male,20,nimratvaidya@example.org,9461406524,Dell Inspiron,Dell,Laptop,4,58999,15,18,200596.6,184076.88,16519.72,2024-10-18,Vijayawada,Haryana
ORD100544,CUST5544,Reva Sankar,Female,42,ekiya38@example.org,9533860045,Galaxy S24,Samsung,Electronics,2,74999,5,18,142498.1,116998.44,25499.66,2023-09-12,Etawah,Uttar Pradesh
ORD100545,CUST5545,Januja Chawla,Female,40,kiaan38@example.net,9228870332,iPhone 15,Apple,Electronics,3,79999,15,18,203997.45,187197.66,16799.79,2024-02-16,Sri Ganganagar,Kerala
ORD100546,CUST5546,Chakrika Misra,Male,54,gokhaleranveer@example.net,9202956338,iPhone 15,Apple,Electronics,5,79999,10,18,359995.5,311996.1,47999.4,2024-10-04,Morena,Assam
ORD100547,CUST5547,Vidhi Varughese,Female,20,dhillonlakshit@example.com,9511349372,Dell Inspiron,Dell,Laptop,2,58999,15,18,100298.3,92038.44,8259.86,2024-03-09,Gandhidham,Telangana
ORD100548,CUST5548,Indira Lad,Female,57,abeer91@example.net,9461073584,iPhone 15,Apple,Electronics,5,79999,5,18,379995.25,311996.1,67999.15,2024-05-16,Tiruchirappalli,Odisha
ORD100549,CUST5549,Radhika Khatri,Female,40,kundakalpit@example.org,9426659099,HP Pavilion,HP,Laptop,3,65999,10,18,178197.3,154437.66,23759.64,2023-05-04,Pudukkottai,Maharashtra
ORD100550,CUST5550,Naveen Chakraborty,Male,35,uppalyashica@example.net,9685513819,HP Pavilion,HP,Laptop,2,65999,5,18,125398.1,102958.44,22439.66,2025-03-21,Howrah,Assam
ORD100551,CUST5551,Jyoti Barman,Female,37,fmahajan@example.com,9878698621,iPhone 15,Apple,Electronics,2,79999,5,18,151998.1,124798.44,27199.66,2023-09-07,Shahjahanpur,Assam
ORD100552,CUST5552,Yashasvi Apte,Female,39,samarthdeshmukh@example.net,9335794336,Galaxy S24,Samsung,Electronics,4,74999,10,18,269996.4,233996.88,35999.52,2023-12-04,Raipur,Madhya Pradesh
ORD100553,CUST5553,Theodore Khosla,Female,46,keyamitter@example.com,9429675276,Galaxy S24,Samsung,Electronics,4,74999,15,18,254996.6,233996.88,20999.72,2024-02-26,Ghaziabad,Assam
ORD100554,CUST5554,Madhav Bahl,Male,49,wrajagopalan@example.net,9267965428,HP Pavilion,HP,Laptop,5,65999,10,18,296995.5,257396.1,39599.4,2023-12-01,Bidar,Haryana
ORD100555,CUST5555,Oni Sachar,Male,54,nidhi13@example.com,9328133030,Galaxy S24,Samsung,Electronics,1,74999,15,18,63749.15,58499.22,5249.93,2024-10-24,Durg,Meghalaya
ORD100556,CUST5556,Tanmayi Baral,Female,37,mannavi@example.com,9535908938,iPhone 15,Apple,Electronics,4,79999,15,18,271996.6,249596.88,22399.72,2024-12-08,Sonipat,Assam
ORD100557,CUST5557,Harshil Lad,Male,31,rajata80@example.org,9412845925,Galaxy S24,Samsung,Electronics,1,74999,5,18,71249.05,58499.22,12749.83,2024-03-10,Yamunanagar,Goa
ORD100558,CUST5558,Ojas Ganesan,Female,60,deolchavvi@example.org,9206718951,HP Pavilion,HP,Laptop,2,65999,10,18,118798.2,102958.44,15839.76,2024-05-27,Gudivada,Tripura
ORD100559,CUST5559,Manbir Arora,Female,52,knarayanan@example.com,9116507268,Galaxy S24,Samsung,Electronics,4,74999,15,18,254996.6,233996.88,20999.72,2025-05-22,Siliguri,Arunachal Pradesh
ORD100560,CUST5560,Upkaar Khurana,Female,53,falakmahajan@example.com,9675514991,Galaxy S24,Samsung,Electronics,2,74999,15,18,127498.3,116998.44,10499.86,2024-04-02,Phusro,Kerala
ORD100561,CUST5561,Ekaja Ratta,Female,19,chora@example.net,9383199477,HP Pavilion,HP,Laptop,1,65999,5,18,62699.05,51479.22,11219.83,2025-02-27,Vellore,Chhattisgarh
ORD100562,CUST5562,Yashoda Pal,Female,27,kevin50@example.com,9195131784,HP Pavilion,HP,Laptop,2,65999,15,18,112198.3,102958.44,9239.86,2025-01-27,Bilaspur,Telangana
ORD100563,CUST5563,Teerth Anne,Male,50,qradhakrishnan@example.com,9108456383,iPhone 15,Apple,Electronics,5,79999,5,18,379995.25,311996.1,67999.15,2023-10-15,Chapra,Haryana
ORD100564,CUST5564,Nikita Chadha,Female,57,tamannagaba@example.net,9614245284,HP Pavilion,HP,Laptop,3,65999,15,18,168297.45,154437.66,13859.79,2024-07-16,Miryalaguda,Uttar Pradesh
ORD100565,CUST5565,Maanas Gole,Female,32,garima35@example.net,9847763598,Dell Inspiron,Dell,Laptop,4,58999,10,18,212396.4,184076.88,28319.52,2025-02-16,Vasai-Virar,Sikkim
ORD100566,CUST5566,Vasana Bassi,Male,47,saumyachana@example.org,9678585494,HP Pavilion,HP,Laptop,5,65999,10,18,296995.5,257396.1,39599.4,2025-04-21,Sasaram,Andhra Pradesh
ORD100567,CUST5567,Chakradhar Chacko,Male,26,maxkumer@example.org,9438845765,Galaxy S24,Samsung,Electronics,4,74999,15,18,254996.6,233996.88,20999.72,2024-03-17,Jamshedpur,Gujarat
ORD100568,CUST5568,Nakul Bhakta,Male,50,badaldarsh@example.net,9994780061,iPhone 15,Apple,Electronics,3,79999,0,18,239997.0,187197.66,52799.34,2024-12-07,Chapra,Arunachal Pradesh
ORD100569,CUST5569,Gayathri Mohan,Female,29,rnarula@example.com,9382609607,HP Pavilion,HP,Laptop,3,65999,0,18,197997.0,154437.66,43559.34,2024-11-26,Gulbarga,Punjab
ORD100570,CUST5570,Mitali Bali,Male,31,yuvraj23@example.com,9680521222,Galaxy S24,Samsung,Electronics,4,74999,15,18,254996.6,233996.88,20999.72,2025-01-10,Farrukhabad,Haryana
ORD100571,CUST5571,Yamini Kapur,Female,21,qushi51@example.org,9454844691,Dell Inspiron,Dell,Laptop,3,58999,10,18,159297.3,138057.66,21239.64,2024-04-04,Rajahmundry,Arunachal Pradesh
ORD100572,CUST5572,Mekhala Cheema,Male,60,nakshdeo@example.net,9166926621,Galaxy S24,Samsung,Electronics,5,74999,15,18,318745.75,292496.1,26249.65,2023-10-16,Kozhikode,Nagaland
ORD100573,CUST5573,Amara Jaggi,Male,44,rattiveer@example.org,9563968687,Galaxy S24,Samsung,Electronics,3,74999,0,18,224997.0,175497.66,49499.34,2023-06-16,Bhind,Arunachal Pradesh
ORD100574,CUST5574,Rachit Mohanty,Female,42,battadayita@example.org,9898684571,HP Pavilion,HP,Laptop,5,65999,10,18,296995.5,257396.1,39599.4,2024-12-12,Karnal,Rajasthan
ORD100575,CUST5575,Quincy Karan,Male,47,krisha72@example.net,9409235870,iPhone 15,Apple,Electronics,3,79999,15,18,203997.45,187197.66,16799.79,2024-11-16,Bhopal,Jharkhand
ORD100576,CUST5576,Wyatt Joshi,Female,20,aarushramaswamy@example.net,9722117393,HP Pavilion,HP,Laptop,5,65999,15,18,280495.75,257396.1,23099.65,2023-12-30,Siwan,Chhattisgarh
ORD100577,CUST5577,Zehaan Parikh,Female,25,cheemaekantika@example.com,9892945880,iPhone 15,Apple,Electronics,4,79999,10,18,287996.4,249596.88,38399.52,2024-10-02,Tirunelveli,Himachal Pradesh
ORD100578,CUST5578,Harshil Purohit,Female,51,gopal74@example.com,9693442190,HP Pavilion,HP,Laptop,2,65999,0,18,131998.0,102958.44,29039.56,2025-04-09,Raurkela Industrial Township,Assam
ORD100579,CUST5579,Samuel Talwar,Female,60,pranitpuri@example.net,9444166972,iPhone 15,Apple,Electronics,5,79999,10,18,359995.5,311996.1,47999.4,2023-11-19,Kumbakonam,Meghalaya
ORD100580,CUST5580,Varsha Ratti,Male,48,indrajit61@example.net,9621592469,iPhone 15,Apple,Electronics,2,79999,15,18,135998.3,124798.44,11199.86,2024-11-02,Nellore,Maharashtra
ORD100581,CUST5581,Eesha Chaudhuri,Male,57,yashodhararana@example.org,9920740682,iPhone 15,Apple,Electronics,4,79999,5,18,303996.2,249596.88,54399.32,2024-06-12,Ranchi,Manipur
ORD100582,CUST5582,Jack Palla,Female,42,ekapadia@example.org,9250176638,HP Pavilion,HP,Laptop,4,65999,10,18,237596.4,205916.88,31679.52,2023-03-08,Baranagar,Bihar
ORD100583,CUST5583,Chaitaly Saraf,Female,50,masterojasvi@example.org,9917523479,HP Pavilion,HP,Laptop,4,65999,15,18,224396.6,205916.88,18479.72,2024-06-17,Nagaon,Jharkhand
ORD100584,CUST5584,Harini Mital,Female,27,tailorwriddhish@example.net,9466051974,iPhone 15,Apple,Electronics,1,79999,5,18,75999.05,62399.22,13599.83,2025-06-10,Buxar,Haryana
ORD100585,CUST5585,Jai Sagar,Female,43,chandrasiya@example.com,9621842540,Dell Inspiron,Dell,Laptop,3,58999,10,18,159297.3,138057.66,21239.64,2025-02-24,Silchar,Gujarat
ORD100586,CUST5586,Amara Barad,Female,37,yochana53@example.com,9521370506,HP Pavilion,HP,Laptop,5,65999,5,18,313495.25,257396.1,56099.15,2023-04-21,Chapra,Manipur
ORD100587,CUST5587,Chaman Swaminathan,Female,29,rachana84@example.org,9677826687,Dell Inspiron,Dell,Laptop,4,58999,15,18,200596.6,184076.88,16519.72,2023-10-17,Unnao,Nagaland
ORD100588,CUST5588,Vritti Gara,Male,19,rdasgupta@example.com,9447781906,Dell Inspiron,Dell,Laptop,4,58999,10,18,212396.4,184076.88,28319.52,2025-05-18,Kishanganj,Mizoram
ORD100589,CUST5589,Oeshi Pandit,Female,51,hitesh39@example.net,9734251466,Galaxy S24,Samsung,Electronics,3,74999,10,18,202497.3,175497.66,26999.64,2025-05-26,Giridih,Gujarat
ORD100590,CUST5590,Aradhana Ranganathan,Male,52,nsood@example.org,9862705725,Dell Inspiron,Dell,Laptop,5,58999,5,18,280245.25,230096.1,50149.15,2024-05-19,New Delhi,Meghalaya
ORD100591,CUST5591,Rohan Goswami,Female,18,kapoorrishi@example.com,9789411699,Galaxy S24,Samsung,Electronics,4,74999,10,18,269996.4,233996.88,35999.52,2023-11-26,Anantapur,Madhya Pradesh
ORD100592,CUST5592,Lucky Barman,Male,24,pallavi15@example.org,9162071811,Galaxy S24,Samsung,Electronics,2,74999,15,18,127498.3,116998.44,10499.86,2023-02-13,Raipur,Kerala
ORD100593,CUST5593,Chasmum Contractor,Male,52,tandonlakshit@example.com,9994460161,Dell Inspiron,Dell,Laptop,5,58999,10,18,265495.5,230096.1,35399.4,2025-05-10,Motihari,Assam
ORD100594,CUST5594,Ayaan Sem,Female,34,nagarajannaveen@example.com,9757053342,Galaxy S24,Samsung,Electronics,2,74999,10,18,134998.2,116998.44,17999.76,2024-08-25,Malda,Odisha
ORD100595,CUST5595,Zansi Bhasin,Male,29,jagathegde@example.com,9936975491,HP Pavilion,HP,Laptop,1,65999,15,18,56099.15,51479.22,4619.93,2023-01-01,Gandhidham,Arunachal Pradesh
ORD100596,CUST5596,Madhavi Dugar,Male,39,yatankale@example.net,9114362781,Galaxy S24,Samsung,Electronics,4,74999,0,18,299996.0,233996.88,65999.12,2024-06-07,Pali,Mizoram
ORD100597,CUST5597,Dhruv Murthy,Male,25,kondamohammed@example.org,9618891567,Galaxy S24,Samsung,Electronics,2,74999,5,18,142498.1,116998.44,25499.66,2024-12-09,Surendranagar Dudhrej,Nagaland
ORD100598,CUST5598,Lajita Karan,Male,43,masterjagrati@example.com,9338065939,Dell Inspiron,Dell,Laptop,1,58999,15,18,50149.15,46019.22,4129.93,2023-07-02,Vasai-Virar,Odisha
ORD100599,CUST5599,Falak Lal,Female,51,raoyadavi@example.org,9629673242,HP Pavilion,HP,Laptop,5,65999,5,18,313495.25,257396.1,56099.15,2024-06-03,Firozabad,Goa
ORD100600,CUST5600,Patrick Pingle,Female,31,timothy78@example.org,9561063143,iPhone 15,Apple,Electronics,4,79999,15,18,271996.6,249596.88,22399.72,2024-02-28,Aligarh,Haryana
ORD100601,CUST5601,Ayushman Yadav,Male,38,aadikhosla@example.com,9201875758,Galaxy S24,Samsung,Electronics,1,74999,0,18,74999.0,58499.22,16499.78,2023-09-01,Amaravati,Andhra Pradesh
ORD100602,CUST5602,Lajita Dass,Female,21,nidra43@example.com,9883326424,HP Pavilion,HP,Laptop,2,65999,5,18,125398.1,102958.44,22439.66,2023-03-19,Pondicherry,Maharashtra
ORD100603,CUST5603,Ojasvi Virk,Male,43,darakabir@example.org,9805385397,iPhone 15,Apple,Electronics,2,79999,10,18,143998.2,124798.44,19199.76,2024-07-15,Munger,Tripura
ORD100604,CUST5604,Victor Dhar,Female,41,norisamaksh@example.com,9217572991,Galaxy S24,Samsung,Electronics,3,74999,5,18,213747.15,175497.66,38249.49,2023-11-11,Unnao,Gujarat
ORD100605,CUST5605,Nicholas Sama,Female,37,diyadin@example.org,9384924358,HP Pavilion,HP,Laptop,4,65999,5,18,250796.2,205916.88,44879.32,2025-06-03,Bihar Sharif,Assam
ORD100606,CUST5606,Amaira Oommen,Male,51,michaelwalla@example.org,9764371873,HP Pavilion,HP,Laptop,3,65999,10,18,178197.3,154437.66,23759.64,2024-10-24,Rourkela,Assam
ORD100607,CUST5607,Yauvani Batra,Male,60,aryankrishnan@example.net,9465942067,iPhone 15,Apple,Electronics,3,79999,15,18,203997.45,187197.66,16799.79,2025-05-24,Gandhinagar,West Bengal
ORD100608,CUST5608,Dhriti Divan,Male,38,balatanish@example.com,9266849039,Dell Inspiron,Dell,Laptop,3,58999,5,18,168147.15,138057.66,30089.49,2023-04-14,Guntakal,Assam
ORD100609,CUST5609,Tejas Nadkarni,Female,42,aarushluthra@example.com,9739619711,iPhone 15,Apple,Electronics,1,79999,15,18,67999.15,62399.22,5599.93,2024-01-29,Jabalpur,West Bengal
ORD100610,CUST5610,Abha Jha,Female,55,lalabachittar@example.net,9868193766,Galaxy S24,Samsung,Electronics,4,74999,5,18,284996.2,233996.88,50999.32,2024-04-29,Thoothukudi,Karnataka
ORD100611,CUST5611,Tripti Banerjee,Male,60,johalekaja@example.net,9985122084,Dell Inspiron,Dell,Laptop,2,58999,15,18,100298.3,92038.44,8259.86,2023-09-06,Panipat,Gujarat
ORD100612,CUST5612,Darpan Kalita,Female,46,woommen@example.com,9219311641,Dell Inspiron,Dell,Laptop,3,58999,5,18,168147.15,138057.66,30089.49,2024-05-03,Tinsukia,Odisha
ORD100613,CUST5613,Bina Zacharia,Male,50,sainianita@example.org,9456959055,Galaxy S24,Samsung,Electronics,1,74999,15,18,63749.15,58499.22,5249.93,2023-12-11,Bhiwani,Uttarakhand
ORD100614,CUST5614,Kevin Nayak,Male,58,hegdeazad@example.com,9223890080,Galaxy S24,Samsung,Electronics,1,74999,15,18,63749.15,58499.22,5249.93,2023-02-03,Tumkur,Karnataka
ORD100615,CUST5615,Daniel Chada,Male,48,zehaan55@example.net,9271086758,iPhone 15,Apple,Electronics,1,79999,0,18,79999.0,62399.22,17599.78,2024-11-19,Darbhanga,Arunachal Pradesh
ORD100616,CUST5616,Yagnesh Sunder,Female,35,buchgeetika@example.net,9922264889,HP Pavilion,HP,Laptop,5,65999,15,18,280495.75,257396.1,23099.65,2023-09-19,Davanagere,Arunachal Pradesh
ORD100617,CUST5617,Isha Balakrishnan,Male,50,yashodharadey@example.net,9450769018,HP Pavilion,HP,Laptop,1,65999,5,18,62699.05,51479.22,11219.83,2024-09-14,Munger,Arunachal Pradesh
ORD100618,CUST5618,Urvi Dubey,Female,59,pavanicomar@example.com,9413992938,HP Pavilion,HP,Laptop,1,65999,0,18,65999.0,51479.22,14519.78,2024-08-11,Bellary,Karnataka
ORD100619,CUST5619,Nitesh Ramanathan,Male,24,jtara@example.com,9106778406,Galaxy S24,Samsung,Electronics,5,74999,10,18,337495.5,292496.1,44999.4,2024-02-17,Raichur,Bihar
ORD100620,CUST5620,Reyansh Johal,Male,26,nakulchar@example.com,9208617894,Dell Inspiron,Dell,Laptop,3,58999,10,18,159297.3,138057.66,21239.64,2023-07-29,Hyderabad,Sikkim
ORD100621,CUST5621,Nidra Narayanan,Male,41,meerasachar@example.net,9988453606,HP Pavilion,HP,Laptop,2,65999,0,18,131998.0,102958.44,29039.56,2023-11-05,Ambattur,West Bengal
ORD100622,CUST5622,Harita Sarraf,Female,27,qasim08@example.com,9281720736,iPhone 15,Apple,Electronics,5,79999,5,18,379995.25,311996.1,67999.15,2024-04-27,Surat,Tamil Nadu
ORD100623,CUST5623,Bachittar Mody,Male,25,bhagatkritika@example.net,9882675654,HP Pavilion,HP,Laptop,3,65999,15,18,168297.45,154437.66,13859.79,2024-10-05,Jalgaon,Meghalaya
ORD100624,CUST5624,Ekaraj Sarma,Male,53,jeevikaahluwalia@example.com,9855347007,HP Pavilion,HP,Laptop,2,65999,10,18,118798.2,102958.44,15839.76,2024-06-25,Kavali,Rajasthan
ORD100625,CUST5625,Hitesh Nigam,Female,51,abha38@example.org,9248889240,HP Pavilion,HP,Laptop,3,65999,10,18,178197.3,154437.66,23759.64,2023-06-24,North Dumdum,Uttar Pradesh
ORD100626,CUST5626,Abhiram Bhakta,Female,38,devipraneel@example.org,9293082493,Galaxy S24,Samsung,Electronics,4,74999,15,18,254996.6,233996.88,20999.72,2024-06-30,Ujjain,Tamil Nadu
ORD100627,CUST5627,Vansha Baria,Female,27,upmatandon@example.org,9418254234,Dell Inspiron,Dell,Laptop,5,58999,5,18,280245.25,230096.1,50149.15,2023-11-03,Udupi,Andhra Pradesh
ORD100628,CUST5628,Aarini Lata,Female,42,nihal24@example.org,9418787863,Dell Inspiron,Dell,Laptop,4,58999,10,18,212396.4,184076.88,28319.52,2023-05-05,Vijayanagaram,Chhattisgarh
ORD100629,CUST5629,Saumya Sodhi,Male,28,devsrinivas@example.com,9424961214,HP Pavilion,HP,Laptop,4,65999,10,18,237596.4,205916.88,31679.52,2023-04-02,Malda,Gujarat
ORD100630,CUST5630,Luke Khanna,Female,27,chhabratanveer@example.net,9468509253,Galaxy S24,Samsung,Electronics,3,74999,10,18,202497.3,175497.66,26999.64,2023-03-03,Kulti,Haryana
ORD100631,CUST5631,Caleb Ramanathan,Male,24,oprakash@example.org,9688201775,iPhone 15,Apple,Electronics,4,79999,5,18,303996.2,249596.88,54399.32,2023-10-07,Jabalpur,Jharkhand
ORD100632,CUST5632,Lekha Gupta,Female,58,miteshrama@example.net,9462351488,Galaxy S24,Samsung,Electronics,1,74999,15,18,63749.15,58499.22,5249.93,2025-03-31,Serampore,Sikkim
ORD100633,CUST5633,Gunbir Pingle,Male,22,oviyasha@example.net,9693725408,Galaxy S24,Samsung,Electronics,2,74999,10,18,134998.2,116998.44,17999.76,2025-01-12,Ghaziabad,Karnataka
ORD100634,CUST5634,Inaya Som,Female,28,barkhakoshy@example.net,9910839376,Dell Inspiron,Dell,Laptop,4,58999,5,18,224196.2,184076.88,40119.32,2023-07-14,Indore,Manipur
ORD100635,CUST5635,Barkha Kakar,Female,60,bachittarchahal@example.com,9533002139,Dell Inspiron,Dell,Laptop,5,58999,10,18,265495.5,230096.1,35399.4,2024-11-11,Bidhannagar,Jharkhand
ORD100636,CUST5636,Forum Parikh,Male,47,jagdishsastry@example.net,9726751195,iPhone 15,Apple,Electronics,2,79999,5,18,151998.1,124798.44,27199.66,2025-03-28,Nizamabad,Bihar
ORD100637,CUST5637,Aishani Ratta,Male,59,zarna69@example.com,9256685971,Galaxy S24,Samsung,Electronics,4,74999,15,18,254996.6,233996.88,20999.72,2023-01-08,Surendranagar Dudhrej,Himachal Pradesh
ORD100638,CUST5638,Farhan Goda,Male,34,caleb91@example.org,9235535343,iPhone 15,Apple,Electronics,1,79999,5,18,75999.05,62399.22,13599.83,2024-11-10,Kalyan-Dombivli,Kerala
ORD100639,CUST5639,Suhani Wason,Female,54,fkari@example.org,9515937633,Dell Inspiron,Dell,Laptop,1,58999,15,18,50149.15,46019.22,4129.93,2024-10-10,Loni,Himachal Pradesh
ORD100640,CUST5640,Chakradev Vala,Female,39,unnativarughese@example.org,9752071280,Dell Inspiron,Dell,Laptop,5,58999,5,18,280245.25,230096.1,50149.15,2023-11-27,Vasai-Virar,Punjab
ORD100641,CUST5641,Jackson Kapur,Male,27,rchauhan@example.com,9975479766,Galaxy S24,Samsung,Electronics,5,74999,0,18,374995.0,292496.1,82498.9,2025-06-17,Visakhapatnam,Andhra Pradesh
ORD100642,CUST5642,Gaurangi Puri,Female,54,odikaraval@example.com,9682422628,Galaxy S24,Samsung,Electronics,5,74999,15,18,318745.75,292496.1,26249.65,2024-05-05,Farrukhabad,West Bengal
ORD100643,CUST5643,Watika Deol,Male,34,davidarya@example.org,9630702455,Dell Inspiron,Dell,Laptop,3,58999,0,18,176997.0,138057.66,38939.34,2024-09-15,Panvel,Mizoram
ORD100644,CUST5644,Bimala Tata,Female,31,tanmayidesai@example.com,9247524894,Galaxy S24,Samsung,Electronics,5,74999,10,18,337495.5,292496.1,44999.4,2023-05-01,Mahbubnagar,Chhattisgarh
ORD100645,CUST5645,Aachal Mohanty,Female,18,yugdoshi@example.com,9596245088,Galaxy S24,Samsung,Electronics,5,74999,5,18,356245.25,292496.1,63749.15,2023-07-31,Naihati,Maharashtra
ORD100646,CUST5646,Raghav Nayar,Female,41,knarayan@example.net,9254610911,HP Pavilion,HP,Laptop,1,65999,10,18,59399.1,51479.22,7919.88,2023-02-01,Bidar,Bihar
ORD100647,CUST5647,Parth Suresh,Female,18,lilachoudhary@example.org,9467845119,iPhone 15,Apple,Electronics,3,79999,5,18,227997.15,187197.66,40799.49,2024-09-30,Malegaon,Kerala
ORD100648,CUST5648,Hemangini Rege,Male,36,hsura@example.net,9308258600,iPhone 15,Apple,Electronics,5,79999,10,18,359995.5,311996.1,47999.4,2024-04-19,Bally,Himachal Pradesh
ORD100649,CUST5649,Bhavini Thakkar,Male,31,maharajchakrika@example.org,9497165207,iPhone 15,Apple,Electronics,2,79999,10,18,143998.2,124798.44,19199.76,2024-10-15,Surendranagar Dudhrej,Mizoram
ORD100650,CUST5650,Bhavika Chokshi,Male,24,urvashi42@example.net,9565359663,Dell Inspiron,Dell,Laptop,2,58999,5,18,112098.1,92038.44,20059.66,2023-10-11,Ranchi,Tamil Nadu
ORD100651,CUST5651,Brinda Mani,Male,46,wpatla@example.net,9173011723,iPhone 15,Apple,Electronics,2,79999,10,18,143998.2,124798.44,19199.76,2023-03-01,Panipat,Karnataka
ORD100652,CUST5652,Ekaraj Varghese,Female,22,muttifiyaz@example.net,9661701527,iPhone 15,Apple,Electronics,1,79999,10,18,71999.1,62399.22,9599.88,2024-10-29,Buxar,Jharkhand
ORD100653,CUST5653,Barkha Brar,Male,30,ramakrishnanupasna@example.com,9730971195,Galaxy S24,Samsung,Electronics,3,74999,0,18,224997.0,175497.66,49499.34,2024-09-04,Kalyan-Dombivli,Tripura
ORD100654,CUST5654,Aarna Wadhwa,Male,58,amara02@example.net,9902224506,HP Pavilion,HP,Laptop,1,65999,0,18,65999.0,51479.22,14519.78,2023-10-18,Lucknow,Mizoram
ORD100655,CUST5655,Akshay Sangha,Female,21,dsridhar@example.com,9971222420,Dell Inspiron,Dell,Laptop,2,58999,10,18,106198.2,92038.44,14159.76,2024-01-18,Akola,Manipur
ORD100656,CUST5656,Isaac Johal,Female,21,omuni@example.com,9783048491,iPhone 15,Apple,Electronics,2,79999,0,18,159998.0,124798.44,35199.56,2023-10-30,Gorakhpur,Bihar
ORD100657,CUST5657,Udyati Soni,Female,21,xbalasubramanian@example.net,9414745554,Galaxy S24,Samsung,Electronics,3,74999,10,18,202497.3,175497.66,26999.64,2024-11-03,Bilaspur,Madhya Pradesh
ORD100658,CUST5658,Faris Patla,Male,21,vanyabatra@example.com,9171512150,Galaxy S24,Samsung,Electronics,3,74999,0,18,224997.0,175497.66,49499.34,2024-02-22,Varanasi,Arunachal Pradesh
ORD100659,CUST5659,Dhruv Kaul,Female,49,yoshita38@example.org,9952998906,Dell Inspiron,Dell,Laptop,4,58999,10,18,212396.4,184076.88,28319.52,2024-09-04,Karawal Nagar,Madhya Pradesh
ORD100660,CUST5660,Anvi Shenoy,Female,49,nayakoscar@example.com,9545399797,Dell Inspiron,Dell,Laptop,4,58999,10,18,212396.4,184076.88,28319.52,2024-12-12,Gandhidham,Telangana
ORD100661,CUST5661,Arin Kumar,Female,47,psankar@example.net,9946775350,iPhone 15,Apple,Electronics,5,79999,15,18,339995.75,311996.1,27999.65,2024-09-15,Jamalpur,Nagaland
ORD100662,CUST5662,Ojasvi Minhas,Male,18,ssrinivas@example.net,9370239680,HP Pavilion,HP,Laptop,1,65999,5,18,62699.05,51479.22,11219.83,2024-06-24,Delhi,Arunachal Pradesh
ORD100663,CUST5663,Rachita Tella,Female,55,bimala35@example.com,9698077641,iPhone 15,Apple,Electronics,5,79999,5,18,379995.25,311996.1,67999.15,2023-05-25,Ulhasnagar,Tamil Nadu
ORD100664,CUST5664,Wakeeta Arora,Female,50,sharmayagnesh@example.net,9841713423,Dell Inspiron,Dell,Laptop,4,58999,5,18,224196.2,184076.88,40119.32,2024-10-24,Dhanbad,Sikkim
ORD100665,CUST5665,Gaurika Pai,Female,29,ekiyadutta@example.com,9583640138,Galaxy S24,Samsung,Electronics,5,74999,10,18,337495.5,292496.1,44999.4,2024-05-04,Silchar,Mizoram
ORD100666,CUST5666,Ijaya Gulati,Male,59,fiyazkade@example.net,9522203578,Dell Inspiron,Dell,Laptop,4,58999,10,18,212396.4,184076.88,28319.52,2024-04-17,Ahmedabad,Uttar Pradesh
ORD100667,CUST5667,Darsh Din,Male,26,ehayre@example.net,9575924063,Galaxy S24,Samsung,Electronics,2,74999,10,18,134998.2,116998.44,17999.76,2025-06-18,Amravati,Rajasthan
ORD100668,CUST5668,Pratyush Bansal,Male,24,sarmahemal@example.net,9253226211,Galaxy S24,Samsung,Electronics,3,74999,5,18,213747.15,175497.66,38249.49,2023-01-27,Bangalore,Karnataka
ORD100669,CUST5669,Ekta Bail,Female,39,mpatla@example.net,9837868325,iPhone 15,Apple,Electronics,5,79999,0,18,399995.0,311996.1,87998.9,2025-03-17,Mahbubnagar,Odisha
ORD100670,CUST5670,Aarini Prabhakar,Female,56,badamieiravati@example.org,9530104414,Dell Inspiron,Dell,Laptop,1,58999,15,18,50149.15,46019.22,4129.93,2023-02-02,Nadiad,Assam
ORD100671,CUST5671,Oeshi Kale,Male,24,gopal59@example.com,9486335418,Dell Inspiron,Dell,Laptop,5,58999,0,18,294995.0,230096.1,64898.9,2024-02-22,Amritsar,Haryana
ORD100672,CUST5672,Nilima Madan,Female,59,hkari@example.com,9264449867,Dell Inspiron,Dell,Laptop,2,58999,15,18,100298.3,92038.44,8259.86,2024-09-12,Imphal,Gujarat
ORD100673,CUST5673,Jason Hayer,Male,52,harshnori@example.com,9816419308,HP Pavilion,HP,Laptop,4,65999,0,18,263996.0,205916.88,58079.12,2025-04-11,Suryapet,Arunachal Pradesh
ORD100674,CUST5674,Vrishti Bahri,Female,41,gaurika55@example.net,9730250992,Galaxy S24,Samsung,Electronics,3,74999,10,18,202497.3,175497.66,26999.64,2023-04-30,Thiruvananthapuram,Maharashtra
ORD100675,CUST5675,Osha Behl,Male,29,zaitrakhanna@example.org,9390838632,Galaxy S24,Samsung,Electronics,4,74999,15,18,254996.6,233996.88,20999.72,2023-08-19,Khandwa,Nagaland
ORD100676,CUST5676,Aashi Gaba,Female,19,fravi@example.com,9867245437,HP Pavilion,HP,Laptop,5,65999,10,18,296995.5,257396.1,39599.4,2025-01-19,Kakinada,Jharkhand
ORD100677,CUST5677,Omaja Narasimhan,Female,58,csathe@example.org,9300274857,HP Pavilion,HP,Laptop,2,65999,0,18,131998.0,102958.44,29039.56,2023-12-02,Hyderabad,Odisha
ORD100678,CUST5678,Mugdha Kibe,Female,60,elijahdani@example.org,9923910413,Galaxy S24,Samsung,Electronics,3,74999,5,18,213747.15,175497.66,38249.49,2024-02-28,Buxar,Arunachal Pradesh
ORD100679,CUST5679,Mugdha Tella,Male,49,qadim20@example.com,9339929874,HP Pavilion,HP,Laptop,2,65999,10,18,118798.2,102958.44,15839.76,2025-04-27,Ahmedabad,Nagaland
ORD100680,CUST5680,Vincent Raju,Male,34,eiravatichada@example.com,9876474571,iPhone 15,Apple,Electronics,2,79999,15,18,135998.3,124798.44,11199.86,2023-09-05,Gandhidham,Nagaland
ORD100681,CUST5681,Vamakshi Ramesh,Male,43,mbhagat@example.net,9823569940,iPhone 15,Apple,Electronics,4,79999,10,18,287996.4,249596.88,38399.52,2024-04-03,Mirzapur,Manipur
ORD100682,CUST5682,Chavvi Kara,Male,47,ramachandranekalinga@example.net,9589688073,HP Pavilion,HP,Laptop,3,65999,10,18,178197.3,154437.66,23759.64,2025-06-05,Pimpri-Chinchwad,Bihar
ORD100683,CUST5683,Utkarsh Konda,Female,43,bsuresh@example.net,9788688276,Galaxy S24,Samsung,Electronics,1,74999,0,18,74999.0,58499.22,16499.78,2024-12-01,Anand,West Bengal
ORD100684,CUST5684,Yashvi Gulati,Male,25,bcheema@example.net,9837150190,HP Pavilion,HP,Laptop,3,65999,0,18,197997.0,154437.66,43559.34,2024-10-27,Danapur,Sikkim
ORD100685,CUST5685,Chandani Borde,Male,20,hredhaan79@example.org,9853098651,iPhone 15,Apple,Electronics,2,79999,10,18,143998.2,124798.44,19199.76,2023-02-10,Kolhapur,Chhattisgarh
ORD100686,CUST5686,Chakradhar Mann,Female,57,chanderharrison@example.org,9342099346,Galaxy S24,Samsung,Electronics,2,74999,15,18,127498.3,116998.44,10499.86,2024-01-11,Suryapet,Mizoram
ORD100687,CUST5687,Advay Chacko,Male,36,zayyanprakash@example.com,9381722158,iPhone 15,Apple,Electronics,2,79999,10,18,143998.2,124798.44,19199.76,2024-07-04,Ahmedabad,Arunachal Pradesh
ORD100688,CUST5688,William Sandal,Female,38,dugalvasatika@example.com,9610669897,Dell Inspiron,Dell,Laptop,3,58999,5,18,168147.15,138057.66,30089.49,2025-02-03,Eluru,Punjab
ORD100689,CUST5689,Theodore Shukla,Male,53,balendra70@example.net,9203583801,Dell Inspiron,Dell,Laptop,4,58999,15,18,200596.6,184076.88,16519.72,2023-04-29,Ghaziabad,Meghalaya
ORD100690,CUST5690,Kamya Dasgupta,Male,49,madhavidhawan@example.org,9862265842,Dell Inspiron,Dell,Laptop,3,58999,0,18,176997.0,138057.66,38939.34,2023-07-30,Yamunanagar,Assam
ORD100691,CUST5691,Diya Bhandari,Female,27,ubalay@example.org,9261155738,HP Pavilion,HP,Laptop,1,65999,10,18,59399.1,51479.22,7919.88,2023-10-31,Gulbarga,Uttarakhand
ORD100692,CUST5692,Ucchal Prasad,Female,60,siyadhaliwal@example.org,9948392860,iPhone 15,Apple,Electronics,1,79999,5,18,75999.05,62399.22,13599.83,2023-10-23,Jalgaon,Chhattisgarh
ORD100693,CUST5693,Lipika Dugal,Female,56,ayushmanratti@example.org,9600218378,HP Pavilion,HP,Laptop,3,65999,5,18,188097.15,154437.66,33659.49,2023-01-12,Kozhikode,Haryana
ORD100694,CUST5694,Lopa Uppal,Female,26,rastogitripti@example.org,9466123554,HP Pavilion,HP,Laptop,5,65999,10,18,296995.5,257396.1,39599.4,2025-04-12,Bahraich,Madhya Pradesh
ORD100695,CUST5695,Leela Savant,Male,49,kchada@example.net,9604176869,HP Pavilion,HP,Laptop,2,65999,10,18,118798.2,102958.44,15839.76,2024-12-16,Kadapa,Odisha
ORD100696,CUST5696,Tanish Raval,Male,59,qnatarajan@example.com,9664501263,Galaxy S24,Samsung,Electronics,1,74999,10,18,67499.1,58499.22,8999.88,2024-08-24,Durg,Uttar Pradesh
ORD100697,CUST5697,Om Dada,Female,43,aahanakoshy@example.com,9229313083,Galaxy S24,Samsung,Electronics,1,74999,5,18,71249.05,58499.22,12749.83,2023-10-26,Karimnagar,Tamil Nadu
ORD100698,CUST5698,Anya Chaudhuri,Female,27,purohitria@example.net,9955694172,Dell Inspiron,Dell,Laptop,2,58999,15,18,100298.3,92038.44,8259.86,2023-06-24,Nanded,Uttarakhand
ORD100699,CUST5699,Zaid Gill,Female,55,jacobkhanna@example.net,9455143838,Galaxy S24,Samsung,Electronics,4,74999,5,18,284996.2,233996.88,50999.32,2024-12-05,Nagaon,Maharashtra
ORD100700,CUST5700,Divya Sengupta,Male,25,banikabeer@example.net,9583302654,HP Pavilion,HP,Laptop,5,65999,5,18,313495.25,257396.1,56099.15,2025-02-04,Ghaziabad,Maharashtra
ORD100701,CUST5701,Zayan Mitter,Female,60,bahadurjitdevi@example.org,9253240285,Galaxy S24,Samsung,Electronics,3,74999,10,18,202497.3,175497.66,26999.64,2023-10-29,Bathinda,Goa
ORD100702,CUST5702,Aachal Kunda,Female,44,tgupta@example.net,9923970721,iPhone 15,Apple,Electronics,2,79999,15,18,135998.3,124798.44,11199.86,2023-08-11,Junagadh,Gujarat
ORD100703,CUST5703,Jai Narayanan,Male,23,mloke@example.com,9578166607,HP Pavilion,HP,Laptop,2,65999,10,18,118798.2,102958.44,15839.76,2024-03-18,Jaunpur,Chhattisgarh
ORD100704,CUST5704,Januja Bhakta,Female,49,chandran19@example.net,9336570514,HP Pavilion,HP,Laptop,2,65999,5,18,125398.1,102958.44,22439.66,2023-02-25,Tenali,Sikkim
ORD100705,CUST5705,Ethan Khatri,Female,36,kala02@example.com,9997479319,Dell Inspiron,Dell,Laptop,5,58999,5,18,280245.25,230096.1,50149.15,2024-01-28,Varanasi,Telangana
ORD100706,CUST5706,Xiti Sidhu,Male,34,talwardivya@example.net,9977762680,Dell Inspiron,Dell,Laptop,2,58999,15,18,100298.3,92038.44,8259.86,2024-06-16,Ulhasnagar,Assam
ORD100707,CUST5707,Darika Chad,Female,42,aashibalasubramanian@example.org,9553019116,Dell Inspiron,Dell,Laptop,5,58999,15,18,250745.75,230096.1,20649.65,2025-05-25,Kochi,Tamil Nadu
ORD100708,CUST5708,Suhani Rastogi,Female,35,mnaik@example.org,9816525795,Dell Inspiron,Dell,Laptop,1,58999,15,18,50149.15,46019.22,4129.93,2025-04-14,Siliguri,Gujarat
ORD100709,CUST5709,Nathan Garde,Male,45,asha@example.net,9921935392,HP Pavilion,HP,Laptop,2,65999,0,18,131998.0,102958.44,29039.56,2025-03-25,Thiruvananthapuram,Goa
ORD100710,CUST5710,Ojasvi Dasgupta,Male,50,bkalita@example.com,9587486645,Dell Inspiron,Dell,Laptop,4,58999,5,18,224196.2,184076.88,40119.32,2023-05-22,Uluberia,Rajasthan
ORD100711,CUST5711,Lipika Brahmbhatt,Female,32,bhavinidevan@example.com,9530902388,Dell Inspiron,Dell,Laptop,5,58999,10,18,265495.5,230096.1,35399.4,2024-02-21,Kottayam,Tamil Nadu
ORD100712,CUST5712,Chakradhar Behl,Male,42,harini09@example.org,9411237028,Dell Inspiron,Dell,Laptop,5,58999,0,18,294995.0,230096.1,64898.9,2024-09-27,Thiruvananthapuram,Tamil Nadu
ORD100713,CUST5713,Hemal Goyal,Male,35,koshyfaris@example.org,9521466919,iPhone 15,Apple,Electronics,3,79999,15,18,203997.45,187197.66,16799.79,2023-09-13,Bellary,Punjab
ORD100714,CUST5714,Krishna Mukherjee,Female,19,singhalojas@example.com,9984472538,Galaxy S24,Samsung,Electronics,3,74999,10,18,202497.3,175497.66,26999.64,2024-10-27,Salem,Haryana
ORD100715,CUST5715,Tanish Dora,Female,59,rudrarama@example.org,9881805085,Dell Inspiron,Dell,Laptop,4,58999,0,18,235996.0,184076.88,51919.12,2023-09-06,Bhiwandi,Maharashtra
ORD100716,CUST5716,Nandini Palan,Female,53,eiravati68@example.com,9185703197,Galaxy S24,Samsung,Electronics,2,74999,5,18,142498.1,116998.44,25499.66,2024-09-19,Buxar,Tripura
ORD100717,CUST5717,Alexander Mody,Female,21,nprasad@example.net,9123680627,Galaxy S24,Samsung,Electronics,5,74999,0,18,374995.0,292496.1,82498.9,2025-04-14,Ghaziabad,Gujarat
ORD100718,CUST5718,Veda Jhaveri,Female,19,bhanumati52@example.net,9732045394,HP Pavilion,HP,Laptop,5,65999,0,18,329995.0,257396.1,72598.9,2024-11-07,Machilipatnam,Sikkim
ORD100719,CUST5719,Chameli Mannan,Male,33,datedivya@example.net,9579989532,HP Pavilion,HP,Laptop,5,65999,10,18,296995.5,257396.1,39599.4,2025-03-04,Jehanabad,Assam
ORD100720,CUST5720,Zayyan Varma,Female,19,chanchalkarnik@example.com,9701372454,iPhone 15,Apple,Electronics,5,79999,0,18,399995.0,311996.1,87998.9,2024-04-30,Mirzapur,West Bengal
ORD100721,CUST5721,Radha Bail,Female,54,snehabandi@example.org,9747445471,HP Pavilion,HP,Laptop,2,65999,15,18,112198.3,102958.44,9239.86,2023-01-19,Sonipat,Nagaland
ORD100722,CUST5722,Ekavir Acharya,Male,44,lakshmibahri@example.net,9296458491,Galaxy S24,Samsung,Electronics,3,74999,15,18,191247.45,175497.66,15749.79,2024-03-22,Rourkela,Odisha
ORD100723,CUST5723,Mohammed Bobal,Female,35,dominicjani@example.org,9107053796,Galaxy S24,Samsung,Electronics,1,74999,15,18,63749.15,58499.22,5249.93,2023-08-01,North Dumdum,Tamil Nadu
ORD100724,CUST5724,Harrison Rege,Female,24,goyalvihaan@example.net,9215349238,iPhone 15,Apple,Electronics,3,79999,5,18,227997.15,187197.66,40799.49,2024-06-14,Bhilai,Arunachal Pradesh
ORD100725,CUST5725,Garima Badal,Female,51,shroffpallavi@example.com,9352986873,HP Pavilion,HP,Laptop,4,65999,5,18,250796.2,205916.88,44879.32,2025-02-02,Rampur,Manipur
ORD100726,CUST5726,Ekani Borra,Female,35,isaiahgopal@example.net,9365574390,HP Pavilion,HP,Laptop,3,65999,15,18,168297.45,154437.66,13859.79,2023-05-03,Singrauli,Arunachal Pradesh
ORD100727,CUST5727,Sachi Bali,Male,32,grewalaarnav@example.org,9955268840,iPhone 15,Apple,Electronics,1,79999,5,18,75999.05,62399.22,13599.83,2023-09-28,Asansol,Maharashtra
ORD100728,CUST5728,Reyansh Chawla,Male,18,iyengardaksh@example.net,9822660470,HP Pavilion,HP,Laptop,2,65999,10,18,118798.2,102958.44,15839.76,2024-07-21,Jhansi,Bihar
ORD100729,CUST5729,Chameli Sood,Female,39,samarth10@example.net,9568368309,HP Pavilion,HP,Laptop,2,65999,15,18,112198.3,102958.44,9239.86,2024-04-11,Surat,Tripura
ORD100730,CUST5730,Urmi Yadav,Female,54,arjun84@example.org,9537885705,HP Pavilion,HP,Laptop,5,65999,5,18,313495.25,257396.1,56099.15,2025-06-08,Bhalswa Jahangir Pur,West Bengal
ORD100731,CUST5731,Aryan Dixit,Female,27,nachiket87@example.com,9933263297,iPhone 15,Apple,Electronics,2,79999,10,18,143998.2,124798.44,19199.76,2023-10-15,Jehanabad,Telangana
ORD100732,CUST5732,Aryan Dora,Female,42,rnarula@example.com,9973215324,iPhone 15,Apple,Electronics,2,79999,10,18,143998.2,124798.44,19199.76,2023-03-21,Bikaner,Bihar
ORD100733,CUST5733,Sanaya Agarwal,Female,21,sjani@example.com,9398147557,Dell Inspiron,Dell,Laptop,3,58999,15,18,150447.45,138057.66,12389.79,2023-08-14,Kumbakonam,Arunachal Pradesh
ORD100734,CUST5734,Libni Radhakrishnan,Female,55,ndyal@example.org,9234198184,Dell Inspiron,Dell,Laptop,3,58999,0,18,176997.0,138057.66,38939.34,2023-09-09,Nagpur,Arunachal Pradesh
ORD100735,CUST5735,Kashvi Sane,Male,48,adya12@example.org,9494504949,Galaxy S24,Samsung,Electronics,4,74999,0,18,299996.0,233996.88,65999.12,2025-03-11,Rajkot,Sikkim
ORD100736,CUST5736,Jagat Ray,Female,57,yadavi71@example.org,9607876233,iPhone 15,Apple,Electronics,5,79999,5,18,379995.25,311996.1,67999.15,2023-05-01,Ludhiana,Manipur
ORD100737,CUST5737,Abeer Goswami,Male,44,avnibalay@example.org,9256772912,Dell Inspiron,Dell,Laptop,2,58999,10,18,106198.2,92038.44,14159.76,2023-10-16,Rohtak,Arunachal Pradesh
ORD100738,CUST5738,Turvi Purohit,Female,53,abdul03@example.com,9895809701,Dell Inspiron,Dell,Laptop,2,58999,0,18,117998.0,92038.44,25959.56,2023-09-10,Haridwar,Sikkim
ORD100739,CUST5739,Bhavika Dada,Male,26,ishanirajan@example.net,9710033590,Galaxy S24,Samsung,Electronics,3,74999,5,18,213747.15,175497.66,38249.49,2024-10-17,Ghaziabad,Assam
ORD100740,CUST5740,Falak Bhasin,Male,23,dsen@example.com,9338306483,Dell Inspiron,Dell,Laptop,4,58999,0,18,235996.0,184076.88,51919.12,2023-10-21,Malda,Odisha
ORD100741,CUST5741,Abeer Oak,Male,18,lchaudhari@example.com,9588583157,Dell Inspiron,Dell,Laptop,4,58999,5,18,224196.2,184076.88,40119.32,2025-05-28,Kottayam,Goa
ORD100742,CUST5742,Pranit Mukhopadhyay,Male,46,bahadurjitbaria@example.net,9227162562,iPhone 15,Apple,Electronics,2,79999,5,18,151998.1,124798.44,27199.66,2023-03-25,Mehsana,Punjab
ORD100743,CUST5743,Vihaan Nori,Male,52,wmalhotra@example.com,9597946064,Dell Inspiron,Dell,Laptop,2,58999,15,18,100298.3,92038.44,8259.86,2025-05-27,Panvel,Chhattisgarh
ORD100744,CUST5744,Radhika Ganesan,Male,35,kashvi56@example.com,9581673478,Galaxy S24,Samsung,Electronics,1,74999,0,18,74999.0,58499.22,16499.78,2024-05-16,Ghaziabad,Andhra Pradesh
ORD100745,CUST5745,Widisha Memon,Male,19,ucchal37@example.net,9803069368,iPhone 15,Apple,Electronics,5,79999,5,18,379995.25,311996.1,67999.15,2023-07-27,Danapur,Mizoram
ORD100746,CUST5746,Charita Mand,Female,45,chari@example.com,9512579683,HP Pavilion,HP,Laptop,3,65999,5,18,188097.15,154437.66,33659.49,2024-06-20,Malegaon,Madhya Pradesh
ORD100747,CUST5747,Qasim Golla,Female,56,kannankamya@example.com,9589940913,Dell Inspiron,Dell,Laptop,3,58999,0,18,176997.0,138057.66,38939.34,2024-03-24,Narasaraopet,Himachal Pradesh
ORD100748,CUST5748,Mekhala Manne,Female,58,omya00@example.net,9819445957,Galaxy S24,Samsung,Electronics,5,74999,5,18,356245.25,292496.1,63749.15,2023-03-12,Khammam,Uttarakhand
ORD100749,CUST5749,Pahal Rao,Male,51,warinderbarman@example.com,9849185754,iPhone 15,Apple,Electronics,4,79999,5,18,303996.2,249596.88,54399.32,2023-02-21,Ozhukarai,Andhra Pradesh
ORD100750,CUST5750,Warinder Chaudhari,Female,37,sachdevdarika@example.org,9321326164,iPhone 15,Apple,Electronics,3,79999,10,18,215997.3,187197.66,28799.64,2023-07-19,Chennai,Telangana
ORD100751,CUST5751,Libni Buch,Male,24,ekaraj72@example.com,9637403206,iPhone 15,Apple,Electronics,4,79999,15,18,271996.6,249596.88,22399.72,2023-12-05,Hospet,Telangana
ORD100752,CUST5752,Varsha Gala,Female,27,zinalcherian@example.com,9244040384,HP Pavilion,HP,Laptop,5,65999,5,18,313495.25,257396.1,56099.15,2023-06-18,Jorhat,Odisha
ORD100753,CUST5753,Mohini Mangat,Male,19,aadi63@example.net,9357045127,Dell Inspiron,Dell,Laptop,5,58999,10,18,265495.5,230096.1,35399.4,2023-10-29,Alwar,Punjab
ORD100754,CUST5754,Raghav Seth,Female,43,kavya72@example.com,9214720162,HP Pavilion,HP,Laptop,5,65999,10,18,296995.5,257396.1,39599.4,2023-01-22,Chennai,Goa
ORD100755,CUST5755,Aishani Kari,Male,24,dde@example.org,9505053400,Dell Inspiron,Dell,Laptop,5,58999,10,18,265495.5,230096.1,35399.4,2025-03-07,Korba,Madhya Pradesh
ORD100756,CUST5756,Aarush Bansal,Female,40,asastry@example.net,9749201348,Galaxy S24,Samsung,Electronics,5,74999,0,18,374995.0,292496.1,82498.9,2023-11-18,Nellore,Sikkim
ORD100757,CUST5757,Xavier Varkey,Male,33,tankishaan@example.org,9635140117,iPhone 15,Apple,Electronics,3,79999,10,18,215997.3,187197.66,28799.64,2024-10-13,Chinsurah,Odisha
ORD100758,CUST5758,Krishna Bhargava,Male,39,muttilopa@example.net,9217796880,Galaxy S24,Samsung,Electronics,1,74999,5,18,71249.05,58499.22,12749.83,2023-08-02,Mau,Tamil Nadu
ORD100759,CUST5759,Umang Sur,Male,60,omkaar37@example.net,9857722936,Galaxy S24,Samsung,Electronics,2,74999,5,18,142498.1,116998.44,25499.66,2025-01-15,Jodhpur,Odisha
ORD100760,CUST5760,Yahvi Chanda,Female,26,wagleshivani@example.net,9530603465,iPhone 15,Apple,Electronics,4,79999,0,18,319996.0,249596.88,70399.12,2024-05-05,Nagercoil,Himachal Pradesh
ORD100761,CUST5761,Laksh Wadhwa,Male,42,xiti06@example.org,9245301778,Dell Inspiron,Dell,Laptop,4,58999,15,18,200596.6,184076.88,16519.72,2023-03-18,Bhavnagar,Sikkim
ORD100762,CUST5762,Farhan Viswanathan,Male,60,goyalkevin@example.net,9424213740,iPhone 15,Apple,Electronics,2,79999,5,18,151998.1,124798.44,27199.66,2024-01-20,Jehanabad,Andhra Pradesh
ORD100763,CUST5763,Oscar Chokshi,Male,27,aagate@example.org,9274816647,Dell Inspiron,Dell,Laptop,4,58999,15,18,200596.6,184076.88,16519.72,2025-04-16,Kolhapur,Karnataka
ORD100764,CUST5764,Veer Bali,Male,57,ladli23@example.org,9335565099,iPhone 15,Apple,Electronics,2,79999,0,18,159998.0,124798.44,35199.56,2024-06-30,Nandyal,Punjab
ORD100765,CUST5765,Girish Choudhary,Male,41,emagar@example.com,9424370970,HP Pavilion,HP,Laptop,2,65999,10,18,118798.2,102958.44,15839.76,2023-09-10,Sambalpur,Gujarat
ORD100766,CUST5766,Rehaan Mitra,Male,35,ati08@example.net,9741565844,iPhone 15,Apple,Electronics,3,79999,5,18,227997.15,187197.66,40799.49,2023-08-26,Bhiwani,Nagaland
ORD100767,CUST5767,Elijah Divan,Male,18,nehabanerjee@example.net,9693566655,Dell Inspiron,Dell,Laptop,3,58999,5,18,168147.15,138057.66,30089.49,2023-05-24,Amroha,Arunachal Pradesh
ORD100768,CUST5768,Hredhaan Dhar,Male,36,ishwardate@example.org,9710959136,Dell Inspiron,Dell,Laptop,2,58999,15,18,100298.3,92038.44,8259.86,2023-11-10,Panihati,Chhattisgarh
ORD100769,CUST5769,Amol Menon,Male,34,kiaanraman@example.net,9566505495,HP Pavilion,HP,Laptop,3,65999,15,18,168297.45,154437.66,13859.79,2024-03-30,Thrissur,Assam
ORD100770,CUST5770,Aryan Bhandari,Female,49,pranit12@example.org,9632869835,Dell Inspiron,Dell,Laptop,1,58999,10,18,53099.1,46019.22,7079.88,2024-03-21,Sambalpur,Kerala
ORD100771,CUST5771,Baljiwan Narain,Male,44,tbutala@example.net,9582953620,Dell Inspiron,Dell,Laptop,3,58999,15,18,150447.45,138057.66,12389.79,2024-09-20,Gwalior,Himachal Pradesh
ORD100772,CUST5772,Oviya Balasubramanian,Female,50,ikbal86@example.org,9700059901,HP Pavilion,HP,Laptop,3,65999,15,18,168297.45,154437.66,13859.79,2023-12-07,Chinsurah,Gujarat
ORD100773,CUST5773,Liam Mani,Male,43,prabhuguneet@example.com,9676310380,Galaxy S24,Samsung,Electronics,3,74999,15,18,191247.45,175497.66,15749.79,2024-07-08,Shivpuri,Uttarakhand
ORD100774,CUST5774,Varsha Bhatnagar,Male,59,fbhatia@example.net,9304148509,iPhone 15,Apple,Electronics,4,79999,15,18,271996.6,249596.88,22399.72,2023-12-23,Raebareli,Karnataka
ORD100775,CUST5775,Oeshi Yogi,Male,22,jhalakchatterjee@example.org,9592404854,iPhone 15,Apple,Electronics,5,79999,5,18,379995.25,311996.1,67999.15,2024-09-02,Jalgaon,Telangana
ORD100776,CUST5776,Bhavika Sabharwal,Female,23,imajumdar@example.org,9443364206,HP Pavilion,HP,Laptop,3,65999,5,18,188097.15,154437.66,33659.49,2023-08-26,Rajpur Sonarpur,Uttarakhand
ORD100777,CUST5777,Jagrati Anne,Female,48,lilaprabhakar@example.com,9231400687,Dell Inspiron,Dell,Laptop,5,58999,15,18,250745.75,230096.1,20649.65,2023-07-03,Mangalore,Andhra Pradesh
ORD100778,CUST5778,Anika Swamy,Male,33,laksh38@example.com,9796905544,iPhone 15,Apple,Electronics,4,79999,5,18,303996.2,249596.88,54399.32,2023-03-08,Gorakhpur,Jharkhand
ORD100779,CUST5779,Lavanya Dhar,Female,44,fiyaznarula@example.org,9267039390,Dell Inspiron,Dell,Laptop,5,58999,15,18,250745.75,230096.1,20649.65,2023-09-24,Shimla,Jharkhand
ORD100780,CUST5780,Yutika Venkataraman,Male,58,waida30@example.org,9486086381,Dell Inspiron,Dell,Laptop,1,58999,15,18,50149.15,46019.22,4129.93,2024-10-02,Bhatpara,Tripura
ORD100781,CUST5781,Dayamai Mani,Female,21,vansha02@example.com,9685264690,Dell Inspiron,Dell,Laptop,2,58999,10,18,106198.2,92038.44,14159.76,2023-06-10,Agra,Nagaland
ORD100782,CUST5782,Jeremiah Manne,Female,22,hjha@example.com,9692490853,HP Pavilion,HP,Laptop,3,65999,10,18,178197.3,154437.66,23759.64,2024-12-11,Srikakulam,Jharkhand
ORD100783,CUST5783,Vihaan Babu,Male,42,timothychowdhury@example.net,9701831857,Galaxy S24,Samsung,Electronics,4,74999,15,18,254996.6,233996.88,20999.72,2024-09-29,Dewas,Odisha
ORD100784,CUST5784,Charita Mitra,Female,33,jeremiahpathak@example.org,9701935140,HP Pavilion,HP,Laptop,1,65999,15,18,56099.15,51479.22,4619.93,2024-04-05,Panvel,Assam
ORD100785,CUST5785,Hemang Manne,Female,27,royanay@example.com,9462788067,iPhone 15,Apple,Electronics,2,79999,10,18,143998.2,124798.44,19199.76,2025-02-11,Gangtok,Rajasthan
ORD100786,CUST5786,Hemani Nadig,Male,37,karyashvi@example.com,9299547651,HP Pavilion,HP,Laptop,5,65999,15,18,280495.75,257396.1,23099.65,2023-01-13,Thiruvananthapuram,Arunachal Pradesh
ORD100787,CUST5787,Rehaan Vig,Female,49,meghana93@example.com,9103359586,HP Pavilion,HP,Laptop,4,65999,15,18,224396.6,205916.88,18479.72,2025-06-17,Gwalior,West Bengal
ORD100788,CUST5788,Abhimanyu Sunder,Female,21,esrinivasan@example.com,9979845133,iPhone 15,Apple,Electronics,4,79999,0,18,319996.0,249596.88,70399.12,2024-06-27,Raurkela Industrial Township,Odisha
ORD100789,CUST5789,Garima Mukherjee,Female,24,sudikshaparmer@example.org,9815427630,HP Pavilion,HP,Laptop,1,65999,15,18,56099.15,51479.22,4619.93,2023-10-20,North Dumdum,Sikkim
ORD100790,CUST5790,Ishwar Nanda,Female,53,mkumer@example.org,9184116642,iPhone 15,Apple,Electronics,3,79999,10,18,215997.3,187197.66,28799.64,2023-12-02,Gandhidham,Kerala
ORD100791,CUST5791,Upma Ratti,Male,43,pgulati@example.org,9493051141,Dell Inspiron,Dell,Laptop,3,58999,15,18,150447.45,138057.66,12389.79,2025-05-14,Ulhasnagar,Manipur
ORD100792,CUST5792,Balhaar Dutt,Male,19,tbahl@example.com,9932445045,Dell Inspiron,Dell,Laptop,1,58999,0,18,58999.0,46019.22,12979.78,2025-01-21,Junagadh,Arunachal Pradesh
ORD100793,CUST5793,Warda Dua,Female,60,brarqasim@example.org,9441006442,iPhone 15,Apple,Electronics,3,79999,5,18,227997.15,187197.66,40799.49,2025-01-29,Munger,Tamil Nadu
ORD100794,CUST5794,Ria Brar,Male,25,xmadan@example.org,9943853308,Galaxy S24,Samsung,Electronics,2,74999,0,18,149998.0,116998.44,32999.56,2024-05-29,Ujjain,Punjab
ORD100795,CUST5795,Elijah Memon,Female,42,rattanutkarsh@example.com,9183066035,Dell Inspiron,Dell,Laptop,1,58999,15,18,50149.15,46019.22,4129.93,2024-02-12,Hosur,Nagaland
ORD100796,CUST5796,Bakhshi Murty,Male,49,baghyawatikorpal@example.com,9894886328,Dell Inspiron,Dell,Laptop,4,58999,0,18,235996.0,184076.88,51919.12,2025-02-16,Bhiwandi,Punjab
ORD100797,CUST5797,Jagrati Contractor,Female,49,kdhaliwal@example.com,9962898383,Galaxy S24,Samsung,Electronics,4,74999,0,18,299996.0,233996.88,65999.12,2023-11-29,Nagaon,Manipur
ORD100798,CUST5798,Eiravati Swaminathan,Female,20,aadivala@example.org,9981326143,Galaxy S24,Samsung,Electronics,4,74999,5,18,284996.2,233996.88,50999.32,2025-03-30,Bhind,Mizoram
ORD100799,CUST5799,Ranbir Setty,Male,40,wriddhish84@example.com,9147968260,Dell Inspiron,Dell,Laptop,2,58999,5,18,112098.1,92038.44,20059.66,2024-03-04,Bilaspur,Rajasthan
ORD100800,CUST5800,Lopa Grewal,Female,34,raytimothy@example.net,9269986495,Dell Inspiron,Dell,Laptop,5,58999,15,18,250745.75,230096.1,20649.65,2024-12-03,Nadiad,Odisha
ORD100801,CUST5801,Sai Behl,Male,33,cdoshi@example.com,9449159700,Galaxy S24,Samsung,Electronics,5,74999,5,18,356245.25,292496.1,63749.15,2025-06-12,Sambalpur,Jharkhand
ORD100802,CUST5802,Panini Subramanian,Male,24,sarnavarsha@example.org,9410966297,Galaxy S24,Samsung,Electronics,5,74999,15,18,318745.75,292496.1,26249.65,2023-03-14,Gandhidham,Odisha
ORD100803,CUST5803,Theodore Buch,Male,39,ywali@example.net,9919306100,HP Pavilion,HP,Laptop,4,65999,15,18,224396.6,205916.88,18479.72,2025-02-04,Mathura,Odisha
ORD100804,CUST5804,Diya Pingle,Female,45,modiindali@example.net,9122552972,iPhone 15,Apple,Electronics,2,79999,0,18,159998.0,124798.44,35199.56,2025-03-18,Eluru,Rajasthan
ORD100805,CUST5805,Priya Raja,Female,31,akurian@example.org,9403872050,Galaxy S24,Samsung,Electronics,1,74999,15,18,63749.15,58499.22,5249.93,2024-10-25,Sangli-Miraj & Kupwad,Tamil Nadu
ORD100806,CUST5806,Ayaan Dass,Male,49,harinakshikunda@example.com,9928212376,HP Pavilion,HP,Laptop,2,65999,0,18,131998.0,102958.44,29039.56,2025-04-25,Guntakal,Sikkim
ORD100807,CUST5807,Samuel Din,Female,23,odikakumar@example.net,9100767916,HP Pavilion,HP,Laptop,5,65999,0,18,329995.0,257396.1,72598.9,2024-12-06,Pondicherry,Maharashtra
ORD100808,CUST5808,Warjas Radhakrishnan,Female,38,daniekalinga@example.org,9223768853,Galaxy S24,Samsung,Electronics,2,74999,0,18,149998.0,116998.44,32999.56,2024-09-16,Tirupati,Bihar
ORD100809,CUST5809,Abhiram Rajagopal,Female,31,raghav51@example.net,9500151149,HP Pavilion,HP,Laptop,1,65999,5,18,62699.05,51479.22,11219.83,2025-03-13,Tirunelveli,Bihar
ORD100810,CUST5810,Nirja Kashyap,Male,35,bajwamitali@example.net,9854598944,iPhone 15,Apple,Electronics,2,79999,0,18,159998.0,124798.44,35199.56,2024-05-08,Kulti,Assam
ORD100811,CUST5811,Owen Sandal,Female,51,htripathi@example.org,9492329474,iPhone 15,Apple,Electronics,4,79999,10,18,287996.4,249596.88,38399.52,2024-10-10,Purnia,Punjab
ORD100812,CUST5812,Mohini Samra,Female,33,aadi79@example.com,9496268922,HP Pavilion,HP,Laptop,1,65999,5,18,62699.05,51479.22,11219.83,2023-11-11,Tumkur,Telangana
ORD100813,CUST5813,Yatin Roy,Male,28,aaravsamra@example.net,9463905680,Dell Inspiron,Dell,Laptop,3,58999,0,18,176997.0,138057.66,38939.34,2023-01-03,Arrah,Rajasthan
ORD100814,CUST5814,Mugdha Prasad,Male,36,yashica02@example.org,9388428524,Dell Inspiron,Dell,Laptop,4,58999,5,18,224196.2,184076.88,40119.32,2023-08-27,Gaya,Maharashtra
ORD100815,CUST5815,Omkaar Srivastava,Female,28,diyashanker@example.net,9958043229,HP Pavilion,HP,Laptop,1,65999,0,18,65999.0,51479.22,14519.78,2023-08-02,Farrukhabad,Meghalaya
ORD100816,CUST5816,Arya Nagi,Male,32,bhanumatijohal@example.org,9504888703,iPhone 15,Apple,Electronics,3,79999,10,18,215997.3,187197.66,28799.64,2024-02-26,Patna,Sikkim
ORD100817,CUST5817,Odika Ranganathan,Male,50,mistryikbal@example.com,9374321695,iPhone 15,Apple,Electronics,3,79999,15,18,203997.45,187197.66,16799.79,2025-03-01,Bareilly,Nagaland
ORD100818,CUST5818,Urmi Palla,Female,41,mverma@example.org,9960959816,Dell Inspiron,Dell,Laptop,5,58999,5,18,280245.25,230096.1,50149.15,2024-09-28,Sambhal,Telangana
ORD100819,CUST5819,Chakradhar Pathak,Male,38,sehgalarya@example.org,9916673770,iPhone 15,Apple,Electronics,2,79999,15,18,135998.3,124798.44,11199.86,2024-03-07,Gangtok,Odisha
ORD100820,CUST5820,Devansh Thaman,Male,39,utkarsh47@example.net,9248634810,Dell Inspiron,Dell,Laptop,5,58999,10,18,265495.5,230096.1,35399.4,2023-01-21,Thrissur,Meghalaya
ORD100821,CUST5821,Jeevika Dua,Female,45,takdiya@example.net,9406933926,Galaxy S24,Samsung,Electronics,3,74999,5,18,213747.15,175497.66,38249.49,2023-06-05,Anantapuram,Uttarakhand
ORD100822,CUST5822,Naveen Srivastava,Female,43,onkarsawhney@example.org,9694111430,Galaxy S24,Samsung,Electronics,1,74999,15,18,63749.15,58499.22,5249.93,2025-06-16,Hazaribagh,Nagaland
ORD100823,CUST5823,Manya Tara,Female,30,harinakshidoshi@example.com,9963448134,Dell Inspiron,Dell,Laptop,1,58999,5,18,56049.05,46019.22,10029.83,2023-10-03,Tadipatri,Mizoram
ORD100824,CUST5824,Kamya Rege,Female,50,sawhneyqushi@example.net,9754795866,Dell Inspiron,Dell,Laptop,1,58999,0,18,58999.0,46019.22,12979.78,2025-01-25,Bhiwani,Arunachal Pradesh
ORD100825,CUST5825,Jackson Bahri,Male,60,abobal@example.com,9872497693,HP Pavilion,HP,Laptop,4,65999,10,18,237596.4,205916.88,31679.52,2024-03-24,Thrissur,Sikkim
ORD100826,CUST5826,Shaurya Mander,Female,29,chaitanya53@example.org,9240871179,HP Pavilion,HP,Laptop,4,65999,5,18,250796.2,205916.88,44879.32,2023-05-22,Karaikudi,Telangana
ORD100827,CUST5827,Chavvi Srinivas,Female,42,aramachandran@example.net,9119627816,Galaxy S24,Samsung,Electronics,1,74999,0,18,74999.0,58499.22,16499.78,2023-03-28,Haridwar,Karnataka
ORD100828,CUST5828,Damyanti Din,Female,29,jananisolanki@example.com,9297898346,HP Pavilion,HP,Laptop,3,65999,5,18,188097.15,154437.66,33659.49,2024-07-28,Bongaigaon,Assam
ORD100829,CUST5829,Daksh Solanki,Male,57,harshil93@example.com,9833651684,iPhone 15,Apple,Electronics,4,79999,10,18,287996.4,249596.88,38399.52,2024-12-15,Nashik,Bihar
ORD100830,CUST5830,Anya Munshi,Female,34,hlala@example.org,9508241972,iPhone 15,Apple,Electronics,2,79999,0,18,159998.0,124798.44,35199.56,2025-04-15,Hyderabad,Assam
ORD100831,CUST5831,Janaki Bansal,Male,30,rudra05@example.org,9899295312,Galaxy S24,Samsung,Electronics,1,74999,0,18,74999.0,58499.22,16499.78,2025-06-09,Aurangabad,Haryana
ORD100832,CUST5832,Aarav Wali,Male,42,sainijagdish@example.com,9588024193,HP Pavilion,HP,Laptop,5,65999,10,18,296995.5,257396.1,39599.4,2024-09-30,Sangli-Miraj & Kupwad,Andhra Pradesh
ORD100833,CUST5833,Hemangini Mitter,Male,30,jairaj85@example.com,9631968572,HP Pavilion,HP,Laptop,1,65999,10,18,59399.1,51479.22,7919.88,2023-09-14,Baranagar,Odisha
ORD100834,CUST5834,Wriddhish Thaman,Male,38,sarkarmeera@example.org,9551446037,Galaxy S24,Samsung,Electronics,3,74999,0,18,224997.0,175497.66,49499.34,2024-01-06,Akola,Kerala
ORD100835,CUST5835,Agastya Kadakia,Male,39,ekta13@example.com,9265132657,Galaxy S24,Samsung,Electronics,2,74999,5,18,142498.1,116998.44,25499.66,2024-07-15,Bhubaneswar,Jharkhand
ORD100836,CUST5836,Gauri Patel,Female,48,vasatikaaggarwal@example.net,9474373231,Galaxy S24,Samsung,Electronics,2,74999,15,18,127498.3,116998.44,10499.86,2023-03-02,Guntakal,Mizoram
ORD100837,CUST5837,Abhimanyu Bassi,Female,30,aarnabaria@example.org,9226161871,iPhone 15,Apple,Electronics,1,79999,10,18,71999.1,62399.22,9599.88,2023-05-31,Karimnagar,Andhra Pradesh
ORD100838,CUST5838,Sachi Narayanan,Male,25,palanvinaya@example.net,9477917785,iPhone 15,Apple,Electronics,5,79999,5,18,379995.25,311996.1,67999.15,2023-04-10,Bhavnagar,Jharkhand
ORD100839,CUST5839,Chaitaly Bhatt,Female,38,thakurishanvi@example.com,9125714807,HP Pavilion,HP,Laptop,2,65999,10,18,118798.2,102958.44,15839.76,2023-02-22,Delhi,Madhya Pradesh
ORD100840,CUST5840,Ganga Ahluwalia,Female,39,ozaavi@example.net,9476427904,Galaxy S24,Samsung,Electronics,4,74999,5,18,284996.2,233996.88,50999.32,2025-05-19,Surendranagar Dudhrej,Andhra Pradesh
ORD100841,CUST5841,Kabir Patla,Male,20,zaitrabarad@example.net,9873454814,Dell Inspiron,Dell,Laptop,3,58999,15,18,150447.45,138057.66,12389.79,2025-04-06,Kakinada,Rajasthan
ORD100842,CUST5842,Wishi Sandal,Male,47,rkakar@example.net,9780792018,Dell Inspiron,Dell,Laptop,1,58999,5,18,56049.05,46019.22,10029.83,2023-07-11,Purnia,West Bengal
ORD100843,CUST5843,Vedhika Singhal,Female,21,raghavdeep@example.com,9740750881,iPhone 15,Apple,Electronics,2,79999,10,18,143998.2,124798.44,19199.76,2024-03-14,Sirsa,Assam
ORD100844,CUST5844,Banjeet Soni,Male,38,widisha78@example.org,9595293467,HP Pavilion,HP,Laptop,4,65999,5,18,250796.2,205916.88,44879.32,2024-02-15,Guntur,Himachal Pradesh
ORD100845,CUST5845,Chavvi Balay,Female,27,sankarradha@example.org,9127612963,Galaxy S24,Samsung,Electronics,2,74999,0,18,149998.0,116998.44,32999.56,2025-06-11,Pali,Odisha
ORD100846,CUST5846,Kamya Wadhwa,Male,57,raiekaja@example.org,9816436765,iPhone 15,Apple,Electronics,5,79999,15,18,339995.75,311996.1,27999.65,2024-03-23,Varanasi,Tamil Nadu
ORD100847,CUST5847,Faqid Gill,Female,21,kpandit@example.com,9743968612,iPhone 15,Apple,Electronics,2,79999,10,18,143998.2,124798.44,19199.76,2023-10-20,Coimbatore,Tripura
ORD100848,CUST5848,Ati Boase,Female,39,olivercomar@example.com,9656337539,Dell Inspiron,Dell,Laptop,3,58999,5,18,168147.15,138057.66,30089.49,2023-12-08,Ghaziabad,Tripura
ORD100849,CUST5849,Odika Rattan,Male,49,lilanarula@example.org,9149426864,HP Pavilion,HP,Laptop,1,65999,10,18,59399.1,51479.22,7919.88,2025-03-29,Imphal,Sikkim
ORD100850,CUST5850,Raghav Shenoy,Female,44,krishsekhon@example.net,9684714004,Dell Inspiron,Dell,Laptop,4,58999,0,18,235996.0,184076.88,51919.12,2023-12-08,Navi Mumbai,Maharashtra
ORD100851,CUST5851,Hitesh Sani,Female,50,sanya74@example.net,9299489237,iPhone 15,Apple,Electronics,2,79999,5,18,151998.1,124798.44,27199.66,2023-12-21,Dindigul,Rajasthan
ORD100852,CUST5852,Chakrika Pandya,Female,20,ztalwar@example.net,9442635422,HP Pavilion,HP,Laptop,2,65999,0,18,131998.0,102958.44,29039.56,2024-12-29,Raiganj,Gujarat
ORD100853,CUST5853,Niharika Sankar,Female,53,ntak@example.net,9750948503,iPhone 15,Apple,Electronics,5,79999,0,18,399995.0,311996.1,87998.9,2025-06-17,Mau,Arunachal Pradesh
ORD100854,CUST5854,Faris Ramesh,Male,23,aaravsubramanian@example.org,9123074746,iPhone 15,Apple,Electronics,2,79999,15,18,135998.3,124798.44,11199.86,2025-03-08,Moradabad,Chhattisgarh
ORD100855,CUST5855,Avni Kumar,Male,20,udarshram@example.com,9504320670,Dell Inspiron,Dell,Laptop,4,58999,5,18,224196.2,184076.88,40119.32,2024-03-07,Raebareli,Telangana
ORD100856,CUST5856,Damyanti Dass,Female,47,tatayug@example.net,9667736076,HP Pavilion,HP,Laptop,1,65999,15,18,56099.15,51479.22,4619.93,2023-07-31,Giridih,Mizoram
ORD100857,CUST5857,Oliver Loyal,Female,51,sarrafpriya@example.net,9117348911,Galaxy S24,Samsung,Electronics,2,74999,10,18,134998.2,116998.44,17999.76,2025-05-30,Tenali,Jharkhand
ORD100858,CUST5858,Hemangini Sinha,Male,24,joshua08@example.net,9148349440,iPhone 15,Apple,Electronics,2,79999,5,18,151998.1,124798.44,27199.66,2025-01-12,Mau,Himachal Pradesh
ORD100859,CUST5859,Viraj Kalla,Male,24,oniseth@example.net,9655635496,iPhone 15,Apple,Electronics,4,79999,0,18,319996.0,249596.88,70399.12,2023-03-14,Khandwa,West Bengal
ORD100860,CUST5860,Unnati Chopra,Female,18,tanveermammen@example.net,9743870349,HP Pavilion,HP,Laptop,5,65999,0,18,329995.0,257396.1,72598.9,2024-07-23,Tiruppur,Goa
ORD100861,CUST5861,Zashil Jain,Female,49,qaurora@example.net,9671268734,iPhone 15,Apple,Electronics,4,79999,15,18,271996.6,249596.88,22399.72,2025-06-04,Udupi,Jharkhand
ORD100862,CUST5862,Oliver Comar,Male,32,mzacharia@example.com,9710477902,iPhone 15,Apple,Electronics,3,79999,15,18,203997.45,187197.66,16799.79,2023-04-28,Siwan,Haryana
ORD100863,CUST5863,Manan Dhaliwal,Female,38,raghavhayre@example.net,9780985827,iPhone 15,Apple,Electronics,1,79999,0,18,79999.0,62399.22,17599.78,2023-12-09,Secunderabad,Uttarakhand
ORD100864,CUST5864,Zinal Solanki,Female,39,saidyal@example.net,9139503540,iPhone 15,Apple,Electronics,2,79999,0,18,159998.0,124798.44,35199.56,2024-01-14,Saharsa,Madhya Pradesh
ORD100865,CUST5865,Gopal Dhawan,Male,35,ekansh82@example.com,9621494150,iPhone 15,Apple,Electronics,1,79999,5,18,75999.05,62399.22,13599.83,2023-08-28,Satara,Tripura
ORD100866,CUST5866,Dayamai Kata,Male,47,jkorpal@example.com,9498553436,Galaxy S24,Samsung,Electronics,3,74999,10,18,202497.3,175497.66,26999.64,2023-11-13,Bhusawal,Telangana
ORD100867,CUST5867,Hredhaan Mannan,Female,18,sawhneyvihaan@example.com,9606282673,HP Pavilion,HP,Laptop,3,65999,10,18,178197.3,154437.66,23759.64,2024-04-06,Rajpur Sonarpur,Haryana
ORD100868,CUST5868,Samuel Kale,Female,58,vanshabuch@example.net,9586541503,Dell Inspiron,Dell,Laptop,3,58999,10,18,159297.3,138057.66,21239.64,2024-03-08,Satara,Tamil Nadu
ORD100869,CUST5869,Charan Saraf,Male,25,madhavijoshi@example.com,9869861503,Dell Inspiron,Dell,Laptop,4,58999,0,18,235996.0,184076.88,51919.12,2023-09-15,Bhubaneswar,Telangana
ORD100870,CUST5870,Nilima Ravi,Male,42,agastyakapadia@example.org,9793562065,HP Pavilion,HP,Laptop,1,65999,0,18,65999.0,51479.22,14519.78,2023-07-10,Thoothukudi,Madhya Pradesh
ORD100871,CUST5871,Aadi Mangat,Female,18,quincy70@example.com,9513666777,Dell Inspiron,Dell,Laptop,1,58999,0,18,58999.0,46019.22,12979.78,2023-12-13,Narasaraopet,Nagaland
ORD100872,CUST5872,Pallavi Mannan,Male,53,lakshit54@example.net,9685079731,iPhone 15,Apple,Electronics,4,79999,5,18,303996.2,249596.88,54399.32,2024-08-10,Ludhiana,Himachal Pradesh
ORD100873,CUST5873,Jonathan Mani,Female,28,mitalaachal@example.org,9740641424,Dell Inspiron,Dell,Laptop,3,58999,0,18,176997.0,138057.66,38939.34,2023-04-14,Guna,Madhya Pradesh
ORD100874,CUST5874,Unnati Arora,Female,51,rchawla@example.net,9308195721,Dell Inspiron,Dell,Laptop,1,58999,15,18,50149.15,46019.22,4129.93,2023-02-19,Katni,Assam
ORD100875,CUST5875,Nandini Varughese,Female,44,usachar@example.net,9553153826,Dell Inspiron,Dell,Laptop,1,58999,10,18,53099.1,46019.22,7079.88,2023-12-15,Kanpur,Sikkim
ORD100876,CUST5876,Imaran Loke,Male,54,bahadurjit59@example.com,9357181860,Dell Inspiron,Dell,Laptop,2,58999,5,18,112098.1,92038.44,20059.66,2024-01-07,Khammam,Sikkim
ORD100877,CUST5877,Qabil Chokshi,Male,57,srinivasfalan@example.com,9143956489,HP Pavilion,HP,Laptop,5,65999,0,18,329995.0,257396.1,72598.9,2023-10-22,Bilaspur,Andhra Pradesh
ORD100878,CUST5878,Irya Wagle,Male,34,goyaltriveni@example.net,9207713457,iPhone 15,Apple,Electronics,3,79999,15,18,203997.45,187197.66,16799.79,2024-05-18,Darbhanga,Uttar Pradesh
ORD100879,CUST5879,Lajita Kota,Female,55,ria62@example.net,9806848499,Galaxy S24,Samsung,Electronics,4,74999,10,18,269996.4,233996.88,35999.52,2025-05-29,Ramgarh,Telangana
ORD100880,CUST5880,Neel Rau,Male,31,uarora@example.net,9675924764,Dell Inspiron,Dell,Laptop,4,58999,0,18,235996.0,184076.88,51919.12,2025-03-10,Udupi,Andhra Pradesh
ORD100881,CUST5881,Balhaar Jaggi,Female,57,qminhas@example.com,9278070889,Dell Inspiron,Dell,Laptop,5,58999,5,18,280245.25,230096.1,50149.15,2024-03-19,Thoothukudi,West Bengal
ORD100882,CUST5882,Vaishnavi Parikh,Female,41,ocheema@example.net,9167521358,HP Pavilion,HP,Laptop,4,65999,0,18,263996.0,205916.88,58079.12,2024-10-26,Munger,Sikkim
ORD100883,CUST5883,Udarsh Chopra,Male,58,aahanadivan@example.org,9283610244,HP Pavilion,HP,Laptop,2,65999,15,18,112198.3,102958.44,9239.86,2025-03-01,Bokaro,Rajasthan
ORD100884,CUST5884,Anamika Nazareth,Male,54,rmanne@example.org,9983574652,Dell Inspiron,Dell,Laptop,2,58999,5,18,112098.1,92038.44,20059.66,2023-08-14,Hospet,Haryana
ORD100885,CUST5885,Maanas Pandya,Male,18,bansalmeghana@example.org,9183219573,iPhone 15,Apple,Electronics,5,79999,10,18,359995.5,311996.1,47999.4,2023-10-30,Kakinada,Haryana
ORD100886,CUST5886,Falak Parekh,Female,51,varenya19@example.com,9604797645,Galaxy S24,Samsung,Electronics,2,74999,15,18,127498.3,116998.44,10499.86,2023-02-16,Guwahati,Jharkhand
ORD100887,CUST5887,Janya Memon,Female,33,idugar@example.net,9782188466,Dell Inspiron,Dell,Laptop,3,58999,10,18,159297.3,138057.66,21239.64,2023-07-04,Akola,Karnataka
ORD100888,CUST5888,Urmi Puri,Female,54,maniupkaar@example.com,9809223045,Galaxy S24,Samsung,Electronics,2,74999,5,18,142498.1,116998.44,25499.66,2024-01-26,Darbhanga,Rajasthan
ORD100889,CUST5889,Unnati Dutt,Male,31,nishachar@example.org,9173920265,HP Pavilion,HP,Laptop,1,65999,0,18,65999.0,51479.22,14519.78,2023-10-29,Karnal,Odisha
ORD100890,CUST5890,Bahadurjit Shah,Female,59,urvashi64@example.net,9521713776,HP Pavilion,HP,Laptop,4,65999,0,18,263996.0,205916.88,58079.12,2023-11-16,Imphal,Punjab
ORD100891,CUST5891,Udarsh Goyal,Male,19,nmohanty@example.net,9592991373,Dell Inspiron,Dell,Laptop,3,58999,10,18,159297.3,138057.66,21239.64,2023-11-02,Malegaon,Tripura
ORD100892,CUST5892,Gabriel Chaudhari,Male,35,charvi88@example.com,9227659822,Galaxy S24,Samsung,Electronics,2,74999,10,18,134998.2,116998.44,17999.76,2023-05-14,Chittoor,Rajasthan
ORD100893,CUST5893,Pooja Ranganathan,Female,40,tanayrege@example.com,9868210528,HP Pavilion,HP,Laptop,2,65999,15,18,112198.3,102958.44,9239.86,2024-07-08,Hyderabad,Uttarakhand
ORD100894,CUST5894,Theodore Manda,Female,22,oniprashad@example.net,9157561575,HP Pavilion,HP,Laptop,4,65999,15,18,224396.6,205916.88,18479.72,2024-07-05,Katihar,Arunachal Pradesh
ORD100895,CUST5895,Bhanumati Maharaj,Female,34,zaitragrover@example.net,9134238166,Galaxy S24,Samsung,Electronics,3,74999,10,18,202497.3,175497.66,26999.64,2024-12-04,Kottayam,Goa
ORD100896,CUST5896,Bimala Saran,Female,44,ekapad01@example.net,9639207984,HP Pavilion,HP,Laptop,2,65999,15,18,112198.3,102958.44,9239.86,2023-10-15,Hospet,Odisha
ORD100897,CUST5897,Aarnav Varty,Female,18,ati86@example.com,9894890668,HP Pavilion,HP,Laptop,2,65999,15,18,112198.3,102958.44,9239.86,2024-04-12,Dharmavaram,Chhattisgarh
ORD100898,CUST5898,Ranbir Chokshi,Male,53,zansi40@example.com,9774694279,HP Pavilion,HP,Laptop,4,65999,0,18,263996.0,205916.88,58079.12,2023-12-10,Latur,Sikkim
ORD100899,CUST5899,Vivaan Som,Male,32,pdani@example.net,9840655856,iPhone 15,Apple,Electronics,5,79999,0,18,399995.0,311996.1,87998.9,2025-03-16,Phusro,Uttarakhand
ORD100900,CUST5900,Ayaan Dixit,Male,53,xwable@example.net,9989492912,Galaxy S24,Samsung,Electronics,5,74999,10,18,337495.5,292496.1,44999.4,2023-05-01,Gopalpur,Haryana
ORD100901,CUST5901,Osha Edwin,Female,59,hegdepooja@example.com,9449896107,HP Pavilion,HP,Laptop,1,65999,10,18,59399.1,51479.22,7919.88,2024-12-17,Khora ,Maharashtra
ORD100902,CUST5902,Ryan Krishnan,Female,45,batraekapad@example.com,9391000840,HP Pavilion,HP,Laptop,2,65999,15,18,112198.3,102958.44,9239.86,2025-03-16,Durg,Uttar Pradesh
ORD100903,CUST5903,Siya Sagar,Female,45,snehagola@example.com,9946959933,Dell Inspiron,Dell,Laptop,5,58999,10,18,265495.5,230096.1,35399.4,2025-03-26,Saharsa,Uttarakhand
ORD100904,CUST5904,Vrinda Hari,Male,33,sbail@example.org,9618283846,Dell Inspiron,Dell,Laptop,1,58999,10,18,53099.1,46019.22,7079.88,2025-06-01,Bhiwandi,Meghalaya
ORD100905,CUST5905,Parth Loyal,Male,46,frederick61@example.net,9887057982,Dell Inspiron,Dell,Laptop,5,58999,5,18,280245.25,230096.1,50149.15,2023-04-25,Pune,Goa
ORD100906,CUST5906,Chaitanya Bora,Male,36,vmerchant@example.com,9212461756,Galaxy S24,Samsung,Electronics,1,74999,5,18,71249.05,58499.22,12749.83,2024-05-20,Bongaigaon,Arunachal Pradesh
ORD100907,CUST5907,Nitara Mital,Male,58,devankashish@example.net,9952756737,Dell Inspiron,Dell,Laptop,5,58999,5,18,280245.25,230096.1,50149.15,2024-08-07,Udaipur,Mizoram
ORD100908,CUST5908,Upkaar Dayal,Male,46,xalakbhatti@example.com,9109296063,iPhone 15,Apple,Electronics,1,79999,10,18,71999.1,62399.22,9599.88,2023-05-24,Haldia,Goa
ORD100909,CUST5909,Indali Chakrabarti,Female,48,anshmenon@example.org,9455428094,Dell Inspiron,Dell,Laptop,4,58999,5,18,224196.2,184076.88,40119.32,2025-04-24,Mumbai,Uttar Pradesh
ORD100910,CUST5910,Tanish Chakraborty,Female,53,bhavika21@example.org,9612548427,iPhone 15,Apple,Electronics,3,79999,5,18,227997.15,187197.66,40799.49,2024-05-05,Kozhikode,Bihar
ORD100911,CUST5911,Urvashi Basu,Male,49,bhavsardavid@example.com,9622158029,HP Pavilion,HP,Laptop,5,65999,0,18,329995.0,257396.1,72598.9,2024-10-29,Durg,Madhya Pradesh
ORD100912,CUST5912,Vasana De,Male,36,savantsneha@example.org,9182862165,HP Pavilion,HP,Laptop,3,65999,5,18,188097.15,154437.66,33659.49,2024-07-04,Ambattur,Andhra Pradesh
ORD100913,CUST5913,Charita Kara,Female,50,aryakabir@example.org,9994921483,iPhone 15,Apple,Electronics,4,79999,15,18,271996.6,249596.88,22399.72,2025-05-24,Dindigul,Meghalaya
ORD100914,CUST5914,Triya Pathak,Male,36,kbali@example.com,9506629251,Dell Inspiron,Dell,Laptop,3,58999,10,18,159297.3,138057.66,21239.64,2024-04-28,Eluru,Andhra Pradesh
ORD100915,CUST5915,Ekavir Khalsa,Female,56,lamble@example.net,9530391913,HP Pavilion,HP,Laptop,5,65999,15,18,280495.75,257396.1,23099.65,2023-10-12,Ajmer,Nagaland
ORD100916,CUST5916,Gauri Rana,Male,54,victorbarman@example.com,9582400536,Dell Inspiron,Dell,Laptop,5,58999,10,18,265495.5,230096.1,35399.4,2023-07-01,Lucknow,Gujarat
ORD100917,CUST5917,Zaitra Varghese,Female,50,salvibhavani@example.net,9792975333,Galaxy S24,Samsung,Electronics,4,74999,0,18,299996.0,233996.88,65999.12,2023-06-02,Berhampur,Uttar Pradesh
ORD100918,CUST5918,Bhavna Babu,Male,50,shroffishwar@example.com,9568701881,Dell Inspiron,Dell,Laptop,5,58999,5,18,280245.25,230096.1,50149.15,2023-01-04,Jhansi,Gujarat
ORD100919,CUST5919,Shivani Hayre,Male,26,idika66@example.org,9296378415,iPhone 15,Apple,Electronics,5,79999,0,18,399995.0,311996.1,87998.9,2023-12-15,Singrauli,Odisha
ORD100920,CUST5920,Radhika Sahota,Female,44,qushi44@example.org,9530052420,iPhone 15,Apple,Electronics,1,79999,5,18,75999.05,62399.22,13599.83,2024-02-28,Buxar,Himachal Pradesh
ORD100921,CUST5921,Riya Soni,Female,55,dev53@example.net,9411886403,iPhone 15,Apple,Electronics,2,79999,10,18,143998.2,124798.44,19199.76,2023-09-01,Amravati,Gujarat
ORD100922,CUST5922,Varsha Datta,Male,30,qgola@example.com,9520271721,Galaxy S24,Samsung,Electronics,1,74999,15,18,63749.15,58499.22,5249.93,2024-10-10,Giridih,Madhya Pradesh
ORD100923,CUST5923,Onkar Oza,Male,50,sjha@example.org,9651724999,HP Pavilion,HP,Laptop,2,65999,10,18,118798.2,102958.44,15839.76,2023-01-28,Meerut,Himachal Pradesh
ORD100924,CUST5924,Nirja Bawa,Male,56,shivani49@example.net,9386481139,iPhone 15,Apple,Electronics,1,79999,10,18,71999.1,62399.22,9599.88,2023-08-04,South Dumdum,Manipur
ORD100925,CUST5925,Priya Krishna,Female,34,vgera@example.net,9780134935,Galaxy S24,Samsung,Electronics,1,74999,10,18,67499.1,58499.22,8999.88,2024-04-03,Pondicherry,Arunachal Pradesh
ORD100926,CUST5926,Ekaja Mital,Male,21,karpeagastya@example.org,9103883976,iPhone 15,Apple,Electronics,5,79999,0,18,399995.0,311996.1,87998.9,2023-09-25,Mangalore,Jharkhand
ORD100927,CUST5927,Ikshita Dey,Male,32,chandresh35@example.net,9305374305,Galaxy S24,Samsung,Electronics,1,74999,5,18,71249.05,58499.22,12749.83,2024-06-23,Bettiah,Tamil Nadu
ORD100928,CUST5928,Eiravati Dora,Male,42,saumya16@example.org,9407899168,iPhone 15,Apple,Electronics,3,79999,5,18,227997.15,187197.66,40799.49,2024-10-17,Dindigul,Kerala
ORD100929,CUST5929,Ishanvi Verma,Male,37,umishra@example.net,9699509279,HP Pavilion,HP,Laptop,1,65999,10,18,59399.1,51479.22,7919.88,2023-06-08,Thrissur,Gujarat
ORD100930,CUST5930,Ekavir Dyal,Male,32,nattrachit@example.net,9543659919,iPhone 15,Apple,Electronics,1,79999,0,18,79999.0,62399.22,17599.78,2024-10-11,Bathinda,Mizoram
ORD100931,CUST5931,Ishwar Joshi,Male,59,meghakari@example.org,9549798232,HP Pavilion,HP,Laptop,2,65999,0,18,131998.0,102958.44,29039.56,2024-03-20,Dibrugarh,Tripura
ORD100932,CUST5932,Harrison Tata,Female,27,edhillon@example.com,9111364644,iPhone 15,Apple,Electronics,3,79999,15,18,203997.45,187197.66,16799.79,2024-07-28,Sikar,Odisha
ORD100933,CUST5933,Anusha Kulkarni,Female,35,chamanrai@example.net,9670114675,iPhone 15,Apple,Electronics,1,79999,0,18,79999.0,62399.22,17599.78,2024-04-20,Thiruvananthapuram,Meghalaya
ORD100934,CUST5934,Laksh Comar,Female,28,sbail@example.net,9302129413,HP Pavilion,HP,Laptop,4,65999,5,18,250796.2,205916.88,44879.32,2024-11-06,Ongole,Punjab
ORD100935,CUST5935,Upkaar Koshy,Female,32,kamdarshravya@example.net,9717484645,Galaxy S24,Samsung,Electronics,3,74999,10,18,202497.3,175497.66,26999.64,2023-09-14,Dehri,Jharkhand
ORD100936,CUST5936,Vinaya Om,Female,18,braroeshi@example.org,9667512713,HP Pavilion,HP,Laptop,3,65999,0,18,197997.0,154437.66,43559.34,2023-08-04,Bhilai,Haryana
ORD100937,CUST5937,Jonathan Badami,Female,29,ksoman@example.org,9811839021,iPhone 15,Apple,Electronics,4,79999,10,18,287996.4,249596.88,38399.52,2023-07-16,Pali,Bihar
ORD100938,CUST5938,Neel Ram,Female,44,fswamy@example.org,9391056597,Dell Inspiron,Dell,Laptop,2,58999,5,18,112098.1,92038.44,20059.66,2023-02-01,Hubli–Dharwad,Haryana
ORD100939,CUST5939,Isha Natarajan,Female,53,sramesh@example.com,9635944491,HP Pavilion,HP,Laptop,3,65999,10,18,178197.3,154437.66,23759.64,2024-04-15,Dharmavaram,Assam
ORD100940,CUST5940,Ekiya Sanghvi,Female,41,jack33@example.net,9253303508,Dell Inspiron,Dell,Laptop,5,58999,10,18,265495.5,230096.1,35399.4,2024-10-24,Mathura,Mizoram
ORD100941,CUST5941,Fariq Tripathi,Male,20,amairachawla@example.net,9633843447,Galaxy S24,Samsung,Electronics,1,74999,5,18,71249.05,58499.22,12749.83,2024-07-20,Rajahmundry,Tripura
ORD100942,CUST5942,Ishita Bhatia,Male,42,vasanavenkatesh@example.com,9958993214,HP Pavilion,HP,Laptop,3,65999,15,18,168297.45,154437.66,13859.79,2023-01-22,Erode,Mizoram
ORD100943,CUST5943,Eiravati Puri,Female,35,vyanjana53@example.org,9972571084,Dell Inspiron,Dell,Laptop,1,58999,15,18,50149.15,46019.22,4129.93,2023-05-27,Sikar,Nagaland
ORD100944,CUST5944,Charan Dass,Male,43,bakshinaveen@example.com,9677448164,Galaxy S24,Samsung,Electronics,1,74999,5,18,71249.05,58499.22,12749.83,2023-12-16,Junagadh,Goa
ORD100945,CUST5945,Vidhi Bandi,Female,43,udarsh31@example.org,9312716857,HP Pavilion,HP,Laptop,4,65999,15,18,224396.6,205916.88,18479.72,2023-02-20,Madhyamgram,Tripura
ORD100946,CUST5946,Finn Sura,Female,46,wasonbakhshi@example.net,9673206345,Galaxy S24,Samsung,Electronics,5,74999,15,18,318745.75,292496.1,26249.65,2023-08-09,Ongole,Meghalaya
ORD100947,CUST5947,Divya Yogi,Female,56,kamyabora@example.com,9674646465,Dell Inspiron,Dell,Laptop,4,58999,0,18,235996.0,184076.88,51919.12,2023-06-01,Mira-Bhayandar,Chhattisgarh
ORD100948,CUST5948,Chakradhar Sur,Female,20,ozanilima@example.net,9735988378,HP Pavilion,HP,Laptop,1,65999,5,18,62699.05,51479.22,11219.83,2023-06-16,Sangli-Miraj & Kupwad,West Bengal
ORD100949,CUST5949,Advik Swamy,Female,35,vrittidugar@example.com,9335609604,Dell Inspiron,Dell,Laptop,1,58999,0,18,58999.0,46019.22,12979.78,2024-03-20,Alwar,Tamil Nadu
ORD100950,CUST5950,Jagrati Sem,Female,37,advaith96@example.com,9918548933,HP Pavilion,HP,Laptop,5,65999,15,18,280495.75,257396.1,23099.65,2025-01-09,Madurai,Manipur
ORD100951,CUST5951,Farhan Chandran,Female,22,farhan27@example.org,9761043493,HP Pavilion,HP,Laptop,5,65999,5,18,313495.25,257396.1,56099.15,2025-03-24,Darbhanga,Bihar
ORD100952,CUST5952,Zayyan Pandey,Male,34,ssengupta@example.com,9878229380,iPhone 15,Apple,Electronics,4,79999,10,18,287996.4,249596.88,38399.52,2024-02-06,Satara,Nagaland
ORD100953,CUST5953,Niharika Dalal,Female,44,psahota@example.net,9251015926,HP Pavilion,HP,Laptop,4,65999,10,18,237596.4,205916.88,31679.52,2023-03-23,Lucknow,West Bengal
ORD100954,CUST5954,Manya Sawhney,Male,22,halderreyansh@example.com,9846113989,Galaxy S24,Samsung,Electronics,4,74999,0,18,299996.0,233996.88,65999.12,2023-02-04,Kamarhati,Himachal Pradesh
ORD100955,CUST5955,Ayushman De,Female,47,kai87@example.com,9578156563,iPhone 15,Apple,Electronics,1,79999,15,18,67999.15,62399.22,5599.93,2023-04-20,Khammam,Bihar
ORD100956,CUST5956,Krishna Pandey,Female,28,jrajagopal@example.org,9398935879,Dell Inspiron,Dell,Laptop,4,58999,0,18,235996.0,184076.88,51919.12,2024-10-01,Nadiad,Uttarakhand
ORD100957,CUST5957,Atharv Balay,Female,35,ahluwaliadaksha@example.org,9205838075,HP Pavilion,HP,Laptop,5,65999,15,18,280495.75,257396.1,23099.65,2024-04-11,Rampur,Goa
ORD100958,CUST5958,Bhavya Bora,Female,52,ekiya56@example.org,9929073946,iPhone 15,Apple,Electronics,1,79999,10,18,71999.1,62399.22,9599.88,2023-01-05,Amroha,Telangana
ORD100959,CUST5959,Dalaja Kurian,Male,49,rachita71@example.com,9882223954,Dell Inspiron,Dell,Laptop,3,58999,10,18,159297.3,138057.66,21239.64,2024-08-22,Kharagpur,Goa
ORD100960,CUST5960,Veda Guha,Female,49,avarty@example.net,9663289312,Dell Inspiron,Dell,Laptop,3,58999,10,18,159297.3,138057.66,21239.64,2023-01-07,Sambhal,Gujarat
ORD100961,CUST5961,Tejas Gara,Female,38,elijahray@example.net,9319322641,HP Pavilion,HP,Laptop,4,65999,15,18,224396.6,205916.88,18479.72,2023-07-26,Sagar,Maharashtra
ORD100962,CUST5962,Urmi Manda,Male,60,ethan74@example.com,9245199768,Galaxy S24,Samsung,Electronics,1,74999,0,18,74999.0,58499.22,16499.78,2025-04-03,Shimla,Nagaland
ORD100963,CUST5963,Barkha Bora,Female,26,teerthravel@example.net,9291542200,HP Pavilion,HP,Laptop,2,65999,5,18,125398.1,102958.44,22439.66,2023-05-25,Berhampore,Karnataka
ORD100964,CUST5964,Aditya Sant,Female,50,hredhaannigam@example.com,9844485326,Galaxy S24,Samsung,Electronics,3,74999,5,18,213747.15,175497.66,38249.49,2024-08-30,Katni,Goa
ORD100965,CUST5965,Barkha Palla,Male,46,gangulysachi@example.net,9582023960,Dell Inspiron,Dell,Laptop,5,58999,10,18,265495.5,230096.1,35399.4,2023-11-10,Navi Mumbai,Maharashtra
ORD100966,CUST5966,Wakeeta Barad,Male,49,manbir62@example.net,9793606849,HP Pavilion,HP,Laptop,3,65999,5,18,188097.15,154437.66,33659.49,2024-10-03,Gaya,Manipur
ORD100967,CUST5967,Vaishnavi Chauhan,Male,36,dhriti18@example.com,9675945295,Galaxy S24,Samsung,Electronics,3,74999,15,18,191247.45,175497.66,15749.79,2023-07-18,Malegaon,Uttar Pradesh
ORD100968,CUST5968,Qadim Koshy,Male,38,jagratiacharya@example.net,9734604722,HP Pavilion,HP,Laptop,1,65999,15,18,56099.15,51479.22,4619.93,2023-07-07,Guntakal,Mizoram
ORD100969,CUST5969,Samuel Narayan,Female,49,vedhikasachdeva@example.org,9228546471,Galaxy S24,Samsung,Electronics,3,74999,0,18,224997.0,175497.66,49499.34,2023-06-03,Mau,Arunachal Pradesh
ORD100970,CUST5970,Ikshita Narayanan,Male,50,wazir96@example.net,9969255431,Dell Inspiron,Dell,Laptop,2,58999,15,18,100298.3,92038.44,8259.86,2023-06-25,Deoghar,Jharkhand
ORD100971,CUST5971,Riya Reddy,Male,44,chackolibni@example.net,9898352103,iPhone 15,Apple,Electronics,5,79999,5,18,379995.25,311996.1,67999.15,2023-11-21,Suryapet,Karnataka
ORD100972,CUST5972,Devika Sandal,Female,36,shivanshtandon@example.net,9143943590,Dell Inspiron,Dell,Laptop,5,58999,10,18,265495.5,230096.1,35399.4,2024-07-10,Gopalpur,Sikkim
ORD100973,CUST5973,Priya Lata,Male,33,yadavi46@example.com,9459109650,Galaxy S24,Samsung,Electronics,3,74999,10,18,202497.3,175497.66,26999.64,2025-05-29,Katni,Telangana
ORD100974,CUST5974,Jeremiah Barad,Female,46,ayushpandya@example.com,9139171573,HP Pavilion,HP,Laptop,3,65999,5,18,188097.15,154437.66,33659.49,2024-06-26,Nagpur,Madhya Pradesh
ORD100975,CUST5975,Zarna Mahal,Female,34,vigowen@example.org,9352463017,HP Pavilion,HP,Laptop,2,65999,15,18,112198.3,102958.44,9239.86,2023-10-29,Begusarai,West Bengal
ORD100976,CUST5976,Chanakya Setty,Female,29,idikapatla@example.net,9304709234,HP Pavilion,HP,Laptop,3,65999,10,18,178197.3,154437.66,23759.64,2024-06-05,South Dumdum,Meghalaya
ORD100977,CUST5977,Chandani Gala,Female,52,sampathrajata@example.com,9451257272,Dell Inspiron,Dell,Laptop,2,58999,0,18,117998.0,92038.44,25959.56,2025-03-29,Bokaro,Madhya Pradesh
ORD100978,CUST5978,Manbir Lal,Female,28,swaminathanjagrati@example.net,9290748307,iPhone 15,Apple,Electronics,3,79999,0,18,239997.0,187197.66,52799.34,2024-10-30,Surendranagar Dudhrej,Assam
ORD100979,CUST5979,Maanas Jhaveri,Female,37,chanderdaniel@example.net,9142248804,Dell Inspiron,Dell,Laptop,2,58999,0,18,117998.0,92038.44,25959.56,2025-04-12,Bettiah,Madhya Pradesh
ORD100980,CUST5980,Yutika Nair,Female,35,handaeiravati@example.net,9191158705,Dell Inspiron,Dell,Laptop,5,58999,10,18,265495.5,230096.1,35399.4,2024-10-18,Agartala,Goa
ORD100981,CUST5981,Januja Bhatti,Female,37,pranit76@example.com,9666750258,Galaxy S24,Samsung,Electronics,1,74999,5,18,71249.05,58499.22,12749.83,2023-09-04,Bhimavaram,West Bengal
ORD100982,CUST5982,Ishwar Vasa,Female,44,bhavikakanda@example.org,9512548544,Galaxy S24,Samsung,Electronics,2,74999,5,18,142498.1,116998.44,25499.66,2024-03-18,Ambattur,Kerala
ORD100983,CUST5983,Anamika Tank,Female,35,ukhatri@example.net,9954144538,Dell Inspiron,Dell,Laptop,1,58999,5,18,56049.05,46019.22,10029.83,2023-05-08,Kottayam,Haryana
ORD100984,CUST5984,Waida Nagar,Male,47,charitasarin@example.com,9814360493,HP Pavilion,HP,Laptop,5,65999,15,18,280495.75,257396.1,23099.65,2024-02-06,Satara,Telangana
ORD100985,CUST5985,Veer Seshadri,Female,18,parthsarna@example.net,9741508235,Galaxy S24,Samsung,Electronics,4,74999,15,18,254996.6,233996.88,20999.72,2023-07-03,Shimla,Odisha
ORD100986,CUST5986,Onkar Pandya,Male,39,prabhakarronith@example.org,9652869891,iPhone 15,Apple,Electronics,2,79999,15,18,135998.3,124798.44,11199.86,2025-05-23,Bathinda,Punjab
ORD100987,CUST5987,Benjamin Dugar,Male,28,lipika21@example.net,9397872372,Dell Inspiron,Dell,Laptop,1,58999,10,18,53099.1,46019.22,7079.88,2024-02-16,Ongole,Gujarat
ORD100988,CUST5988,Anthony Brahmbhatt,Female,55,krishna24@example.org,9442600604,HP Pavilion,HP,Laptop,2,65999,0,18,131998.0,102958.44,29039.56,2023-06-11,Aligarh,Uttarakhand
ORD100989,CUST5989,Avi Comar,Female,45,brahmbhattpranav@example.com,9299578737,iPhone 15,Apple,Electronics,2,79999,0,18,159998.0,124798.44,35199.56,2023-03-23,Panihati,West Bengal
ORD100990,CUST5990,Amara Oza,Male,25,vhans@example.org,9572701489,Galaxy S24,Samsung,Electronics,3,74999,15,18,191247.45,175497.66,15749.79,2023-02-10,Madanapalle,Assam
ORD100991,CUST5991,Yamini Kibe,Male,32,gandhiwishi@example.net,9913637181,Dell Inspiron,Dell,Laptop,5,58999,5,18,280245.25,230096.1,50149.15,2024-04-25,Bhubaneswar,Sikkim
ORD100992,CUST5992,Lekha More,Male,20,farajnayar@example.net,9406104117,Dell Inspiron,Dell,Laptop,5,58999,0,18,294995.0,230096.1,64898.9,2023-04-15,Howrah,Mizoram
ORD100993,CUST5993,Balveer Gandhi,Male,50,chaayatella@example.org,9714518135,iPhone 15,Apple,Electronics,1,79999,0,18,79999.0,62399.22,17599.78,2023-08-30,Rajpur Sonarpur,Uttarakhand
ORD100994,CUST5994,Zilmil Chandra,Female,33,annezansi@example.org,9888221359,Galaxy S24,Samsung,Electronics,1,74999,0,18,74999.0,58499.22,16499.78,2023-04-10,Jorhat,Arunachal Pradesh
ORD100995,CUST5995,Bhavya Pandya,Male,46,ebumb@example.org,9686177286,HP Pavilion,HP,Laptop,5,65999,5,18,313495.25,257396.1,56099.15,2024-11-30,Bhagalpur,Bihar
ORD100996,CUST5996,Pooja Sahota,Male,49,vidhi25@example.net,9184133751,Dell Inspiron,Dell,Laptop,4,58999,5,18,224196.2,184076.88,40119.32,2023-09-14,Danapur,Karnataka
ORD100997,CUST5997,Praneel Mangal,Female,49,dpillai@example.com,9743579231,iPhone 15,Apple,Electronics,1,79999,10,18,71999.1,62399.22,9599.88,2025-01-29,Gopalpur,Jharkhand
ORD100998,CUST5998,Jagrati Saxena,Male,28,darsh45@example.org,9119342715,Galaxy S24,Samsung,Electronics,2,74999,15,18,127498.3,116998.44,10499.86,2025-06-18,Singrauli,Meghalaya
ORD100999,CUST5999,Harinakshi Bera,Female,23,veda94@example.com,9426766543,iPhone 15,Apple,Electronics,5,79999,0,18,399995.0,311996.1,87998.9,2023-04-08,Udaipur,Gujarat
ORD101000,CUST6000,Timothy Tiwari,Male,23,ckibe@example.com,9353029992,Galaxy S24,Samsung,Electronics,4,74999,5,18,284996.2,233996.88,50999.32,2025-06-01,Loni,Karnataka
ORD101001,CUST6001,Megha Sethi,Male,24,birmanan@example.org,9827666958,iPhone 15,Apple,Electronics,4,79999,10,18,287996.4,249596.88,38399.52,2023-08-22,Rajahmundry,Punjab
ORD101002,CUST6002,Falguni Toor,Female,48,oyogi@example.com,9580185393,Galaxy S24,Samsung,Electronics,4,74999,5,18,284996.2,233996.88,50999.32,2024-03-28,Pune,Uttar Pradesh
ORD101003,CUST6003,Krishna Sheth,Male,20,annefariq@example.org,9800925321,HP Pavilion,HP,Laptop,3,65999,0,18,197997.0,154437.66,43559.34,2023-01-09,Salem,Sikkim
ORD101004,CUST6004,Wridesh Sridhar,Female,59,khalsakrish@example.org,9886218713,iPhone 15,Apple,Electronics,5,79999,0,18,399995.0,311996.1,87998.9,2025-05-03,Coimbatore,Assam
ORD101005,CUST6005,Udant Deep,Female,39,qbhattacharyya@example.com,9882476616,iPhone 15,Apple,Electronics,3,79999,5,18,227997.15,187197.66,40799.49,2024-10-20,Durgapur,Goa
ORD101006,CUST6006,Matthew Ramesh,Female,20,geralipika@example.com,9559103345,HP Pavilion,HP,Laptop,5,65999,0,18,329995.0,257396.1,72598.9,2025-04-08,Chapra,Himachal Pradesh
ORD101007,CUST6007,Arjun Soni,Male,48,deepa11@example.net,9740028433,HP Pavilion,HP,Laptop,4,65999,10,18,237596.4,205916.88,31679.52,2025-03-28,Indore,Uttar Pradesh
ORD101008,CUST6008,Omisha Basu,Male,54,dzacharia@example.org,9170594400,Dell Inspiron,Dell,Laptop,4,58999,10,18,212396.4,184076.88,28319.52,2023-09-18,Katihar,Kerala
ORD101009,CUST6009,Tamanna Balay,Female,26,sagarlohit@example.net,9288616881,Dell Inspiron,Dell,Laptop,3,58999,15,18,150447.45,138057.66,12389.79,2023-11-07,Bhalswa Jahangir Pur,Bihar
ORD101010,CUST6010,Ucchal Munshi,Male,49,anvi52@example.com,9389772942,Dell Inspiron,Dell,Laptop,4,58999,15,18,200596.6,184076.88,16519.72,2023-12-07,Aurangabad,Nagaland
ORD101011,CUST6011,Anusha Malhotra,Female,36,zbajwa@example.com,9856139169,Galaxy S24,Samsung,Electronics,5,74999,15,18,318745.75,292496.1,26249.65,2024-06-18,Latur,Kerala
ORD101012,CUST6012,Raagini Rajagopalan,Female,42,naveen45@example.com,9538866044,iPhone 15,Apple,Electronics,4,79999,10,18,287996.4,249596.88,38399.52,2025-05-02,Bhavnagar,Telangana
ORD101013,CUST6013,Bhavika Barad,Male,40,bhandarihamsini@example.org,9559042268,Dell Inspiron,Dell,Laptop,1,58999,10,18,53099.1,46019.22,7079.88,2025-04-29,Sambhal,Chhattisgarh
ORD101014,CUST6014,Maanas Bora,Male,57,ayushman57@example.com,9481346260,Galaxy S24,Samsung,Electronics,3,74999,0,18,224997.0,175497.66,49499.34,2023-10-11,Berhampore,Manipur
ORD101015,CUST6015,Abhiram Bir,Female,35,adayal@example.net,9922627123,Galaxy S24,Samsung,Electronics,5,74999,10,18,337495.5,292496.1,44999.4,2025-03-09,Jodhpur,Jharkhand
ORD101016,CUST6016,Mohini Gara,Female,24,joshuakulkarni@example.net,9491760144,iPhone 15,Apple,Electronics,2,79999,15,18,135998.3,124798.44,11199.86,2024-04-15,Orai,Meghalaya
ORD101017,CUST6017,Bhavika Toor,Female,35,wvala@example.org,9955490006,Dell Inspiron,Dell,Laptop,4,58999,15,18,200596.6,184076.88,16519.72,2024-02-07,Ulhasnagar,Punjab
ORD101018,CUST6018,William Gole,Female,33,krishnabhakta@example.com,9437406657,Dell Inspiron,Dell,Laptop,5,58999,0,18,294995.0,230096.1,64898.9,2023-02-21,Parbhani,Nagaland
ORD101019,CUST6019,Aryan Barad,Male,53,ldeshpande@example.com,9510583701,HP Pavilion,HP,Laptop,5,65999,15,18,280495.75,257396.1,23099.65,2024-10-11,Agartala,Haryana
ORD101020,CUST6020,Daksha Barman,Male,53,onkarramaswamy@example.com,9843974811,Galaxy S24,Samsung,Electronics,3,74999,10,18,202497.3,175497.66,26999.64,2024-02-19,Aurangabad,Arunachal Pradesh
ORD101021,CUST6021,Varsha Sachdeva,Female,18,wishi38@example.com,9686858181,Dell Inspiron,Dell,Laptop,1,58999,5,18,56049.05,46019.22,10029.83,2023-02-04,Bhavnagar,Madhya Pradesh
ORD101022,CUST6022,Darpan Mammen,Female,60,lakshchhabra@example.net,9297466960,Galaxy S24,Samsung,Electronics,3,74999,5,18,213747.15,175497.66,38249.49,2024-08-04,Gangtok,Haryana
ORD101023,CUST6023,Anita Gandhi,Female,23,samakshom@example.net,9318308657,iPhone 15,Apple,Electronics,5,79999,15,18,339995.75,311996.1,27999.65,2024-09-11,Alwar,Haryana
ORD101024,CUST6024,Ekansh Mangal,Male,45,alexander07@example.net,9393365548,HP Pavilion,HP,Laptop,1,65999,0,18,65999.0,51479.22,14519.78,2023-07-02,Bhind,Himachal Pradesh
ORD101025,CUST6025,Ekaja Shetty,Male,50,mkaran@example.com,9161962963,Galaxy S24,Samsung,Electronics,4,74999,10,18,269996.4,233996.88,35999.52,2024-06-07,Karawal Nagar,Sikkim
ORD101026,CUST6026,Yadavi Deshpande,Male,47,brana@example.com,9540399134,iPhone 15,Apple,Electronics,4,79999,10,18,287996.4,249596.88,38399.52,2024-12-19,Ambattur,Maharashtra
ORD101027,CUST6027,Ati Sant,Female,47,rohanwali@example.net,9449953331,HP Pavilion,HP,Laptop,2,65999,0,18,131998.0,102958.44,29039.56,2023-08-23,Guntakal,Bihar
ORD101028,CUST6028,Vrishti Rana,Male,35,buchpraneel@example.net,9595187391,Dell Inspiron,Dell,Laptop,3,58999,5,18,168147.15,138057.66,30089.49,2023-05-19,Tiruppur,Assam
ORD101029,CUST6029,Neha Edwin,Female,39,dayamaikonda@example.net,9464339700,Dell Inspiron,Dell,Laptop,1,58999,0,18,58999.0,46019.22,12979.78,2025-03-18,Tezpur,West Bengal
ORD101030,CUST6030,Indira Shere,Male,59,madhav75@example.net,9226801161,HP Pavilion,HP,Laptop,3,65999,10,18,178197.3,154437.66,23759.64,2023-05-18,Warangal,Andhra Pradesh
ORD101031,CUST6031,Yashoda Dara,Male,47,neelrattan@example.com,9120561193,iPhone 15,Apple,Electronics,1,79999,10,18,71999.1,62399.22,9599.88,2025-02-14,Guwahati,Uttar Pradesh
ORD101032,CUST6032,Wyatt Nigam,Female,51,megha57@example.net,9172541095,HP Pavilion,HP,Laptop,4,65999,10,18,237596.4,205916.88,31679.52,2025-03-05,Sonipat,Himachal Pradesh
ORD101033,CUST6033,Raagini Sen,Male,56,adweta22@example.org,9454771657,iPhone 15,Apple,Electronics,2,79999,15,18,135998.3,124798.44,11199.86,2024-02-23,Madhyamgram,Himachal Pradesh
ORD101034,CUST6034,Devika Issac,Male,57,chavvi90@example.com,9757266979,Galaxy S24,Samsung,Electronics,5,74999,5,18,356245.25,292496.1,63749.15,2025-01-06,Patiala,Goa
ORD101035,CUST6035,Chanakya Saxena,Male,33,zayyan84@example.com,9730574429,iPhone 15,Apple,Electronics,3,79999,5,18,227997.15,187197.66,40799.49,2024-08-11,Korba,Himachal Pradesh
ORD101036,CUST6036,Kalpit Sani,Female,54,lsachdev@example.com,9460050122,iPhone 15,Apple,Electronics,2,79999,0,18,159998.0,124798.44,35199.56,2025-06-15,Chittoor,Karnataka
ORD101037,CUST6037,Rushil Morar,Female,54,noriojas@example.org,9346174385,iPhone 15,Apple,Electronics,4,79999,15,18,271996.6,249596.88,22399.72,2025-05-09,Dharmavaram,Kerala
ORD101038,CUST6038,Udarsh Mitter,Male,25,dayamaichander@example.com,9900536011,Galaxy S24,Samsung,Electronics,5,74999,0,18,374995.0,292496.1,82498.9,2024-01-16,Warangal,Tripura
ORD101039,CUST6039,Mahika Goyal,Male,21,oviyasrinivas@example.net,9766766457,iPhone 15,Apple,Electronics,1,79999,5,18,75999.05,62399.22,13599.83,2024-05-29,Tinsukia,Manipur
ORD101040,CUST6040,Agastya Malhotra,Female,25,nidhikashyap@example.com,9542199674,HP Pavilion,HP,Laptop,2,65999,10,18,118798.2,102958.44,15839.76,2023-09-27,Kurnool,Maharashtra
ORD101041,CUST6041,Matthew Dhingra,Male,50,ekashyap@example.org,9216332634,HP Pavilion,HP,Laptop,1,65999,5,18,62699.05,51479.22,11219.83,2024-03-19,Medininagar,Gujarat
ORD101042,CUST6042,Siddharth Memon,Female,19,fitanmistry@example.com,9364348278,Dell Inspiron,Dell,Laptop,5,58999,5,18,280245.25,230096.1,50149.15,2024-08-19,Anantapuram,Telangana
ORD101043,CUST6043,Aayush Boase,Female,60,manneekbal@example.net,9282734719,Galaxy S24,Samsung,Electronics,3,74999,10,18,202497.3,175497.66,26999.64,2024-03-26,Shimoga,Andhra Pradesh
ORD101044,CUST6044,Lajita Anne,Male,32,liambarad@example.net,9941917190,HP Pavilion,HP,Laptop,5,65999,10,18,296995.5,257396.1,39599.4,2023-11-10,Jodhpur,Arunachal Pradesh
ORD101045,CUST6045,Manthan Mahajan,Female,57,nehamody@example.net,9895383032,iPhone 15,Apple,Electronics,1,79999,15,18,67999.15,62399.22,5599.93,2023-12-07,Khammam,Nagaland
ORD101046,CUST6046,Charles Khare,Female,24,aahanahanda@example.org,9317263585,Dell Inspiron,Dell,Laptop,2,58999,5,18,112098.1,92038.44,20059.66,2023-06-17,Alwar,Nagaland
ORD101047,CUST6047,Devika Nath,Male,58,dixitayush@example.org,9974416356,iPhone 15,Apple,Electronics,3,79999,15,18,203997.45,187197.66,16799.79,2023-10-09,Tenali,Karnataka
ORD101048,CUST6048,Falan Subramanian,Female,31,aradhana22@example.org,9942554352,Dell Inspiron,Dell,Laptop,3,58999,15,18,150447.45,138057.66,12389.79,2023-10-06,Jalna,Tripura
ORD101049,CUST6049,Tripti Pai,Female,32,lucky00@example.com,9107669356,Galaxy S24,Samsung,Electronics,4,74999,5,18,284996.2,233996.88,50999.32,2023-03-07,Udaipur,Maharashtra
ORD101050,CUST6050,Hardik Barad,Male,25,kalaabdul@example.org,9187877000,Galaxy S24,Samsung,Electronics,2,74999,5,18,142498.1,116998.44,25499.66,2025-03-06,Sultan Pur Majra,Mizoram
ORD101051,CUST6051,Kai Yohannan,Female,38,diya77@example.net,9191099857,HP Pavilion,HP,Laptop,2,65999,15,18,112198.3,102958.44,9239.86,2023-10-20,Bhilwara,Bihar
ORD101052,CUST6052,Yashawini Tata,Male,37,zilmillad@example.net,9500524114,Dell Inspiron,Dell,Laptop,3,58999,15,18,150447.45,138057.66,12389.79,2024-02-13,Burhanpur,Uttar Pradesh
ORD101053,CUST6053,Neelima Goda,Male,34,sekhonrushil@example.org,9378213430,HP Pavilion,HP,Laptop,4,65999,5,18,250796.2,205916.88,44879.32,2024-10-26,Etawah,Jharkhand
ORD101054,CUST6054,Edhitha Talwar,Male,31,saanvi64@example.net,9633921424,HP Pavilion,HP,Laptop,2,65999,15,18,112198.3,102958.44,9239.86,2024-01-19,Jorhat,Andhra Pradesh
ORD101055,CUST6055,Peter Pall,Female,19,walipavani@example.com,9146045393,Dell Inspiron,Dell,Laptop,2,58999,5,18,112098.1,92038.44,20059.66,2024-09-28,Agartala,Nagaland
ORD101056,CUST6056,Rushil Dhar,Female,53,mganesh@example.org,9538937348,HP Pavilion,HP,Laptop,4,65999,5,18,250796.2,205916.88,44879.32,2023-03-31,Guntakal,Jharkhand
ORD101057,CUST6057,Rachita Rao,Male,19,jacksoncomar@example.org,9838756449,Galaxy S24,Samsung,Electronics,2,74999,5,18,142498.1,116998.44,25499.66,2024-10-06,Bahraich,Uttarakhand
ORD101058,CUST6058,Lila Ganesh,Female,38,rishikhalsa@example.org,9274633199,HP Pavilion,HP,Laptop,2,65999,5,18,125398.1,102958.44,22439.66,2025-02-15,Nandyal,Uttarakhand
ORD101059,CUST6059,Samesh Gole,Male,33,arya01@example.org,9421413379,Dell Inspiron,Dell,Laptop,2,58999,5,18,112098.1,92038.44,20059.66,2025-05-01,Ulhasnagar,Maharashtra
ORD101060,CUST6060,Jagdish Thaman,Female,35,adityathaker@example.net,9849499884,Dell Inspiron,Dell,Laptop,1,58999,15,18,50149.15,46019.22,4129.93,2024-02-19,Jamshedpur,Rajasthan
ORD101061,CUST6061,Damyanti Lata,Female,21,krishnasetty@example.net,9172067099,Galaxy S24,Samsung,Electronics,4,74999,10,18,269996.4,233996.88,35999.52,2025-04-24,Kadapa,Haryana
ORD101062,CUST6062,Guneet Tandon,Male,21,gaurikamammen@example.com,9877317043,iPhone 15,Apple,Electronics,4,79999,0,18,319996.0,249596.88,70399.12,2023-04-20,Ahmedabad,Gujarat
ORD101063,CUST6063,Manbir Kibe,Female,31,schahal@example.net,9663550624,Galaxy S24,Samsung,Electronics,4,74999,15,18,254996.6,233996.88,20999.72,2023-04-17,Bhalswa Jahangir Pur,Tripura
ORD101064,CUST6064,Naksh Bhardwaj,Female,55,yashodarajan@example.net,9628717359,iPhone 15,Apple,Electronics,2,79999,10,18,143998.2,124798.44,19199.76,2025-02-13,Kakinada,Assam
ORD101065,CUST6065,Daksha Sharma,Male,55,kamyasunder@example.com,9750008337,HP Pavilion,HP,Laptop,4,65999,15,18,224396.6,205916.88,18479.72,2023-11-13,Sambalpur,Kerala
ORD101066,CUST6066,Dayita Sampath,Female,49,rhayer@example.org,9190805428,iPhone 15,Apple,Electronics,2,79999,5,18,151998.1,124798.44,27199.66,2023-09-21,Guntur,Karnataka
ORD101067,CUST6067,Advika Bhatti,Male,56,ranbir61@example.net,9462910621,HP Pavilion,HP,Laptop,3,65999,5,18,188097.15,154437.66,33659.49,2023-01-05,Bellary,Telangana
ORD101068,CUST6068,Gunbir Bora,Male,34,goswamisaksham@example.org,9625296898,Galaxy S24,Samsung,Electronics,3,74999,15,18,191247.45,175497.66,15749.79,2024-09-24,Secunderabad,Gujarat
ORD101069,CUST6069,Jason Deshmukh,Male,32,janya05@example.net,9353657074,Galaxy S24,Samsung,Electronics,2,74999,0,18,149998.0,116998.44,32999.56,2023-05-28,Ghaziabad,Odisha
ORD101070,CUST6070,Kiaan Tak,Female,49,ayaan66@example.net,9400847897,Dell Inspiron,Dell,Laptop,3,58999,15,18,150447.45,138057.66,12389.79,2025-01-01,Kirari Suleman Nagar,Meghalaya
ORD101071,CUST6071,Omaja Vig,Male,46,basakanay@example.org,9174437049,Dell Inspiron,Dell,Laptop,2,58999,5,18,112098.1,92038.44,20059.66,2023-11-19,Hajipur,Assam
ORD101072,CUST6072,Zinal Jani,Male,55,karagirindra@example.net,9869889706,iPhone 15,Apple,Electronics,1,79999,10,18,71999.1,62399.22,9599.88,2025-03-09,Serampore,Nagaland
ORD101073,CUST6073,Ati Memon,Female,31,boak@example.org,9412921078,iPhone 15,Apple,Electronics,5,79999,15,18,339995.75,311996.1,27999.65,2024-07-11,Malda,Arunachal Pradesh
ORD101074,CUST6074,Varsha Zacharia,Female,37,qabilvarty@example.com,9171873648,HP Pavilion,HP,Laptop,1,65999,10,18,59399.1,51479.22,7919.88,2023-02-19,Bhilwara,Kerala
ORD101075,CUST6075,Ira Seth,Female,49,cghosh@example.org,9217218769,HP Pavilion,HP,Laptop,1,65999,5,18,62699.05,51479.22,11219.83,2023-04-28,Karnal,Madhya Pradesh
ORD101076,CUST6076,Devika Atwal,Female,57,pahal20@example.com,9884457892,Dell Inspiron,Dell,Laptop,1,58999,0,18,58999.0,46019.22,12979.78,2025-06-18,Sambalpur,Karnataka
ORD101077,CUST6077,Harish Balakrishnan,Female,49,krishvinaya@example.com,9330673738,HP Pavilion,HP,Laptop,5,65999,10,18,296995.5,257396.1,39599.4,2023-10-19,Kochi,Arunachal Pradesh
ORD101078,CUST6078,Nakul Gole,Male,28,ypatla@example.net,9851938197,Galaxy S24,Samsung,Electronics,2,74999,5,18,142498.1,116998.44,25499.66,2024-11-13,Kumbakonam,Goa
ORD101079,CUST6079,Ubika Devi,Male,40,yauvani35@example.org,9486035782,Galaxy S24,Samsung,Electronics,4,74999,5,18,284996.2,233996.88,50999.32,2023-03-10,Ahmednagar,Tripura
ORD101080,CUST6080,Nachiket Chauhan,Male,60,jasonmurthy@example.com,9105899693,iPhone 15,Apple,Electronics,1,79999,5,18,75999.05,62399.22,13599.83,2025-01-25,Ambala,Goa
ORD101081,CUST6081,Krishna Gade,Male,29,gaurav59@example.org,9548812609,Galaxy S24,Samsung,Electronics,5,74999,15,18,318745.75,292496.1,26249.65,2025-01-06,Guwahati,Rajasthan
ORD101082,CUST6082,Pranav Prabhu,Female,31,comarowen@example.org,9374000348,Galaxy S24,Samsung,Electronics,5,74999,5,18,356245.25,292496.1,63749.15,2024-12-07,Gulbarga,Maharashtra
ORD101083,CUST6083,Jalsa Chad,Female,48,pratyush76@example.org,9297159830,HP Pavilion,HP,Laptop,1,65999,15,18,56099.15,51479.22,4619.93,2024-05-26,Vadodara,Rajasthan
ORD101084,CUST6084,Lopa Dass,Male,18,chandran52@example.com,9266263052,Dell Inspiron,Dell,Laptop,2,58999,15,18,100298.3,92038.44,8259.86,2024-06-29,Kota,Tripura
ORD101085,CUST6085,Chaman Bahri,Female,53,dominicsagar@example.org,9384636872,Dell Inspiron,Dell,Laptop,1,58999,10,18,53099.1,46019.22,7079.88,2024-02-19,Jalgaon,West Bengal
ORD101086,CUST6086,Nisha Tripathi,Male,35,yatan32@example.org,9307849427,Dell Inspiron,Dell,Laptop,5,58999,15,18,250745.75,230096.1,20649.65,2024-08-27,Patna,West Bengal
ORD101087,CUST6087,Caleb Oza,Male,28,vvora@example.org,9501110873,HP Pavilion,HP,Laptop,4,65999,10,18,237596.4,205916.88,31679.52,2024-09-13,Purnia,West Bengal
ORD101088,CUST6088,Samarth Dugar,Male,34,quppal@example.com,9327192752,Galaxy S24,Samsung,Electronics,4,74999,15,18,254996.6,233996.88,20999.72,2024-10-19,Davanagere,Uttar Pradesh
ORD101089,CUST6089,Qasim Jha,Male,43,singhalaachal@example.com,9825255474,iPhone 15,Apple,Electronics,2,79999,5,18,151998.1,124798.44,27199.66,2024-10-27,Satara,Tamil Nadu
ORD101090,CUST6090,Vamakshi Bir,Male,34,spalla@example.com,9450218720,Dell Inspiron,Dell,Laptop,1,58999,0,18,58999.0,46019.22,12979.78,2023-11-07,Singrauli,Nagaland
ORD101091,CUST6091,Devansh Kata,Male,25,harrison91@example.com,9131408466,Galaxy S24,Samsung,Electronics,3,74999,5,18,213747.15,175497.66,38249.49,2024-10-20,Ramgarh,Uttar Pradesh
ORD101092,CUST6092,Abdul Krishnan,Male,48,surichakrika@example.com,9629404926,Dell Inspiron,Dell,Laptop,5,58999,10,18,265495.5,230096.1,35399.4,2024-02-25,Kirari Suleman Nagar,Maharashtra
ORD101093,CUST6093,Chameli Dugal,Female,55,arin83@example.org,9338716145,Galaxy S24,Samsung,Electronics,2,74999,0,18,149998.0,116998.44,32999.56,2024-05-31,Varanasi,Andhra Pradesh
ORD101094,CUST6094,Rehaan Dyal,Female,40,agrawalsimon@example.com,9704244267,Dell Inspiron,Dell,Laptop,4,58999,15,18,200596.6,184076.88,16519.72,2023-01-10,Kharagpur,Andhra Pradesh
ORD101095,CUST6095,Avni Suri,Female,44,ranveermukherjee@example.net,9690605669,Dell Inspiron,Dell,Laptop,4,58999,5,18,224196.2,184076.88,40119.32,2024-08-16,Sultan Pur Majra,Tamil Nadu
ORD101096,CUST6096,Ekiya Jani,Female,48,sehgalkritika@example.org,9528535196,iPhone 15,Apple,Electronics,2,79999,10,18,143998.2,124798.44,19199.76,2023-07-13,Jammu,Odisha
ORD101097,CUST6097,Anthony Deshmukh,Male,52,swamyfaras@example.net,9147135926,Galaxy S24,Samsung,Electronics,1,74999,0,18,74999.0,58499.22,16499.78,2025-04-03,Uluberia,Kerala
ORD101098,CUST6098,Qushi Chauhan,Male,30,kashishbedi@example.net,9487978095,iPhone 15,Apple,Electronics,2,79999,5,18,151998.1,124798.44,27199.66,2023-05-03,Uluberia,Kerala
ORD101099,CUST6099,Kritika Agarwal,Female,54,bimala06@example.org,9973815198,iPhone 15,Apple,Electronics,2,79999,15,18,135998.3,124798.44,11199.86,2023-03-30,Nellore,Meghalaya
ORD101100,CUST6100,Qarin Bora,Female,49,kamalalad@example.com,9456721179,iPhone 15,Apple,Electronics,1,79999,0,18,79999.0,62399.22,17599.78,2024-09-23,Dewas,Rajasthan
ORD101101,CUST6101,Brinda Vasa,Male,36,mittaldevika@example.com,9630504453,Galaxy S24,Samsung,Electronics,2,74999,15,18,127498.3,116998.44,10499.86,2023-01-26,Akola,Maharashtra
ORD101102,CUST6102,Xalak Chad,Male,18,zdutt@example.net,9867944265,HP Pavilion,HP,Laptop,5,65999,15,18,280495.75,257396.1,23099.65,2023-09-15,Bellary,Gujarat
ORD101103,CUST6103,Saumya Chaudry,Female,50,gopal89@example.net,9573054483,Galaxy S24,Samsung,Electronics,4,74999,0,18,299996.0,233996.88,65999.12,2023-02-10,Bijapur,Chhattisgarh
ORD101104,CUST6104,Rushil Krishnan,Female,32,sanyamangat@example.com,9178222071,Galaxy S24,Samsung,Electronics,1,74999,0,18,74999.0,58499.22,16499.78,2023-11-01,Bijapur,Manipur
ORD101105,CUST6105,David Barad,Male,58,aditya51@example.org,9826420349,Dell Inspiron,Dell,Laptop,2,58999,10,18,106198.2,92038.44,14159.76,2023-12-09,Dehradun,Telangana
ORD101106,CUST6106,Yashoda Goda,Female,39,bbhattacharyya@example.com,9114655984,Dell Inspiron,Dell,Laptop,3,58999,0,18,176997.0,138057.66,38939.34,2025-03-31,Panipat,Kerala
ORD101107,CUST6107,Yashasvi Sridhar,Female,57,ayaan99@example.org,9672704850,Galaxy S24,Samsung,Electronics,1,74999,0,18,74999.0,58499.22,16499.78,2024-05-31,Narasaraopet,Karnataka
ORD101108,CUST6108,Nitara Choudhury,Male,27,voraanya@example.com,9332645193,Dell Inspiron,Dell,Laptop,5,58999,0,18,294995.0,230096.1,64898.9,2024-09-23,Bijapur,Punjab
ORD101109,CUST6109,Jack Bera,Male,26,kotharithomas@example.net,9291905540,HP Pavilion,HP,Laptop,2,65999,10,18,118798.2,102958.44,15839.76,2024-01-03,Darbhanga,Nagaland
ORD101110,CUST6110,Neha Dalal,Female,51,lalaikbal@example.com,9540421679,Galaxy S24,Samsung,Electronics,2,74999,0,18,149998.0,116998.44,32999.56,2023-01-10,Nandyal,Goa
ORD101111,CUST6111,Avi Sarkar,Male,33,loganraghavan@example.net,9808680376,HP Pavilion,HP,Laptop,5,65999,15,18,280495.75,257396.1,23099.65,2025-06-07,Jammu,Sikkim
ORD101112,CUST6112,Zashil Borah,Female,54,charlesshah@example.net,9847445054,Dell Inspiron,Dell,Laptop,1,58999,0,18,58999.0,46019.22,12979.78,2023-11-08,Begusarai,Andhra Pradesh
ORD101113,CUST6113,Omkaar Mahajan,Female,54,singhalyutika@example.net,9572461487,HP Pavilion,HP,Laptop,4,65999,10,18,237596.4,205916.88,31679.52,2023-06-14,Kolkata,Tripura
ORD101114,CUST6114,Parth Doshi,Male,21,mohammedrajan@example.org,9350382386,Dell Inspiron,Dell,Laptop,2,58999,15,18,100298.3,92038.44,8259.86,2024-06-10,Raiganj,Haryana
ORD101115,CUST6115,Panini Sha,Male,38,thamananika@example.net,9804700509,iPhone 15,Apple,Electronics,2,79999,5,18,151998.1,124798.44,27199.66,2023-02-21,Bhubaneswar,Odisha
ORD101116,CUST6116,Aarna Hans,Female,52,sbhavsar@example.com,9265565576,HP Pavilion,HP,Laptop,4,65999,10,18,237596.4,205916.88,31679.52,2023-09-23,Tiruppur,Tripura
ORD101117,CUST6117,Gabriel Hayer,Male,27,samiwakeeta@example.org,9492363144,Galaxy S24,Samsung,Electronics,1,74999,5,18,71249.05,58499.22,12749.83,2023-09-22,Mango,Manipur
ORD101118,CUST6118,David Bose,Male,54,yadavmitesh@example.com,9882747691,iPhone 15,Apple,Electronics,5,79999,0,18,399995.0,311996.1,87998.9,2024-06-14,Meerut,Punjab
ORD101119,CUST6119,Imaran Bhattacharyya,Female,55,masterkai@example.net,9509114511,Galaxy S24,Samsung,Electronics,2,74999,15,18,127498.3,116998.44,10499.86,2024-08-10,Patna,Manipur
ORD101120,CUST6120,Devika Karnik,Male,58,ayushman85@example.com,9943044614,iPhone 15,Apple,Electronics,4,79999,15,18,271996.6,249596.88,22399.72,2023-12-05,Ghaziabad,Haryana
ORD101121,CUST6121,Xiti Baral,Male,51,bdugar@example.net,9343007954,HP Pavilion,HP,Laptop,2,65999,15,18,112198.3,102958.44,9239.86,2023-03-15,Pimpri-Chinchwad,Andhra Pradesh
ORD101122,CUST6122,Ishanvi Thaman,Male,26,zansimody@example.com,9835348117,HP Pavilion,HP,Laptop,2,65999,5,18,125398.1,102958.44,22439.66,2024-04-15,Anand,Haryana
ORD101123,CUST6123,Baghyawati Mane,Male,19,solankichandran@example.com,9434740833,iPhone 15,Apple,Electronics,1,79999,10,18,71999.1,62399.22,9599.88,2024-08-22,Satna,West Bengal
ORD101124,CUST6124,Charvi Sandhu,Female,60,patelmekhala@example.com,9611806627,iPhone 15,Apple,Electronics,2,79999,5,18,151998.1,124798.44,27199.66,2024-10-26,Mathura,Gujarat
ORD101125,CUST6125,Yuvraj Chahal,Male,19,ishanvivaidya@example.net,9249966593,Dell Inspiron,Dell,Laptop,4,58999,0,18,235996.0,184076.88,51919.12,2024-04-02,Anantapur,Gujarat
ORD101126,CUST6126,Pushti Bala,Female,21,qadim63@example.net,9646179644,HP Pavilion,HP,Laptop,5,65999,10,18,296995.5,257396.1,39599.4,2023-04-09,Pallavaram,Tripura
ORD101127,CUST6127,Veer Ben,Female,26,fkeer@example.net,9449982988,HP Pavilion,HP,Laptop,4,65999,10,18,237596.4,205916.88,31679.52,2025-05-03,Latur,Kerala
ORD101128,CUST6128,Jagvi Dixit,Female,29,karpeoviya@example.net,9420418896,Dell Inspiron,Dell,Laptop,2,58999,15,18,100298.3,92038.44,8259.86,2024-02-02,Rourkela,Himachal Pradesh
ORD101129,CUST6129,Oviya Sampath,Female,53,ekansh68@example.com,9952815913,iPhone 15,Apple,Electronics,2,79999,10,18,143998.2,124798.44,19199.76,2023-09-07,Bijapur,Uttar Pradesh
ORD101130,CUST6130,Omkaar Golla,Female,47,wparmer@example.net,9913093509,HP Pavilion,HP,Laptop,4,65999,5,18,250796.2,205916.88,44879.32,2024-07-11,Solapur,Uttar Pradesh
ORD101131,CUST6131,Anay Mann,Female,54,masterindrajit@example.org,9873289816,iPhone 15,Apple,Electronics,4,79999,10,18,287996.4,249596.88,38399.52,2024-06-16,Vadodara,Tamil Nadu
ORD101132,CUST6132,Netra Naidu,Female,56,karnikikbal@example.com,9778593980,HP Pavilion,HP,Laptop,1,65999,0,18,65999.0,51479.22,14519.78,2023-07-03,Ranchi,Bihar
ORD101133,CUST6133,Rayaan Patla,Female,27,harshilsaxena@example.net,9892644412,HP Pavilion,HP,Laptop,3,65999,5,18,188097.15,154437.66,33659.49,2024-09-29,Bardhaman,Haryana
ORD101134,CUST6134,Shravya Gupta,Female,41,sanyachar@example.net,9200700391,HP Pavilion,HP,Laptop,4,65999,15,18,224396.6,205916.88,18479.72,2023-08-20,Coimbatore,Andhra Pradesh
ORD101135,CUST6135,Udyati Sethi,Male,58,chopranitara@example.org,9116760052,Galaxy S24,Samsung,Electronics,5,74999,15,18,318745.75,292496.1,26249.65,2023-09-08,Ozhukarai,Goa
ORD101136,CUST6136,Abdul Mani,Male,26,ekade@example.com,9299003868,HP Pavilion,HP,Laptop,3,65999,10,18,178197.3,154437.66,23759.64,2024-07-09,Nashik,Jharkhand
ORD101137,CUST6137,Udarsh Walia,Female,50,oviya78@example.net,9939845960,iPhone 15,Apple,Electronics,3,79999,5,18,227997.15,187197.66,40799.49,2024-07-11,Nagaon,Assam
ORD101138,CUST6138,Alka Ramanathan,Male,25,vbose@example.org,9589337167,Galaxy S24,Samsung,Electronics,2,74999,5,18,142498.1,116998.44,25499.66,2023-02-21,Khandwa,Bihar
ORD101139,CUST6139,Reyansh Kakar,Female,23,zrajan@example.com,9839366767,Dell Inspiron,Dell,Laptop,5,58999,10,18,265495.5,230096.1,35399.4,2023-01-27,Salem,Jharkhand
ORD101140,CUST6140,Nakul Hora,Male,52,pallavide@example.net,9328976554,Dell Inspiron,Dell,Laptop,1,58999,0,18,58999.0,46019.22,12979.78,2024-08-03,Firozabad,Manipur
ORD101141,CUST6141,Shivansh Chand,Female,38,fhalder@example.net,9511360748,iPhone 15,Apple,Electronics,4,79999,10,18,287996.4,249596.88,38399.52,2023-01-21,Gurgaon,Tripura
ORD101142,CUST6142,Charita Sani,Female,19,ethan03@example.net,9938995755,Galaxy S24,Samsung,Electronics,1,74999,5,18,71249.05,58499.22,12749.83,2025-04-26,Gorakhpur,Gujarat
ORD101143,CUST6143,Yoshita Ben,Female,57,vorapratyush@example.com,9867199722,Dell Inspiron,Dell,Laptop,3,58999,15,18,150447.45,138057.66,12389.79,2024-04-11,Coimbatore,Tamil Nadu
ORD101144,CUST6144,Vanya Morar,Male,39,samuelmisra@example.com,9367607375,Galaxy S24,Samsung,Electronics,3,74999,0,18,224997.0,175497.66,49499.34,2024-07-03,Hubli–Dharwad,Himachal Pradesh
ORD101145,CUST6145,Vrinda Mann,Male,18,jhegde@example.org,9453031766,HP Pavilion,HP,Laptop,2,65999,5,18,125398.1,102958.44,22439.66,2024-05-06,Saharsa,Manipur
ORD101146,CUST6146,Krisha Nair,Female,53,bainsteerth@example.com,9169993668,HP Pavilion,HP,Laptop,5,65999,5,18,313495.25,257396.1,56099.15,2024-04-30,Ghaziabad,Bihar
ORD101147,CUST6147,Xalak Kar,Male,39,jayaramanbalvan@example.net,9370111918,Dell Inspiron,Dell,Laptop,4,58999,0,18,235996.0,184076.88,51919.12,2023-08-11,Pondicherry,Rajasthan
ORD101148,CUST6148,Mahika Deol,Male,55,hardik55@example.com,9561453961,Dell Inspiron,Dell,Laptop,3,58999,0,18,176997.0,138057.66,38939.34,2024-01-24,Sirsa,Andhra Pradesh
ORD101149,CUST6149,Gunbir Kapadia,Female,60,kgrover@example.com,9450341578,Galaxy S24,Samsung,Electronics,2,74999,10,18,134998.2,116998.44,17999.76,2023-02-16,Latur,Goa
ORD101150,CUST6150,Jeet Chawla,Female,49,shari@example.org,9597152132,iPhone 15,Apple,Electronics,4,79999,5,18,303996.2,249596.88,54399.32,2023-05-31,Dehradun,Haryana
ORD101151,CUST6151,Sanaya Singhal,Male,26,shravya52@example.net,9444591855,Galaxy S24,Samsung,Electronics,1,74999,5,18,71249.05,58499.22,12749.83,2024-08-23,Aizawl,Himachal Pradesh
ORD101152,CUST6152,Leena Vaidya,Female,32,gauravbains@example.com,9336555063,HP Pavilion,HP,Laptop,1,65999,15,18,56099.15,51479.22,4619.93,2023-10-03,Siliguri,Mizoram
ORD101153,CUST6153,Neel Murty,Female,55,sathvikbora@example.com,9912910147,HP Pavilion,HP,Laptop,5,65999,5,18,313495.25,257396.1,56099.15,2025-02-14,Burhanpur,Maharashtra
ORD101154,CUST6154,Gavin Deol,Female,25,bgill@example.com,9340009084,Dell Inspiron,Dell,Laptop,4,58999,5,18,224196.2,184076.88,40119.32,2024-01-22,Nellore,Tripura
ORD101155,CUST6155,Leela Palla,Male,58,xsrinivas@example.net,9411988466,iPhone 15,Apple,Electronics,3,79999,15,18,203997.45,187197.66,16799.79,2025-06-13,Tezpur,Manipur
ORD101156,CUST6156,Jai Trivedi,Female,36,harish99@example.com,9718786643,HP Pavilion,HP,Laptop,2,65999,0,18,131998.0,102958.44,29039.56,2023-04-19,Ujjain,Haryana
ORD101157,CUST6157,Avi Garde,Male,20,sankaradvik@example.org,9278432218,Dell Inspiron,Dell,Laptop,3,58999,10,18,159297.3,138057.66,21239.64,2023-02-25,Karaikudi,West Bengal
ORD101158,CUST6158,Indira Gala,Female,20,farhansanghvi@example.org,9941178534,Dell Inspiron,Dell,Laptop,5,58999,10,18,265495.5,230096.1,35399.4,2024-09-14,Phagwara,Himachal Pradesh
ORD101159,CUST6159,Faraj Jain,Male,22,fitanraja@example.com,9854108530,Galaxy S24,Samsung,Electronics,5,74999,10,18,337495.5,292496.1,44999.4,2023-12-15,Firozabad,Karnataka
ORD101160,CUST6160,Watika Chand,Female,23,samarth32@example.org,9510548277,Galaxy S24,Samsung,Electronics,4,74999,0,18,299996.0,233996.88,65999.12,2025-02-05,Tezpur,Manipur
ORD101161,CUST6161,Kamala Chacko,Male,34,benjamin94@example.org,9903511690,iPhone 15,Apple,Electronics,2,79999,15,18,135998.3,124798.44,11199.86,2024-11-17,Miryalaguda,Jharkhand
ORD101162,CUST6162,Garima Prashad,Female,36,aiyer@example.com,9740442407,Dell Inspiron,Dell,Laptop,4,58999,0,18,235996.0,184076.88,51919.12,2023-01-01,Karnal,Telangana
ORD101163,CUST6163,Maanas Nayak,Male,54,janakimittal@example.org,9385612545,Galaxy S24,Samsung,Electronics,4,74999,15,18,254996.6,233996.88,20999.72,2023-10-05,Ludhiana,Kerala
ORD101164,CUST6164,Guneet Solanki,Male,43,odika76@example.com,9743856096,iPhone 15,Apple,Electronics,5,79999,10,18,359995.5,311996.1,47999.4,2023-08-24,Ambarnath,Nagaland
ORD101165,CUST6165,Janani Dube,Male,55,dbahri@example.com,9521569098,iPhone 15,Apple,Electronics,2,79999,15,18,135998.3,124798.44,11199.86,2023-12-24,Burhanpur,Meghalaya
ORD101166,CUST6166,Garima Solanki,Female,37,gunbirborah@example.com,9770295907,HP Pavilion,HP,Laptop,4,65999,15,18,224396.6,205916.88,18479.72,2023-06-02,Jorhat,Kerala
ORD101167,CUST6167,Mason Khare,Male,58,chackolipika@example.org,9870818902,HP Pavilion,HP,Laptop,3,65999,0,18,197997.0,154437.66,43559.34,2023-02-14,Khandwa,Haryana
ORD101168,CUST6168,Hemang Palan,Male,40,vivaandas@example.org,9585662102,iPhone 15,Apple,Electronics,5,79999,5,18,379995.25,311996.1,67999.15,2025-05-15,Saharsa,Telangana
ORD101169,CUST6169,Vyanjana Cheema,Female,57,dsood@example.com,9493472815,iPhone 15,Apple,Electronics,3,79999,10,18,215997.3,187197.66,28799.64,2024-08-14,Gudivada,Odisha
ORD101170,CUST6170,Urvi Kunda,Female,19,hayerjacob@example.org,9805661110,HP Pavilion,HP,Laptop,2,65999,10,18,118798.2,102958.44,15839.76,2024-07-23,Pallavaram,Uttarakhand
ORD101171,CUST6171,Rohan Pant,Female,46,ranadhruv@example.net,9442686382,Galaxy S24,Samsung,Electronics,3,74999,5,18,213747.15,175497.66,38249.49,2024-05-23,Durgapur,Meghalaya
ORD101172,CUST6172,Sai Barad,Female,20,anneoliver@example.org,9961095613,iPhone 15,Apple,Electronics,1,79999,15,18,67999.15,62399.22,5599.93,2025-04-07,Cuttack,Telangana
ORD101173,CUST6173,Warjas Tripathi,Male,59,deepdakshesh@example.com,9176165623,iPhone 15,Apple,Electronics,3,79999,10,18,215997.3,187197.66,28799.64,2025-02-02,Proddatur,Meghalaya
ORD101174,CUST6174,Kamya Tara,Female,49,choudhrysathvik@example.org,9640407156,HP Pavilion,HP,Laptop,2,65999,0,18,131998.0,102958.44,29039.56,2023-01-22,Bulandshahr,Kerala
ORD101175,CUST6175,Shivansh Wali,Male,28,yadavichokshi@example.net,9433348341,HP Pavilion,HP,Laptop,4,65999,10,18,237596.4,205916.88,31679.52,2023-11-21,Sultan Pur Majra,Bihar
ORD101176,CUST6176,Abeer Kala,Male,36,uandra@example.net,9164048108,Galaxy S24,Samsung,Electronics,1,74999,10,18,67499.1,58499.22,8999.88,2024-08-19,Siliguri,Chhattisgarh
ORD101177,CUST6177,Mitali Jhaveri,Female,42,riya38@example.net,9859742694,Dell Inspiron,Dell,Laptop,3,58999,15,18,150447.45,138057.66,12389.79,2024-01-31,Ratlam,Karnataka
ORD101178,CUST6178,Wriddhish Modi,Male,35,rattichatura@example.net,9461452101,HP Pavilion,HP,Laptop,2,65999,15,18,112198.3,102958.44,9239.86,2024-05-11,Panihati,Nagaland
ORD101179,CUST6179,Aarnav Bala,Female,53,johalwilliam@example.net,9416501304,iPhone 15,Apple,Electronics,3,79999,0,18,239997.0,187197.66,52799.34,2023-12-11,Kolkata,Telangana
ORD101180,CUST6180,Max Dalal,Male,54,survansha@example.com,9962545480,HP Pavilion,HP,Laptop,3,65999,0,18,197997.0,154437.66,43559.34,2023-10-12,Alappuzha,Telangana
ORD101181,CUST6181,Chavvi Sule,Female,39,thakkarnidra@example.net,9659839748,iPhone 15,Apple,Electronics,1,79999,10,18,71999.1,62399.22,9599.88,2024-02-19,Guwahati,Meghalaya
ORD101182,CUST6182,Tanish Dara,Male,40,bhavika73@example.com,9747388273,HP Pavilion,HP,Laptop,5,65999,10,18,296995.5,257396.1,39599.4,2023-03-10,Kharagpur,Goa
ORD101183,CUST6183,Chanchal Krishna,Female,30,meghanahans@example.com,9553043923,Dell Inspiron,Dell,Laptop,2,58999,5,18,112098.1,92038.44,20059.66,2023-10-15,Anantapur,Madhya Pradesh
ORD101184,CUST6184,Damini Bhatti,Male,21,kamala89@example.org,9138060440,HP Pavilion,HP,Laptop,2,65999,5,18,125398.1,102958.44,22439.66,2023-03-11,Ambarnath,Jharkhand
ORD101185,CUST6185,Eta Solanki,Female,26,urmi13@example.org,9175455367,Galaxy S24,Samsung,Electronics,5,74999,10,18,337495.5,292496.1,44999.4,2024-07-20,Kollam,Telangana
ORD101186,CUST6186,Balvan Aggarwal,Male,37,xprasad@example.net,9229880435,iPhone 15,Apple,Electronics,2,79999,5,18,151998.1,124798.44,27199.66,2025-04-13,Dibrugarh,Andhra Pradesh
ORD101187,CUST6187,Saksham Saraf,Female,53,saanvikannan@example.net,9364881807,iPhone 15,Apple,Electronics,2,79999,15,18,135998.3,124798.44,11199.86,2024-10-28,Guna,Mizoram
ORD101188,CUST6188,Oni De,Male,54,abhimanyupant@example.com,9445389942,HP Pavilion,HP,Laptop,4,65999,5,18,250796.2,205916.88,44879.32,2024-07-10,Navi Mumbai,Mizoram
ORD101189,CUST6189,Shivansh Srivastava,Female,50,yugsur@example.net,9162584093,HP Pavilion,HP,Laptop,4,65999,10,18,237596.4,205916.88,31679.52,2023-09-20,Kakinada,Arunachal Pradesh
ORD101190,CUST6190,Kashish Sodhi,Male,34,pavanigill@example.net,9364621201,HP Pavilion,HP,Laptop,3,65999,0,18,197997.0,154437.66,43559.34,2025-05-15,Bhagalpur,Manipur
ORD101191,CUST6191,Jeevika Malhotra,Male,29,xavierbhatia@example.org,9363248081,HP Pavilion,HP,Laptop,3,65999,15,18,168297.45,154437.66,13859.79,2024-06-16,Kalyan-Dombivli,Goa
ORD101192,CUST6192,Nisha Dhaliwal,Male,20,lavanya50@example.net,9783693136,HP Pavilion,HP,Laptop,5,65999,10,18,296995.5,257396.1,39599.4,2024-09-01,Satara,Gujarat
ORD101193,CUST6193,Thomas Chaudhry,Female,42,kevindua@example.com,9258441714,iPhone 15,Apple,Electronics,4,79999,15,18,271996.6,249596.88,22399.72,2024-12-13,Satna,Mizoram
ORD101194,CUST6194,Faris Ratta,Female,48,inarasimhan@example.com,9414405482,Galaxy S24,Samsung,Electronics,3,74999,15,18,191247.45,175497.66,15749.79,2023-10-18,Kishanganj,Kerala
ORD101195,CUST6195,Yashodhara Bobal,Female,59,triptidesai@example.com,9197906513,HP Pavilion,HP,Laptop,5,65999,0,18,329995.0,257396.1,72598.9,2023-10-25,Ichalkaranji,Rajasthan
ORD101196,CUST6196,Vasana Sawhney,Male,52,shivani83@example.net,9776990782,Galaxy S24,Samsung,Electronics,4,74999,10,18,269996.4,233996.88,35999.52,2023-09-22,Bhiwandi,Jharkhand
ORD101197,CUST6197,Bina Dara,Male,34,nadkarniabhimanyu@example.com,9545400451,iPhone 15,Apple,Electronics,3,79999,15,18,203997.45,187197.66,16799.79,2023-06-23,Orai,Andhra Pradesh
ORD101198,CUST6198,Ekiya Lall,Male,18,umang23@example.com,9772974070,HP Pavilion,HP,Laptop,2,65999,10,18,118798.2,102958.44,15839.76,2024-01-26,Kulti,Madhya Pradesh
ORD101199,CUST6199,Abeer Kumer,Male,44,watikasekhon@example.com,9684449527,Galaxy S24,Samsung,Electronics,3,74999,15,18,191247.45,175497.66,15749.79,2023-02-11,Khandwa,Uttar Pradesh
ORD101200,CUST6200,Vincent Vohra,Male,36,viraj10@example.org,9763249095,iPhone 15,Apple,Electronics,1,79999,0,18,79999.0,62399.22,17599.78,2023-11-05,Haridwar,Madhya Pradesh
ORD101201,CUST6201,Eshana Bahri,Female,24,tkhurana@example.org,9695401051,iPhone 15,Apple,Electronics,5,79999,15,18,339995.75,311996.1,27999.65,2023-08-29,Haldia,Sikkim
ORD101202,CUST6202,Diya Memon,Male,44,omaja44@example.org,9537948446,HP Pavilion,HP,Laptop,4,65999,5,18,250796.2,205916.88,44879.32,2025-01-04,Adoni,Uttar Pradesh
ORD101203,CUST6203,Shivansh Kohli,Male,54,tanveer67@example.org,9915714615,HP Pavilion,HP,Laptop,2,65999,10,18,118798.2,102958.44,15839.76,2024-08-16,Gaya,Haryana
ORD101204,CUST6204,Azaan Dada,Female,44,nlad@example.org,9955009991,Dell Inspiron,Dell,Laptop,4,58999,10,18,212396.4,184076.88,28319.52,2024-07-05,Bhilwara,Andhra Pradesh
ORD101205,CUST6205,Barkha Iyengar,Male,19,hitesh33@example.org,9104815152,Galaxy S24,Samsung,Electronics,3,74999,0,18,224997.0,175497.66,49499.34,2024-01-06,Yamunanagar,Bihar
ORD101206,CUST6206,Baljiwan Bail,Female,19,saanvigupta@example.org,9188250355,iPhone 15,Apple,Electronics,4,79999,10,18,287996.4,249596.88,38399.52,2023-09-13,Hajipur,Karnataka
ORD101207,CUST6207,Ikshita Sachar,Male,51,yahvi37@example.com,9244105605,iPhone 15,Apple,Electronics,1,79999,5,18,75999.05,62399.22,13599.83,2023-04-06,Hapur,Kerala
ORD101208,CUST6208,Nakul Hayre,Male,41,tbanerjee@example.net,9762825854,Dell Inspiron,Dell,Laptop,3,58999,15,18,150447.45,138057.66,12389.79,2024-08-03,Sonipat,Karnataka
ORD101209,CUST6209,Yashica Modi,Male,28,sarthak13@example.org,9894948594,Dell Inspiron,Dell,Laptop,1,58999,15,18,50149.15,46019.22,4129.93,2023-11-12,Tirunelveli,Manipur
ORD101210,CUST6210,Mitali Bhat,Female,23,fvarughese@example.org,9789159301,Dell Inspiron,Dell,Laptop,5,58999,15,18,250745.75,230096.1,20649.65,2024-02-29,Mumbai,Assam
ORD101211,CUST6211,Matthew More,Male,25,butalaveda@example.net,9944639845,HP Pavilion,HP,Laptop,3,65999,15,18,168297.45,154437.66,13859.79,2023-06-22,Muzaffarpur,Bihar
ORD101212,CUST6212,Warjas Yogi,Male,57,osabharwal@example.net,9563939605,Galaxy S24,Samsung,Electronics,4,74999,15,18,254996.6,233996.88,20999.72,2023-05-05,Gopalpur,West Bengal
ORD101213,CUST6213,Jalsa Sehgal,Male,30,walivasatika@example.com,9129783382,iPhone 15,Apple,Electronics,5,79999,5,18,379995.25,311996.1,67999.15,2023-07-07,Faridabad,Himachal Pradesh
ORD101214,CUST6214,Falak Borra,Male,54,vmenon@example.net,9553087429,iPhone 15,Apple,Electronics,2,79999,10,18,143998.2,124798.44,19199.76,2024-08-20,Bhubaneswar,Telangana
ORD101215,CUST6215,Bhavna Kadakia,Female,52,advikasridhar@example.org,9748803390,Galaxy S24,Samsung,Electronics,1,74999,5,18,71249.05,58499.22,12749.83,2023-01-23,Adoni,Karnataka
ORD101216,CUST6216,Ekavir Naik,Female,53,chowdhuryyash@example.com,9593063764,Dell Inspiron,Dell,Laptop,2,58999,10,18,106198.2,92038.44,14159.76,2023-02-23,Raichur,Uttarakhand
ORD101217,CUST6217,Anmol Chowdhury,Female,45,kaurwidisha@example.com,9365868749,HP Pavilion,HP,Laptop,2,65999,0,18,131998.0,102958.44,29039.56,2023-10-22,Tiruchirappalli,Sikkim
ORD101218,CUST6218,Yashoda Kala,Female,20,varenyaparmer@example.com,9447384508,iPhone 15,Apple,Electronics,5,79999,5,18,379995.25,311996.1,67999.15,2023-03-09,Mysore,Tamil Nadu
ORD101219,CUST6219,Abhimanyu Kadakia,Female,21,senfaris@example.org,9199929581,iPhone 15,Apple,Electronics,3,79999,15,18,203997.45,187197.66,16799.79,2024-05-02,Guwahati,Jharkhand
ORD101220,CUST6220,Devika Choudhury,Male,43,kmerchant@example.net,9663224055,Galaxy S24,Samsung,Electronics,2,74999,5,18,142498.1,116998.44,25499.66,2024-02-06,Srikakulam,Tripura
ORD101221,CUST6221,Maya Krishnamurthy,Female,56,finn69@example.org,9643699391,iPhone 15,Apple,Electronics,2,79999,5,18,151998.1,124798.44,27199.66,2023-07-04,Bharatpur,Rajasthan
ORD101222,CUST6222,Hiral D’Alia,Female,55,raggarwal@example.net,9973700477,HP Pavilion,HP,Laptop,5,65999,5,18,313495.25,257396.1,56099.15,2025-05-08,Avadi,Karnataka
ORD101223,CUST6223,Anjali Vala,Female,42,reyansh51@example.org,9864654049,Dell Inspiron,Dell,Laptop,2,58999,10,18,106198.2,92038.44,14159.76,2024-07-04,Imphal,Mizoram
ORD101224,CUST6224,Arya Sheth,Female,41,nigamanusha@example.org,9857783114,HP Pavilion,HP,Laptop,3,65999,5,18,188097.15,154437.66,33659.49,2024-06-21,Jodhpur,Bihar
ORD101225,CUST6225,Om Grewal,Female,20,bhanumati92@example.com,9822699054,HP Pavilion,HP,Laptop,4,65999,15,18,224396.6,205916.88,18479.72,2024-08-07,Ramagundam,Haryana
ORD101226,CUST6226,Brijesh Pall,Female,42,imaran73@example.net,9350436976,Galaxy S24,Samsung,Electronics,5,74999,5,18,356245.25,292496.1,63749.15,2023-03-15,Adoni,Maharashtra
ORD101227,CUST6227,Madhavi Pathak,Male,37,nandini69@example.com,9665180992,HP Pavilion,HP,Laptop,4,65999,15,18,224396.6,205916.88,18479.72,2024-02-11,Haldia,Mizoram
ORD101228,CUST6228,Pushti Choudhary,Female,43,bahadurjit07@example.com,9131565594,HP Pavilion,HP,Laptop,1,65999,0,18,65999.0,51479.22,14519.78,2023-08-23,Bongaigaon,Tripura
ORD101229,CUST6229,Sachi Nadig,Female,43,daraaarini@example.com,9612910886,iPhone 15,Apple,Electronics,4,79999,0,18,319996.0,249596.88,70399.12,2024-07-11,Belgaum,Haryana
ORD101230,CUST6230,Ojasvi Ahluwalia,Male,54,matthewbobal@example.com,9656938453,Dell Inspiron,Dell,Laptop,5,58999,15,18,250745.75,230096.1,20649.65,2023-02-21,Mahbubnagar,Goa
ORD101231,CUST6231,Oviya Sood,Male,53,yagneshghosh@example.net,9390574348,Galaxy S24,Samsung,Electronics,1,74999,5,18,71249.05,58499.22,12749.83,2024-04-02,Pallavaram,Haryana
ORD101232,CUST6232,Rushil Ravel,Female,40,lipikasarkar@example.com,9334554196,iPhone 15,Apple,Electronics,2,79999,0,18,159998.0,124798.44,35199.56,2023-08-09,Etawah,Mizoram
ORD101233,CUST6233,Pratyush Dugar,Female,34,rohan29@example.net,9970151371,Dell Inspiron,Dell,Laptop,5,58999,15,18,250745.75,230096.1,20649.65,2023-12-05,Ajmer,Odisha
ORD101234,CUST6234,Pahal Singh,Female,18,nattyatin@example.org,9171893905,iPhone 15,Apple,Electronics,5,79999,0,18,399995.0,311996.1,87998.9,2023-08-06,Bellary,Himachal Pradesh
ORD101235,CUST6235,Nihal Karnik,Male,30,yatan73@example.net,9687932094,Galaxy S24,Samsung,Electronics,3,74999,5,18,213747.15,175497.66,38249.49,2024-01-30,Sambalpur,Tripura
ORD101236,CUST6236,Saksham Dhar,Female,44,dguha@example.net,9169769471,Galaxy S24,Samsung,Electronics,1,74999,5,18,71249.05,58499.22,12749.83,2023-04-28,Maheshtala,Arunachal Pradesh
ORD101237,CUST6237,Yashasvi Dutt,Male,42,omkaar36@example.com,9729739721,HP Pavilion,HP,Laptop,3,65999,10,18,178197.3,154437.66,23759.64,2025-02-16,Kharagpur,Goa
ORD101238,CUST6238,Jacob Konda,Male,47,usandal@example.net,9126293408,iPhone 15,Apple,Electronics,3,79999,10,18,215997.3,187197.66,28799.64,2024-02-03,Unnao,Meghalaya
ORD101239,CUST6239,Waida Kalla,Male,22,nattbaljiwan@example.com,9148986010,Galaxy S24,Samsung,Electronics,4,74999,10,18,269996.4,233996.88,35999.52,2025-01-16,Berhampur,Tripura
ORD101240,CUST6240,Madhavi Mital,Female,40,epingle@example.com,9996983817,iPhone 15,Apple,Electronics,3,79999,5,18,227997.15,187197.66,40799.49,2024-08-20,Ongole,Punjab
ORD101241,CUST6241,Reyansh Doctor,Male,53,sameshchanda@example.net,9661365849,HP Pavilion,HP,Laptop,4,65999,0,18,263996.0,205916.88,58079.12,2024-07-06,Pallavaram,Rajasthan
ORD101242,CUST6242,Dalbir Bhasin,Female,50,vivaan63@example.org,9648451932,HP Pavilion,HP,Laptop,5,65999,10,18,296995.5,257396.1,39599.4,2023-04-13,Bikaner,Chhattisgarh
ORD101243,CUST6243,Jalsa Mody,Male,37,vivaan79@example.net,9548841199,Galaxy S24,Samsung,Electronics,2,74999,5,18,142498.1,116998.44,25499.66,2024-01-10,Mahbubnagar,Tripura
ORD101244,CUST6244,Kavya Goda,Female,32,oliver21@example.net,9417814634,Galaxy S24,Samsung,Electronics,4,74999,0,18,299996.0,233996.88,65999.12,2023-08-10,Khandwa,Tripura
ORD101245,CUST6245,Sara Dara,Male,20,edhitha43@example.org,9737429405,Galaxy S24,Samsung,Electronics,4,74999,10,18,269996.4,233996.88,35999.52,2024-09-11,Patna,Madhya Pradesh
ORD101246,CUST6246,Neel Lala,Female,60,ahluwaliadaksh@example.org,9943329584,HP Pavilion,HP,Laptop,1,65999,10,18,59399.1,51479.22,7919.88,2024-06-21,Khora ,Andhra Pradesh
ORD101247,CUST6247,Abha Bhasin,Male,50,xpillay@example.net,9303674135,iPhone 15,Apple,Electronics,3,79999,5,18,227997.15,187197.66,40799.49,2025-04-23,Chapra,Andhra Pradesh
ORD101248,CUST6248,Samar Purohit,Female,58,yashodhara36@example.com,9572874978,Dell Inspiron,Dell,Laptop,2,58999,5,18,112098.1,92038.44,20059.66,2025-02-21,Khora ,Andhra Pradesh
ORD101249,CUST6249,Chaaya Virk,Female,34,onitank@example.net,9672717718,HP Pavilion,HP,Laptop,2,65999,15,18,112198.3,102958.44,9239.86,2023-02-05,Jalgaon,Nagaland
ORD101250,CUST6250,Vedant Khosla,Male,51,radhika26@example.org,9510046887,iPhone 15,Apple,Electronics,3,79999,0,18,239997.0,187197.66,52799.34,2024-07-19,Buxar,Gujarat
ORD101251,CUST6251,Hema Banerjee,Male,28,watikagrewal@example.com,9505355592,HP Pavilion,HP,Laptop,1,65999,0,18,65999.0,51479.22,14519.78,2023-04-18,Mysore,Himachal Pradesh
ORD101252,CUST6252,Shivansh Talwar,Female,47,zkhalsa@example.com,9342936906,Galaxy S24,Samsung,Electronics,3,74999,15,18,191247.45,175497.66,15749.79,2025-03-30,Bhavnagar,Tamil Nadu
ORD101253,CUST6253,Inaya Gaba,Female,51,fbhalla@example.com,9694811674,Dell Inspiron,Dell,Laptop,1,58999,10,18,53099.1,46019.22,7079.88,2023-09-22,Yamunanagar,Odisha
ORD101254,CUST6254,Ayaan Subramanian,Female,47,tdugar@example.org,9688512202,Dell Inspiron,Dell,Laptop,3,58999,10,18,159297.3,138057.66,21239.64,2023-08-14,Dehri,West Bengal
ORD101255,CUST6255,Isaac Loyal,Female,56,shenoychakradhar@example.net,9738469482,Galaxy S24,Samsung,Electronics,4,74999,0,18,299996.0,233996.88,65999.12,2024-04-29,Ajmer,Telangana
ORD101256,CUST6256,Faras Bava,Female,49,irya09@example.org,9764749150,iPhone 15,Apple,Electronics,3,79999,5,18,227997.15,187197.66,40799.49,2024-03-20,Baranagar,Assam
ORD101257,CUST6257,Brijesh Bhat,Male,60,gaurikapillai@example.com,9134869396,HP Pavilion,HP,Laptop,3,65999,0,18,197997.0,154437.66,43559.34,2025-01-28,Munger,Andhra Pradesh
ORD101258,CUST6258,Shaurya Chaudhuri,Female,22,ibaral@example.org,9209734322,HP Pavilion,HP,Laptop,4,65999,5,18,250796.2,205916.88,44879.32,2025-02-04,Bellary,Kerala
ORD101259,CUST6259,Kalpit Bansal,Male,19,balavihaan@example.net,9291654045,iPhone 15,Apple,Electronics,5,79999,15,18,339995.75,311996.1,27999.65,2024-07-13,Tezpur,Tamil Nadu
ORD101260,CUST6260,Ayushman Kohli,Female,20,ghoseaarna@example.org,9224055592,Dell Inspiron,Dell,Laptop,1,58999,5,18,56049.05,46019.22,10029.83,2024-10-02,Bellary,Bihar
ORD101261,CUST6261,Gavin Dhar,Female,23,mukhopadhyayaarna@example.net,9535722170,HP Pavilion,HP,Laptop,5,65999,15,18,280495.75,257396.1,23099.65,2025-04-25,Berhampore,Odisha
ORD101262,CUST6262,Arin Yogi,Male,33,manixiti@example.org,9406734848,HP Pavilion,HP,Laptop,5,65999,0,18,329995.0,257396.1,72598.9,2024-06-27,Miryalaguda,Andhra Pradesh
ORD101263,CUST6263,Ishwar Din,Male,38,rattajanani@example.org,9771237574,Galaxy S24,Samsung,Electronics,2,74999,10,18,134998.2,116998.44,17999.76,2024-11-11,Shimoga,Andhra Pradesh
ORD101264,CUST6264,Jai Mody,Female,53,bhavinichahal@example.org,9928054431,Galaxy S24,Samsung,Electronics,1,74999,15,18,63749.15,58499.22,5249.93,2023-09-05,Agra,Jharkhand
ORD101265,CUST6265,Jackson Dubey,Female,31,matthew30@example.net,9865506847,Dell Inspiron,Dell,Laptop,2,58999,0,18,117998.0,92038.44,25959.56,2024-03-08,Jhansi,Manipur
ORD101266,CUST6266,Keya Rajagopal,Male,19,parmarjackson@example.org,9780681041,iPhone 15,Apple,Electronics,1,79999,5,18,75999.05,62399.22,13599.83,2024-08-15,Durg,Haryana
ORD101267,CUST6267,Owen Borah,Female,28,morebakhshi@example.net,9275764180,Dell Inspiron,Dell,Laptop,2,58999,10,18,106198.2,92038.44,14159.76,2025-03-16,Bally,Tripura
ORD101268,CUST6268,Inaya Suresh,Female,58,dkohli@example.net,9637104235,Galaxy S24,Samsung,Electronics,1,74999,10,18,67499.1,58499.22,8999.88,2024-07-17,Bulandshahr,Meghalaya
ORD101269,CUST6269,Jeremiah Doctor,Male,49,ayushmanchaudhari@example.net,9230564464,Dell Inspiron,Dell,Laptop,1,58999,5,18,56049.05,46019.22,10029.83,2023-08-29,Ratlam,Karnataka
ORD101270,CUST6270,Amrita Bassi,Female,57,anita48@example.org,9823831592,iPhone 15,Apple,Electronics,4,79999,10,18,287996.4,249596.88,38399.52,2025-01-26,Kamarhati,Meghalaya
ORD101271,CUST6271,Advaith More,Female,33,daminidoshi@example.com,9472028390,HP Pavilion,HP,Laptop,1,65999,5,18,62699.05,51479.22,11219.83,2025-03-15,Deoghar,Uttarakhand
ORD101272,CUST6272,Girindra Upadhyay,Female,41,balakrishnanmahika@example.net,9390404219,iPhone 15,Apple,Electronics,5,79999,10,18,359995.5,311996.1,47999.4,2024-04-17,Chandigarh,Nagaland
ORD101273,CUST6273,Anvi Sama,Male,37,qasimnagarajan@example.org,9805619532,HP Pavilion,HP,Laptop,4,65999,5,18,250796.2,205916.88,44879.32,2024-10-25,Sikar,Madhya Pradesh
ORD101274,CUST6274,Aradhana Ramanathan,Female,46,nrao@example.com,9996183372,iPhone 15,Apple,Electronics,3,79999,15,18,203997.45,187197.66,16799.79,2024-11-08,Panipat,Arunachal Pradesh
ORD101275,CUST6275,Elijah Memon,Male,39,wableqadim@example.net,9706008583,Galaxy S24,Samsung,Electronics,1,74999,5,18,71249.05,58499.22,12749.83,2023-08-05,Ambarnath,Nagaland
ORD101276,CUST6276,Yachana Edwin,Male,60,megha35@example.org,9278386876,Galaxy S24,Samsung,Electronics,5,74999,15,18,318745.75,292496.1,26249.65,2023-08-04,Ongole,Punjab
ORD101277,CUST6277,Jai Chaudhry,Female,33,kseshadri@example.com,9653504037,Galaxy S24,Samsung,Electronics,3,74999,10,18,202497.3,175497.66,26999.64,2025-04-02,Guwahati,Manipur
ORD101278,CUST6278,Harshil Mand,Female,39,gautami45@example.com,9745480256,Galaxy S24,Samsung,Electronics,4,74999,0,18,299996.0,233996.88,65999.12,2024-12-18,Srinagar,Rajasthan
ORD101279,CUST6279,Omya Chaudhuri,Male,31,unnatikhanna@example.com,9141854343,iPhone 15,Apple,Electronics,1,79999,0,18,79999.0,62399.22,17599.78,2023-08-02,Aizawl,Manipur
ORD101280,CUST6280,Ishaan Yadav,Male,42,lohitganesan@example.com,9322603693,iPhone 15,Apple,Electronics,3,79999,10,18,215997.3,187197.66,28799.64,2024-08-16,Sagar,Himachal Pradesh
ORD101281,CUST6281,Nirja Dave,Female,57,vinaya93@example.org,9356549478,HP Pavilion,HP,Laptop,3,65999,5,18,188097.15,154437.66,33659.49,2025-01-29,Gwalior,Himachal Pradesh
ORD101282,CUST6282,Yash Ramesh,Male,51,saumyakala@example.com,9718013227,Galaxy S24,Samsung,Electronics,2,74999,5,18,142498.1,116998.44,25499.66,2025-05-27,Amroha,Chhattisgarh
ORD101283,CUST6283,Wishi Kata,Female,40,gerapooja@example.com,9973324964,HP Pavilion,HP,Laptop,3,65999,0,18,197997.0,154437.66,43559.34,2024-11-26,Shimla,Punjab
ORD101284,CUST6284,Yachana Mand,Female,22,onveer29@example.org,9708015160,HP Pavilion,HP,Laptop,3,65999,15,18,168297.45,154437.66,13859.79,2023-05-05,Silchar,Chhattisgarh
ORD101285,CUST6285,Anamika Master,Male,57,jackson26@example.net,9700638833,Dell Inspiron,Dell,Laptop,4,58999,10,18,212396.4,184076.88,28319.52,2024-05-01,Bhopal,Odisha
ORD101286,CUST6286,Idika Sachdev,Male,60,urishilla54@example.net,9396987313,Galaxy S24,Samsung,Electronics,2,74999,5,18,142498.1,116998.44,25499.66,2024-01-06,Chennai,Arunachal Pradesh
ORD101287,CUST6287,Veda Kala,Female,33,suhani75@example.com,9180390889,Galaxy S24,Samsung,Electronics,3,74999,10,18,202497.3,175497.66,26999.64,2025-02-26,Noida,Rajasthan
ORD101288,CUST6288,Chanakya Chandra,Male,31,sai87@example.com,9303826755,iPhone 15,Apple,Electronics,5,79999,15,18,339995.75,311996.1,27999.65,2024-03-11,Haridwar,Maharashtra
ORD101289,CUST6289,Bina Dey,Male,27,rushilviswanathan@example.net,9111835346,iPhone 15,Apple,Electronics,2,79999,15,18,135998.3,124798.44,11199.86,2023-01-19,Avadi,Kerala
ORD101290,CUST6290,Sanya Bath,Male,21,ohalder@example.net,9192149534,Galaxy S24,Samsung,Electronics,2,74999,0,18,149998.0,116998.44,32999.56,2024-10-27,Surendranagar Dudhrej,Nagaland
ORD101291,CUST6291,Nicholas Mitra,Male,19,vasatikavarghese@example.net,9916049789,Galaxy S24,Samsung,Electronics,4,74999,0,18,299996.0,233996.88,65999.12,2023-10-15,Madanapalle,Manipur
ORD101292,CUST6292,Jatin Bhardwaj,Female,22,pantishani@example.org,9329756467,Dell Inspiron,Dell,Laptop,1,58999,10,18,53099.1,46019.22,7079.88,2023-12-19,Jamalpur,Kerala
ORD101293,CUST6293,Qushi Tailor,Male,36,ovirk@example.net,9942278171,Dell Inspiron,Dell,Laptop,4,58999,0,18,235996.0,184076.88,51919.12,2023-05-25,Meerut,Karnataka
ORD101294,CUST6294,Bimala Peri,Female,50,warora@example.org,9512905612,Galaxy S24,Samsung,Electronics,1,74999,10,18,67499.1,58499.22,8999.88,2024-05-09,Tinsukia,Maharashtra
ORD101295,CUST6295,Krishna Korpal,Female,38,sara33@example.net,9891492999,Galaxy S24,Samsung,Electronics,5,74999,10,18,337495.5,292496.1,44999.4,2023-07-20,Satara,Arunachal Pradesh
ORD101296,CUST6296,Pavani Kadakia,Female,20,anjalichoudhury@example.com,9754722793,HP Pavilion,HP,Laptop,1,65999,10,18,59399.1,51479.22,7919.88,2025-03-06,Aligarh,Jharkhand
ORD101297,CUST6297,Arunima Comar,Male,43,tsuri@example.net,9579327846,Dell Inspiron,Dell,Laptop,5,58999,10,18,265495.5,230096.1,35399.4,2025-03-31,Bhusawal,Mizoram
ORD101298,CUST6298,Chavvi Pillai,Female,43,nagyyashvi@example.org,9317694599,Galaxy S24,Samsung,Electronics,4,74999,10,18,269996.4,233996.88,35999.52,2023-10-06,Rajpur Sonarpur,Telangana
ORD101299,CUST6299,Nandini Thaker,Male,33,sacharrachana@example.org,9575240586,HP Pavilion,HP,Laptop,3,65999,15,18,168297.45,154437.66,13859.79,2023-06-24,Jabalpur,Maharashtra
ORD101300,CUST6300,Unni Kaur,Female,37,falantripathi@example.com,9580754584,Dell Inspiron,Dell,Laptop,3,58999,0,18,176997.0,138057.66,38939.34,2023-06-19,Lucknow,Tripura
ORD101301,CUST6301,Lajita Kant,Female,52,suhani41@example.com,9179242835,Galaxy S24,Samsung,Electronics,2,74999,0,18,149998.0,116998.44,32999.56,2024-10-30,Sangli-Miraj & Kupwad,Arunachal Pradesh
ORD101302,CUST6302,Darsh Bains,Male,28,chahalsiddharth@example.com,9228080409,Galaxy S24,Samsung,Electronics,2,74999,0,18,149998.0,116998.44,32999.56,2024-03-24,Thanjavur,Karnataka
ORD101303,CUST6303,Vanya Sura,Female,22,yutika93@example.com,9568290887,Galaxy S24,Samsung,Electronics,5,74999,0,18,374995.0,292496.1,82498.9,2023-05-03,Thoothukudi,Bihar
ORD101304,CUST6304,Indrajit Bera,Male,50,aishani67@example.net,9223870496,Galaxy S24,Samsung,Electronics,2,74999,0,18,149998.0,116998.44,32999.56,2024-11-14,Karaikudi,Nagaland
ORD101305,CUST6305,Rehaan Gokhale,Female,54,dnaik@example.net,9464306143,HP Pavilion,HP,Laptop,5,65999,15,18,280495.75,257396.1,23099.65,2023-06-16,Malegaon,Sikkim
ORD101306,CUST6306,Bhavini Chhabra,Female,46,hema38@example.org,9652449253,HP Pavilion,HP,Laptop,1,65999,15,18,56099.15,51479.22,4619.93,2024-12-16,Sambalpur,Meghalaya
ORD101307,CUST6307,Nitesh Chowdhury,Female,53,dayita32@example.org,9600886122,Galaxy S24,Samsung,Electronics,1,74999,10,18,67499.1,58499.22,8999.88,2023-03-10,Chittoor,Tamil Nadu
ORD101308,CUST6308,Turvi Kar,Female,55,kuruvillafaqid@example.net,9821614730,Galaxy S24,Samsung,Electronics,3,74999,10,18,202497.3,175497.66,26999.64,2025-03-30,Gudivada,Arunachal Pradesh
ORD101309,CUST6309,Meghana Chacko,Male,49,dchoudhury@example.net,9583494430,iPhone 15,Apple,Electronics,5,79999,5,18,379995.25,311996.1,67999.15,2024-11-29,Sri Ganganagar,Karnataka
ORD101310,CUST6310,Yachana Borra,Female,56,mitterwarhi@example.com,9935638063,Galaxy S24,Samsung,Electronics,4,74999,5,18,284996.2,233996.88,50999.32,2023-08-24,Bellary,Himachal Pradesh
ORD101311,CUST6311,Oviya Basak,Male,50,bdasgupta@example.net,9744806464,Galaxy S24,Samsung,Electronics,5,74999,0,18,374995.0,292496.1,82498.9,2024-07-14,Gorakhpur,Chhattisgarh
ORD101312,CUST6312,Dalbir Madan,Female,29,memonvarsha@example.com,9400781417,Dell Inspiron,Dell,Laptop,3,58999,10,18,159297.3,138057.66,21239.64,2024-02-11,Raebareli,Kerala
ORD101313,CUST6313,Lila Handa,Male,56,isha99@example.com,9590501054,iPhone 15,Apple,Electronics,1,79999,5,18,75999.05,62399.22,13599.83,2023-12-04,Shivpuri,Nagaland
ORD101314,CUST6314,Umang Samra,Male,18,zayyan32@example.com,9483212662,Dell Inspiron,Dell,Laptop,4,58999,15,18,200596.6,184076.88,16519.72,2025-02-06,Dharmavaram,Himachal Pradesh
ORD101315,CUST6315,Gautami Pall,Male,54,chhabralipika@example.org,9569540854,HP Pavilion,HP,Laptop,2,65999,0,18,131998.0,102958.44,29039.56,2024-05-26,Bhind,Mizoram
ORD101316,CUST6316,Triveni Kurian,Male,58,gayathri32@example.net,9104635941,HP Pavilion,HP,Laptop,4,65999,5,18,250796.2,205916.88,44879.32,2024-03-21,Maheshtala,Tamil Nadu
ORD101317,CUST6317,Aryan Sekhon,Female,39,wriddhishlall@example.com,9153450172,Galaxy S24,Samsung,Electronics,5,74999,5,18,356245.25,292496.1,63749.15,2025-01-14,Tiruchirappalli,Bihar
ORD101318,CUST6318,Nitesh Panchal,Male,48,lankaanita@example.org,9621977927,Galaxy S24,Samsung,Electronics,2,74999,0,18,149998.0,116998.44,32999.56,2025-01-21,Warangal,Gujarat
ORD101319,CUST6319,Zinal Soman,Male,32,horapriya@example.net,9360806797,Dell Inspiron,Dell,Laptop,5,58999,5,18,280245.25,230096.1,50149.15,2024-02-29,Chandigarh,Goa
ORD101320,CUST6320,Prisha Ranganathan,Female,57,mrattan@example.com,9682880254,HP Pavilion,HP,Laptop,5,65999,5,18,313495.25,257396.1,56099.15,2023-09-09,Bikaner,Madhya Pradesh
ORD101321,CUST6321,Zarna Borde,Male,27,borahudyati@example.org,9695190413,HP Pavilion,HP,Laptop,3,65999,10,18,178197.3,154437.66,23759.64,2023-03-30,Raurkela Industrial Township,Meghalaya
ORD101322,CUST6322,Urvi Shukla,Female,34,gbhasin@example.org,9898586225,HP Pavilion,HP,Laptop,1,65999,10,18,59399.1,51479.22,7919.88,2024-04-19,Barasat,Tamil Nadu
ORD101323,CUST6323,Adweta Bajaj,Male,56,samarthbhattacharyya@example.org,9245870227,Galaxy S24,Samsung,Electronics,3,74999,5,18,213747.15,175497.66,38249.49,2024-06-20,Ujjain,Himachal Pradesh
ORD101324,CUST6324,Wishi Bandi,Male,25,lbaria@example.net,9364959760,HP Pavilion,HP,Laptop,3,65999,5,18,188097.15,154437.66,33659.49,2023-08-22,Farrukhabad,Bihar
ORD101325,CUST6325,Sai Venkataraman,Male,18,chandran29@example.org,9189817962,Galaxy S24,Samsung,Electronics,5,74999,15,18,318745.75,292496.1,26249.65,2025-03-28,Sambhal,Nagaland
ORD101326,CUST6326,Ekapad Chand,Female,27,varugheseekaja@example.org,9791422186,Dell Inspiron,Dell,Laptop,1,58999,0,18,58999.0,46019.22,12979.78,2023-08-03,Kolkata,Odisha
ORD101327,CUST6327,Owen Loyal,Female,47,ddas@example.com,9102385923,Dell Inspiron,Dell,Laptop,2,58999,15,18,100298.3,92038.44,8259.86,2023-01-25,Thiruvananthapuram,Nagaland
ORD101328,CUST6328,Advik Mukherjee,Male,41,viswanathanlaban@example.org,9941296678,HP Pavilion,HP,Laptop,3,65999,5,18,188097.15,154437.66,33659.49,2023-01-11,Shivpuri,Mizoram
ORD101329,CUST6329,Ishanvi Dani,Female,39,sameshdesai@example.com,9696524097,Galaxy S24,Samsung,Electronics,4,74999,5,18,284996.2,233996.88,50999.32,2024-12-08,Etawah,Andhra Pradesh
ORD101330,CUST6330,Vansha Thakkar,Female,60,oliverghosh@example.com,9102205525,iPhone 15,Apple,Electronics,2,79999,0,18,159998.0,124798.44,35199.56,2024-06-05,Kalyan-Dombivli,Odisha
ORD101331,CUST6331,Veer Korpal,Male,54,qramaswamy@example.net,9745138426,HP Pavilion,HP,Laptop,3,65999,10,18,178197.3,154437.66,23759.64,2025-01-30,Bidar,Nagaland
ORD101332,CUST6332,Deepa Minhas,Male,51,veerdass@example.com,9532334637,Galaxy S24,Samsung,Electronics,1,74999,10,18,67499.1,58499.22,8999.88,2025-03-12,Narasaraopet,Uttarakhand
ORD101333,CUST6333,Jatin Rajan,Female,51,rbarman@example.net,9385113535,Galaxy S24,Samsung,Electronics,4,74999,15,18,254996.6,233996.88,20999.72,2024-12-25,Hapur,Tripura
ORD101334,CUST6334,Tanveer Dass,Male,59,sathvik12@example.com,9885220721,HP Pavilion,HP,Laptop,4,65999,0,18,263996.0,205916.88,58079.12,2025-02-02,Alappuzha,Punjab
ORD101335,CUST6335,Theodore Parsa,Male,19,vpanchal@example.net,9683938148,Galaxy S24,Samsung,Electronics,3,74999,10,18,202497.3,175497.66,26999.64,2024-02-17,Bhiwani,Tamil Nadu
ORD101336,CUST6336,Wahab Dasgupta,Female,52,abeersaha@example.com,9618020719,iPhone 15,Apple,Electronics,3,79999,5,18,227997.15,187197.66,40799.49,2024-12-04,Baranagar,Nagaland
ORD101337,CUST6337,Darsh Barad,Female,60,vchaudhari@example.com,9274238455,iPhone 15,Apple,Electronics,5,79999,10,18,359995.5,311996.1,47999.4,2025-06-05,Orai,Telangana
ORD101338,CUST6338,Ishanvi Sampath,Female,40,mohiniramesh@example.org,9266614868,Dell Inspiron,Dell,Laptop,5,58999,15,18,250745.75,230096.1,20649.65,2024-07-25,Salem,Nagaland
ORD101339,CUST6339,Chandran Ratta,Female,33,xmand@example.com,9828105439,iPhone 15,Apple,Electronics,3,79999,0,18,239997.0,187197.66,52799.34,2024-12-10,Jabalpur,Sikkim
ORD101340,CUST6340,Elijah Bhavsar,Male,43,deshmukhharshil@example.com,9931338549,iPhone 15,Apple,Electronics,3,79999,5,18,227997.15,187197.66,40799.49,2023-07-17,Durg,Jharkhand
ORD101341,CUST6341,Urvi Ratta,Female,57,bhattabhimanyu@example.org,9270372818,Galaxy S24,Samsung,Electronics,5,74999,10,18,337495.5,292496.1,44999.4,2023-07-29,Surat,Odisha
ORD101342,CUST6342,Adya Kibe,Female,38,aashi19@example.org,9572489375,Galaxy S24,Samsung,Electronics,2,74999,5,18,142498.1,116998.44,25499.66,2023-09-09,South Dumdum,Rajasthan
ORD101343,CUST6343,Vrishti Loke,Female,42,rauharini@example.com,9717066060,HP Pavilion,HP,Laptop,1,65999,0,18,65999.0,51479.22,14519.78,2024-06-16,Ahmedabad,Nagaland
ORD101344,CUST6344,Nitara Oak,Male,23,pshukla@example.org,9114543263,HP Pavilion,HP,Laptop,2,65999,10,18,118798.2,102958.44,15839.76,2023-12-10,Sri Ganganagar,Odisha
ORD101345,CUST6345,Aarini Toor,Female,42,hsem@example.com,9546402823,HP Pavilion,HP,Laptop,4,65999,5,18,250796.2,205916.88,44879.32,2025-04-27,Bardhaman,Karnataka
ORD101346,CUST6346,Atharv Sridhar,Female,42,prabhuayaan@example.net,9477644046,Dell Inspiron,Dell,Laptop,1,58999,10,18,53099.1,46019.22,7079.88,2024-11-07,Fatehpur,Gujarat
ORD101347,CUST6347,Krisha Din,Female,27,laksh46@example.com,9193199080,HP Pavilion,HP,Laptop,2,65999,10,18,118798.2,102958.44,15839.76,2024-06-15,Asansol,Uttarakhand
ORD101348,CUST6348,Ridhi Dutta,Female,49,ekaja55@example.net,9600055417,Galaxy S24,Samsung,Electronics,4,74999,15,18,254996.6,233996.88,20999.72,2023-10-23,Begusarai,Himachal Pradesh
ORD101349,CUST6349,Jeet Rattan,Male,57,ganeshkeya@example.net,9837094506,Galaxy S24,Samsung,Electronics,4,74999,15,18,254996.6,233996.88,20999.72,2024-07-04,Ahmednagar,Odisha
ORD101350,CUST6350,Neel Talwar,Male,21,advika98@example.net,9187703675,HP Pavilion,HP,Laptop,1,65999,10,18,59399.1,51479.22,7919.88,2023-10-18,Aizawl,Meghalaya
ORD101351,CUST6351,Janani Mutti,Female,47,labannigam@example.com,9122440515,HP Pavilion,HP,Laptop,4,65999,10,18,237596.4,205916.88,31679.52,2024-09-11,Anantapur,Assam
ORD101352,CUST6352,Charan Ray,Male,39,pallavi59@example.org,9387025361,HP Pavilion,HP,Laptop,3,65999,15,18,168297.45,154437.66,13859.79,2025-03-21,Shimoga,Bihar
ORD101353,CUST6353,Yamini Pau,Female,51,warindersolanki@example.org,9295272691,Dell Inspiron,Dell,Laptop,4,58999,10,18,212396.4,184076.88,28319.52,2024-01-12,Phusro,Jharkhand
ORD101354,CUST6354,Manan Mann,Male,25,kjoshi@example.com,9801108127,Dell Inspiron,Dell,Laptop,2,58999,0,18,117998.0,92038.44,25959.56,2023-12-31,Dhule,Goa
ORD101355,CUST6355,Warhi Natt,Female,29,jonathan38@example.net,9123249728,iPhone 15,Apple,Electronics,1,79999,0,18,79999.0,62399.22,17599.78,2023-01-01,Kanpur,Himachal Pradesh
ORD101356,CUST6356,Jatin Batra,Male,46,zarnashanker@example.net,9438018417,HP Pavilion,HP,Laptop,4,65999,0,18,263996.0,205916.88,58079.12,2023-10-14,Aligarh,Rajasthan
ORD101357,CUST6357,Zinal Buch,Male,18,chatterjeechakrika@example.org,9998873672,Dell Inspiron,Dell,Laptop,1,58999,15,18,50149.15,46019.22,4129.93,2023-01-08,Udupi,Odisha
ORD101358,CUST6358,Anirudh Iyer,Female,28,aadichand@example.net,9139130193,iPhone 15,Apple,Electronics,2,79999,10,18,143998.2,124798.44,19199.76,2025-06-04,Muzaffarpur,West Bengal
ORD101359,CUST6359,Ekta Puri,Female,24,odara@example.net,9672643429,Dell Inspiron,Dell,Laptop,1,58999,10,18,53099.1,46019.22,7079.88,2024-05-07,Ambattur,Jharkhand
ORD101360,CUST6360,Gaurav Pradhan,Male,49,reva61@example.net,9398640636,Dell Inspiron,Dell,Laptop,4,58999,15,18,200596.6,184076.88,16519.72,2024-02-18,Malegaon,Jharkhand
ORD101361,CUST6361,Suhani Lala,Male,36,ikhosla@example.net,9364841726,Galaxy S24,Samsung,Electronics,4,74999,15,18,254996.6,233996.88,20999.72,2024-09-23,Mathura,Chhattisgarh
ORD101362,CUST6362,Bhavna Nanda,Female,56,eshanamahal@example.com,9444308837,Galaxy S24,Samsung,Electronics,2,74999,10,18,134998.2,116998.44,17999.76,2023-10-20,Kavali,Andhra Pradesh
ORD101363,CUST6363,Vidhi Lanka,Male,18,anthonydoctor@example.org,9154672730,iPhone 15,Apple,Electronics,2,79999,15,18,135998.3,124798.44,11199.86,2024-09-27,Vasai-Virar,Kerala
ORD101364,CUST6364,Abeer Badal,Female,57,reva67@example.net,9765438859,iPhone 15,Apple,Electronics,4,79999,15,18,271996.6,249596.88,22399.72,2024-04-14,Machilipatnam,Odisha
ORD101365,CUST6365,Praneel Gara,Female,26,gagan84@example.org,9642211548,HP Pavilion,HP,Laptop,1,65999,0,18,65999.0,51479.22,14519.78,2023-03-23,Bidhannagar,Goa
ORD101366,CUST6366,Yahvi Joshi,Female,42,dalajamani@example.net,9570671944,iPhone 15,Apple,Electronics,1,79999,10,18,71999.1,62399.22,9599.88,2024-09-09,Mau,Andhra Pradesh
ORD101367,CUST6367,Vansha Loke,Male,42,utkarsh59@example.org,9257828186,Dell Inspiron,Dell,Laptop,5,58999,15,18,250745.75,230096.1,20649.65,2023-08-19,Tiruppur,Manipur
ORD101368,CUST6368,Ekani Datta,Female,39,wazirmitra@example.net,9574111537,Galaxy S24,Samsung,Electronics,4,74999,5,18,284996.2,233996.88,50999.32,2024-10-15,Howrah,Himachal Pradesh
ORD101369,CUST6369,Theodore Sampath,Female,44,qnarayanan@example.net,9198039070,Galaxy S24,Samsung,Electronics,5,74999,15,18,318745.75,292496.1,26249.65,2024-03-16,Satara,Andhra Pradesh
ORD101370,CUST6370,Nihal Bala,Female,40,yaminisavant@example.com,9293923195,iPhone 15,Apple,Electronics,2,79999,15,18,135998.3,124798.44,11199.86,2025-06-16,Raiganj,Himachal Pradesh
ORD101371,CUST6371,Radhika Prakash,Male,33,amrita47@example.org,9976960447,iPhone 15,Apple,Electronics,5,79999,5,18,379995.25,311996.1,67999.15,2024-02-14,Bikaner,Chhattisgarh
ORD101372,CUST6372,Fariq More,Male,29,sbava@example.com,9451774337,Dell Inspiron,Dell,Laptop,2,58999,0,18,117998.0,92038.44,25959.56,2024-08-18,Hindupur,Tamil Nadu
ORD101373,CUST6373,Advaith Dugal,Male,26,avi74@example.org,9521996269,iPhone 15,Apple,Electronics,4,79999,5,18,303996.2,249596.88,54399.32,2023-02-23,Raiganj,Maharashtra
ORD101374,CUST6374,Abeer Mall,Female,53,bachittar96@example.org,9127333525,HP Pavilion,HP,Laptop,4,65999,0,18,263996.0,205916.88,58079.12,2025-02-15,Chandigarh,Goa
ORD101375,CUST6375,Reva Mistry,Female,44,murthydalaja@example.net,9946595211,Dell Inspiron,Dell,Laptop,4,58999,0,18,235996.0,184076.88,51919.12,2023-04-17,Jhansi,Manipur
ORD101376,CUST6376,Ekani Saran,Female,38,ethankarnik@example.com,9800617849,Galaxy S24,Samsung,Electronics,1,74999,10,18,67499.1,58499.22,8999.88,2024-05-03,Kanpur,Madhya Pradesh
ORD101377,CUST6377,Nirja Oak,Female,44,chahalvritti@example.org,9856414888,Galaxy S24,Samsung,Electronics,4,74999,10,18,269996.4,233996.88,35999.52,2023-08-23,Nandyal,Kerala
ORD101378,CUST6378,Amol Bera,Male,49,chandalaksh@example.org,9544281533,Galaxy S24,Samsung,Electronics,3,74999,15,18,191247.45,175497.66,15749.79,2023-10-22,Patiala,Mizoram
ORD101379,CUST6379,Abhimanyu Boase,Female,47,girindragulati@example.com,9565767836,iPhone 15,Apple,Electronics,5,79999,15,18,339995.75,311996.1,27999.65,2024-08-01,Surat,Goa
ORD101380,CUST6380,Isha Warrior,Male,57,jyotibhatia@example.com,9349697551,iPhone 15,Apple,Electronics,3,79999,5,18,227997.15,187197.66,40799.49,2025-04-07,Nagpur,Haryana
ORD101381,CUST6381,Yatin Soman,Female,51,tararadhika@example.com,9422636588,Dell Inspiron,Dell,Laptop,3,58999,10,18,159297.3,138057.66,21239.64,2024-07-16,Varanasi,Himachal Pradesh
ORD101382,CUST6382,Frederick Deo,Female,31,adhingra@example.net,9872198823,iPhone 15,Apple,Electronics,1,79999,10,18,71999.1,62399.22,9599.88,2024-01-19,Meerut,Telangana
ORD101383,CUST6383,Advay Wagle,Female,48,dkapadia@example.net,9642030891,Galaxy S24,Samsung,Electronics,2,74999,10,18,134998.2,116998.44,17999.76,2023-11-30,Hajipur,Sikkim
ORD101384,CUST6384,Udant Sheth,Male,57,gautami35@example.net,9577228300,Galaxy S24,Samsung,Electronics,4,74999,15,18,254996.6,233996.88,20999.72,2024-09-11,Jalgaon,Rajasthan
ORD101385,CUST6385,Vedika Om,Male,48,aarnachadha@example.org,9301994738,Galaxy S24,Samsung,Electronics,3,74999,10,18,202497.3,175497.66,26999.64,2024-09-08,Kulti,Himachal Pradesh
ORD101386,CUST6386,Ubika Parsa,Female,58,udarsh45@example.org,9646738315,Dell Inspiron,Dell,Laptop,1,58999,15,18,50149.15,46019.22,4129.93,2023-03-16,Sagar,Uttar Pradesh
ORD101387,CUST6387,Damini Dugal,Female,55,qchahal@example.com,9460025064,iPhone 15,Apple,Electronics,2,79999,5,18,151998.1,124798.44,27199.66,2024-04-04,Gulbarga,Odisha
ORD101388,CUST6388,Lopa Choudhury,Female,33,lakshjhaveri@example.com,9590310243,Dell Inspiron,Dell,Laptop,1,58999,5,18,56049.05,46019.22,10029.83,2023-02-19,Thane,Goa
ORD101389,CUST6389,Devansh Bath,Female,48,kalajasmit@example.com,9188446240,HP Pavilion,HP,Laptop,3,65999,15,18,168297.45,154437.66,13859.79,2023-11-05,Barasat,Madhya Pradesh
ORD101390,CUST6390,Neha Banerjee,Female,56,rudra34@example.com,9776788082,HP Pavilion,HP,Laptop,5,65999,0,18,329995.0,257396.1,72598.9,2025-05-04,Ramagundam,Uttarakhand
ORD101391,CUST6391,Yash Kothari,Female,50,tthaman@example.com,9899777051,Dell Inspiron,Dell,Laptop,4,58999,15,18,200596.6,184076.88,16519.72,2025-02-02,Tumkur,Uttarakhand
ORD101392,CUST6392,Ekanta Rajan,Female,47,amrita23@example.com,9777894373,Galaxy S24,Samsung,Electronics,2,74999,0,18,149998.0,116998.44,32999.56,2023-04-04,Gudivada,Manipur
ORD101393,CUST6393,Ishani Mall,Male,50,alexandergala@example.com,9658087946,HP Pavilion,HP,Laptop,5,65999,0,18,329995.0,257396.1,72598.9,2025-03-17,Udaipur,Sikkim
ORD101394,CUST6394,Farhan Iyengar,Male,22,jason72@example.com,9659933058,Dell Inspiron,Dell,Laptop,5,58999,10,18,265495.5,230096.1,35399.4,2024-05-24,Guna,Arunachal Pradesh
ORD101395,CUST6395,Onkar Muni,Female,59,khatrijairaj@example.com,9834621830,iPhone 15,Apple,Electronics,3,79999,5,18,227997.15,187197.66,40799.49,2023-01-06,Rewa,Maharashtra
ORD101396,CUST6396,Ojasvi Karan,Female,41,william43@example.net,9950457285,HP Pavilion,HP,Laptop,2,65999,5,18,125398.1,102958.44,22439.66,2024-08-26,Bhusawal,Karnataka
ORD101397,CUST6397,Bina Yohannan,Male,22,tanvi12@example.org,9295040383,Dell Inspiron,Dell,Laptop,1,58999,0,18,58999.0,46019.22,12979.78,2025-01-03,Vijayanagaram,Tripura
ORD101398,CUST6398,Siya Parikh,Male,33,qchand@example.net,9836433613,HP Pavilion,HP,Laptop,3,65999,5,18,188097.15,154437.66,33659.49,2023-09-30,Amravati,Jharkhand
ORD101399,CUST6399,Forum Jhaveri,Male,53,hbhatia@example.org,9937439515,HP Pavilion,HP,Laptop,3,65999,0,18,197997.0,154437.66,43559.34,2024-10-12,Vadodara,Chhattisgarh
ORD101400,CUST6400,Anirudh Mittal,Female,50,kavyachad@example.com,9771238797,HP Pavilion,HP,Laptop,3,65999,5,18,188097.15,154437.66,33659.49,2023-04-11,Bareilly,Himachal Pradesh
ORD101401,CUST6401,Bakhshi Sridhar,Female,54,tkashyap@example.org,9815191359,HP Pavilion,HP,Laptop,1,65999,15,18,56099.15,51479.22,4619.93,2023-02-26,Parbhani,Kerala
ORD101402,CUST6402,Saanvi Dutt,Female,45,geetikaatwal@example.com,9900086257,Galaxy S24,Samsung,Electronics,4,74999,5,18,284996.2,233996.88,50999.32,2025-04-21,Unnao,Odisha
ORD101403,CUST6403,Darpan Rajagopal,Female,59,kavya82@example.org,9761824035,Dell Inspiron,Dell,Laptop,2,58999,5,18,112098.1,92038.44,20059.66,2024-10-24,Morbi,Chhattisgarh
ORD101404,CUST6404,Vivaan Barman,Male,31,aadhyashenoy@example.org,9243445692,Dell Inspiron,Dell,Laptop,2,58999,5,18,112098.1,92038.44,20059.66,2024-07-06,North Dumdum,Tamil Nadu
ORD101405,CUST6405,Krishna Dhawan,Female,46,horabina@example.net,9176643083,iPhone 15,Apple,Electronics,4,79999,0,18,319996.0,249596.88,70399.12,2023-04-30,Karawal Nagar,Manipur
ORD101406,CUST6406,Tanish Venkataraman,Male,18,qarinmohan@example.net,9729247505,HP Pavilion,HP,Laptop,1,65999,15,18,56099.15,51479.22,4619.93,2024-08-10,Berhampore,Gujarat
ORD101407,CUST6407,Madhav Pall,Male,36,sarinharsh@example.com,9567928072,Galaxy S24,Samsung,Electronics,5,74999,15,18,318745.75,292496.1,26249.65,2023-06-14,Kalyan-Dombivli,Sikkim
ORD101408,CUST6408,Sathvik Mital,Female,46,amutti@example.com,9176757455,HP Pavilion,HP,Laptop,2,65999,0,18,131998.0,102958.44,29039.56,2024-02-28,Katihar,Meghalaya
ORD101409,CUST6409,Raagini Majumdar,Female,55,htank@example.com,9699371755,HP Pavilion,HP,Laptop,2,65999,5,18,125398.1,102958.44,22439.66,2024-12-10,Kulti,Tripura
ORD101410,CUST6410,Chakradhar Solanki,Male,56,urvi47@example.com,9901425772,Dell Inspiron,Dell,Laptop,1,58999,15,18,50149.15,46019.22,4129.93,2023-12-23,Shivpuri,Tamil Nadu
ORD101411,CUST6411,Samar Sethi,Female,41,mukherjeepavani@example.org,9235153508,HP Pavilion,HP,Laptop,3,65999,0,18,197997.0,154437.66,43559.34,2024-07-30,Bettiah,Meghalaya
ORD101412,CUST6412,Nidhi Ravi,Female,36,ikshita81@example.com,9837260217,iPhone 15,Apple,Electronics,1,79999,5,18,75999.05,62399.22,13599.83,2024-12-11,Bhusawal,Jharkhand
ORD101413,CUST6413,Krishna Venkatesh,Female,50,xalak13@example.net,9615963425,HP Pavilion,HP,Laptop,4,65999,10,18,237596.4,205916.88,31679.52,2024-01-12,Pudukkottai,Madhya Pradesh
ORD101414,CUST6414,Hemal Nagar,Female,27,wriddhishchandra@example.com,9990986220,HP Pavilion,HP,Laptop,1,65999,0,18,65999.0,51479.22,14519.78,2023-01-01,Gulbarga,Telangana
ORD101415,CUST6415,Sai Pall,Male,60,akshayranganathan@example.org,9659401516,Dell Inspiron,Dell,Laptop,1,58999,10,18,53099.1,46019.22,7079.88,2023-06-23,Secunderabad,Chhattisgarh
ORD101416,CUST6416,Gagan Ravel,Female,30,kbaria@example.com,9839400260,iPhone 15,Apple,Electronics,5,79999,15,18,339995.75,311996.1,27999.65,2025-02-14,Rajpur Sonarpur,Kerala
ORD101417,CUST6417,Jack Desai,Female,52,kalpitbadami@example.net,9724083077,Dell Inspiron,Dell,Laptop,3,58999,10,18,159297.3,138057.66,21239.64,2023-10-02,Sirsa,Uttarakhand
ORD101418,CUST6418,Chakrika Golla,Female,18,paninimahal@example.net,9891095802,Dell Inspiron,Dell,Laptop,5,58999,5,18,280245.25,230096.1,50149.15,2025-03-24,Bhusawal,Uttarakhand
ORD101419,CUST6419,Nitara Gill,Male,37,etajain@example.net,9151714637,Galaxy S24,Samsung,Electronics,4,74999,10,18,269996.4,233996.88,35999.52,2024-02-05,Mangalore,Rajasthan
ORD101420,CUST6420,Michael Chakrabarti,Female,58,nishaupadhyay@example.org,9281796750,HP Pavilion,HP,Laptop,5,65999,5,18,313495.25,257396.1,56099.15,2025-03-22,Saharsa,Chhattisgarh
ORD101421,CUST6421,Indali Samra,Female,54,nimrat82@example.net,9427148768,HP Pavilion,HP,Laptop,3,65999,10,18,178197.3,154437.66,23759.64,2024-05-14,Shivpuri,Uttar Pradesh
ORD101422,CUST6422,Sanya Dhar,Female,35,devsheth@example.org,9826305448,iPhone 15,Apple,Electronics,3,79999,10,18,215997.3,187197.66,28799.64,2023-04-25,Jabalpur,Haryana
ORD101423,CUST6423,Nandini Deshpande,Male,25,aachal99@example.com,9806686192,Dell Inspiron,Dell,Laptop,3,58999,0,18,176997.0,138057.66,38939.34,2024-07-31,Bikaner,Madhya Pradesh
ORD101424,CUST6424,Lekha Mittal,Male,27,karnikojas@example.org,9511436002,HP Pavilion,HP,Laptop,2,65999,15,18,112198.3,102958.44,9239.86,2024-07-01,Amravati,Manipur
ORD101425,CUST6425,Chanakya Reddy,Female,60,qabil74@example.net,9613361816,Galaxy S24,Samsung,Electronics,4,74999,0,18,299996.0,233996.88,65999.12,2023-08-06,Pondicherry,Haryana
ORD101426,CUST6426,Anjali Dhingra,Male,31,prakashedhitha@example.org,9736086865,HP Pavilion,HP,Laptop,5,65999,10,18,296995.5,257396.1,39599.4,2025-03-23,Indore,Sikkim
ORD101427,CUST6427,Ranbir Gaba,Male,39,kashviarya@example.com,9371060330,HP Pavilion,HP,Laptop,1,65999,0,18,65999.0,51479.22,14519.78,2024-07-02,Dehradun,Rajasthan
ORD101428,CUST6428,Alka Mitra,Female,41,inaya25@example.com,9182702740,HP Pavilion,HP,Laptop,4,65999,15,18,224396.6,205916.88,18479.72,2025-03-14,Nagaon,Chhattisgarh
ORD101429,CUST6429,Anika Anne,Female,49,neha88@example.org,9610561479,Dell Inspiron,Dell,Laptop,5,58999,0,18,294995.0,230096.1,64898.9,2023-03-16,Agra,Manipur
ORD101430,CUST6430,Jagdish Hari,Female,52,laban08@example.org,9845070380,Galaxy S24,Samsung,Electronics,5,74999,5,18,356245.25,292496.1,63749.15,2023-08-14,Ghaziabad,Himachal Pradesh
ORD101431,CUST6431,Neha Grewal,Male,60,harinakshibath@example.com,9697343428,Galaxy S24,Samsung,Electronics,3,74999,0,18,224997.0,175497.66,49499.34,2023-09-25,Kollam,Rajasthan
ORD101432,CUST6432,Zehaan Murty,Female,42,parmarbenjamin@example.org,9409142009,Dell Inspiron,Dell,Laptop,1,58999,0,18,58999.0,46019.22,12979.78,2024-09-08,Saharsa,Haryana
ORD101433,CUST6433,Bhavika Ramachandran,Male,41,ipatla@example.org,9138915103,iPhone 15,Apple,Electronics,4,79999,0,18,319996.0,249596.88,70399.12,2024-07-13,Bahraich,West Bengal
ORD101434,CUST6434,Hemangini Vala,Female,22,geetikabora@example.net,9933003155,Dell Inspiron,Dell,Laptop,4,58999,15,18,200596.6,184076.88,16519.72,2025-03-01,South Dumdum,Madhya Pradesh
ORD101435,CUST6435,Deepa Deshmukh,Female,19,tpillai@example.com,9141338492,iPhone 15,Apple,Electronics,5,79999,15,18,339995.75,311996.1,27999.65,2024-03-28,Bhilwara,Odisha
ORD101436,CUST6436,Rachana Sen,Female,56,daniijaya@example.net,9909439980,Galaxy S24,Samsung,Electronics,1,74999,5,18,71249.05,58499.22,12749.83,2025-06-17,Nandyal,Meghalaya
ORD101437,CUST6437,Tara Sharma,Female,46,narangjonathan@example.net,9133543927,Dell Inspiron,Dell,Laptop,1,58999,10,18,53099.1,46019.22,7079.88,2024-09-05,Katni,Arunachal Pradesh
ORD101438,CUST6438,Pahal Sarkar,Female,30,anusha39@example.org,9264636521,Galaxy S24,Samsung,Electronics,3,74999,15,18,191247.45,175497.66,15749.79,2023-04-23,Panvel,Rajasthan
ORD101439,CUST6439,Vrinda Badal,Male,42,rray@example.net,9689569735,Galaxy S24,Samsung,Electronics,5,74999,10,18,337495.5,292496.1,44999.4,2025-05-14,Jodhpur,Assam
ORD101440,CUST6440,Zaitra Nadig,Male,53,tiwarilila@example.org,9602908015,HP Pavilion,HP,Laptop,4,65999,10,18,237596.4,205916.88,31679.52,2023-12-11,Tirupati,Tripura
ORD101441,CUST6441,Bimala Kadakia,Male,46,pateltanish@example.com,9236221619,HP Pavilion,HP,Laptop,2,65999,15,18,112198.3,102958.44,9239.86,2023-11-22,Mirzapur,Uttarakhand
ORD101442,CUST6442,Vihaan Bansal,Male,32,yohannanjeremiah@example.net,9924371820,Galaxy S24,Samsung,Electronics,1,74999,5,18,71249.05,58499.22,12749.83,2023-05-26,Panipat,Haryana
ORD101443,CUST6443,Barkha Palan,Male,19,gsengupta@example.org,9212017198,iPhone 15,Apple,Electronics,4,79999,15,18,271996.6,249596.88,22399.72,2024-09-01,Mumbai,Manipur
ORD101444,CUST6444,Balendra Atwal,Female,47,qasim93@example.com,9219078051,Dell Inspiron,Dell,Laptop,2,58999,0,18,117998.0,92038.44,25959.56,2024-10-05,Suryapet,Bihar
ORD101445,CUST6445,Upadhriti Ravi,Male,49,wtailor@example.com,9468388249,iPhone 15,Apple,Electronics,5,79999,5,18,379995.25,311996.1,67999.15,2024-07-16,Morbi,Jharkhand
ORD101446,CUST6446,Januja Borde,Male,26,wbhatt@example.net,9794583567,iPhone 15,Apple,Electronics,3,79999,0,18,239997.0,187197.66,52799.34,2023-02-09,Ulhasnagar,Assam
ORD101447,CUST6447,Yug Sibal,Female,56,kmajumdar@example.org,9468802400,Dell Inspiron,Dell,Laptop,3,58999,15,18,150447.45,138057.66,12389.79,2024-09-05,Navi Mumbai,Uttarakhand
ORD101448,CUST6448,Bakhshi Om,Male,49,zilmil82@example.org,9251551198,HP Pavilion,HP,Laptop,2,65999,10,18,118798.2,102958.44,15839.76,2024-11-11,Howrah,Jharkhand
ORD101449,CUST6449,Fiyaz Walia,Female,32,pradhakrishnan@example.com,9191178580,Dell Inspiron,Dell,Laptop,1,58999,5,18,56049.05,46019.22,10029.83,2023-05-13,Bikaner,Uttarakhand
ORD101450,CUST6450,Ekavir Golla,Male,25,liam39@example.com,9504194323,iPhone 15,Apple,Electronics,2,79999,0,18,159998.0,124798.44,35199.56,2023-09-02,Jodhpur,Kerala
ORD101451,CUST6451,Vincent Krish,Male,20,bdoshi@example.net,9691796633,HP Pavilion,HP,Laptop,1,65999,15,18,56099.15,51479.22,4619.93,2023-12-16,Jorhat,Andhra Pradesh
ORD101452,CUST6452,Udyati Raman,Female,53,tanmayi54@example.com,9352244253,Dell Inspiron,Dell,Laptop,4,58999,15,18,200596.6,184076.88,16519.72,2024-02-13,Rohtak,Rajasthan
ORD101453,CUST6453,Gopal Mitter,Female,23,chaman80@example.com,9512780112,HP Pavilion,HP,Laptop,3,65999,15,18,168297.45,154437.66,13859.79,2023-09-17,Ulhasnagar,Karnataka
ORD101454,CUST6454,Yatan Barad,Female,24,niharika86@example.net,9485312660,HP Pavilion,HP,Laptop,2,65999,0,18,131998.0,102958.44,29039.56,2023-06-09,Chittoor,Nagaland
ORD101455,CUST6455,Ekani Balan,Female,55,ikshita02@example.com,9310504831,HP Pavilion,HP,Laptop,2,65999,0,18,131998.0,102958.44,29039.56,2023-08-05,Mira-Bhayandar,Arunachal Pradesh
ORD101456,CUST6456,Nidhi Mallick,Female,33,soodsai@example.net,9402124613,Galaxy S24,Samsung,Electronics,2,74999,15,18,127498.3,116998.44,10499.86,2025-02-20,Hyderabad,Tripura
ORD101457,CUST6457,Ekaraj Raja,Male,33,sastryyashasvi@example.net,9859689190,iPhone 15,Apple,Electronics,4,79999,5,18,303996.2,249596.88,54399.32,2024-10-08,Patna,Assam
ORD101458,CUST6458,Jatin Bhasin,Male,45,omaja28@example.org,9656879233,Galaxy S24,Samsung,Electronics,2,74999,5,18,142498.1,116998.44,25499.66,2023-05-05,Indore,Gujarat
ORD101459,CUST6459,Ayush Badal,Female,35,banjeet18@example.com,9638988348,HP Pavilion,HP,Laptop,5,65999,0,18,329995.0,257396.1,72598.9,2023-08-30,Rajkot,Andhra Pradesh
ORD101460,CUST6460,Yashawini Dalal,Female,18,arjun54@example.com,9847468355,Galaxy S24,Samsung,Electronics,4,74999,10,18,269996.4,233996.88,35999.52,2024-10-23,Raebareli,Manipur
ORD101461,CUST6461,Hiral Babu,Female,46,patelayaan@example.com,9927271136,Dell Inspiron,Dell,Laptop,3,58999,15,18,150447.45,138057.66,12389.79,2024-06-13,Sagar,Telangana
ORD101462,CUST6462,Pushti Varughese,Female,21,farismore@example.com,9443320610,Dell Inspiron,Dell,Laptop,2,58999,10,18,106198.2,92038.44,14159.76,2023-11-11,Raipur,Gujarat
ORD101463,CUST6463,Oeshi Raghavan,Male,45,sherearin@example.net,9519786805,Galaxy S24,Samsung,Electronics,1,74999,15,18,63749.15,58499.22,5249.93,2025-04-23,Jalna,Gujarat
ORD101464,CUST6464,Deepa Doshi,Female,25,daraurishilla@example.net,9410978472,iPhone 15,Apple,Electronics,3,79999,5,18,227997.15,187197.66,40799.49,2024-03-20,Bhimavaram,Karnataka
ORD101465,CUST6465,Om Halder,Male,57,kavyauppal@example.org,9560783130,Galaxy S24,Samsung,Electronics,3,74999,5,18,213747.15,175497.66,38249.49,2024-08-07,Tiruvottiyur,West Bengal
ORD101466,CUST6466,Vasudha Brahmbhatt,Female,53,nlad@example.org,9422151349,HP Pavilion,HP,Laptop,5,65999,10,18,296995.5,257396.1,39599.4,2025-01-02,Delhi,Himachal Pradesh
ORD101467,CUST6467,Urvashi Reddy,Male,20,lmann@example.net,9720365066,HP Pavilion,HP,Laptop,1,65999,5,18,62699.05,51479.22,11219.83,2024-06-04,Tadepalligudem,Himachal Pradesh
ORD101468,CUST6468,Gunbir Golla,Male,37,jchada@example.com,9395043972,Dell Inspiron,Dell,Laptop,4,58999,15,18,200596.6,184076.88,16519.72,2024-10-01,Bharatpur,Assam
ORD101469,CUST6469,Isaiah Mishra,Male,20,gnaik@example.org,9500267259,HP Pavilion,HP,Laptop,4,65999,15,18,224396.6,205916.88,18479.72,2025-03-02,Jamalpur,Mizoram
ORD101470,CUST6470,Rachita Bahl,Male,52,hsur@example.org,9250700298,Galaxy S24,Samsung,Electronics,4,74999,5,18,284996.2,233996.88,50999.32,2023-12-31,Ramagundam,Karnataka
ORD101471,CUST6471,Lila Verma,Female,32,yachanadevan@example.com,9449091578,iPhone 15,Apple,Electronics,1,79999,5,18,75999.05,62399.22,13599.83,2023-05-01,Bhatpara,Karnataka
ORD101472,CUST6472,Aadhya Sengupta,Female,33,pranav66@example.net,9879644512,iPhone 15,Apple,Electronics,3,79999,10,18,215997.3,187197.66,28799.64,2023-07-02,Udaipur,Gujarat
ORD101473,CUST6473,Udant Gandhi,Male,26,bahadurjitbuch@example.com,9597606472,HP Pavilion,HP,Laptop,1,65999,15,18,56099.15,51479.22,4619.93,2023-12-17,Gudivada,Maharashtra
ORD101474,CUST6474,Harsh Balan,Male,50,narulalopa@example.org,9508439446,Galaxy S24,Samsung,Electronics,1,74999,0,18,74999.0,58499.22,16499.78,2024-03-08,Tiruvottiyur,Mizoram
ORD101475,CUST6475,Ijaya Mistry,Female,24,paljonathan@example.net,9764760848,Galaxy S24,Samsung,Electronics,4,74999,10,18,269996.4,233996.88,35999.52,2025-03-18,Bhopal,Maharashtra
ORD101476,CUST6476,Jeevika Patel,Male,55,gmurty@example.org,9964747339,iPhone 15,Apple,Electronics,4,79999,15,18,271996.6,249596.88,22399.72,2025-06-09,Meerut,Nagaland
ORD101477,CUST6477,Kritika Dash,Male,31,npandey@example.com,9405757191,HP Pavilion,HP,Laptop,2,65999,10,18,118798.2,102958.44,15839.76,2024-06-23,Tirupati,Tripura
ORD101478,CUST6478,Vrishti Arya,Female,57,yaminidugar@example.org,9292588224,Galaxy S24,Samsung,Electronics,1,74999,15,18,63749.15,58499.22,5249.93,2024-12-22,Karimnagar,Mizoram
ORD101479,CUST6479,Rohan Kamdar,Male,33,deepojas@example.net,9219530477,HP Pavilion,HP,Laptop,5,65999,5,18,313495.25,257396.1,56099.15,2024-07-02,Adoni,Jharkhand
ORD101480,CUST6480,Lajita Kara,Male,60,anirudh34@example.org,9896020000,HP Pavilion,HP,Laptop,1,65999,0,18,65999.0,51479.22,14519.78,2024-08-04,Chennai,Kerala
ORD101481,CUST6481,Chaitaly D’Alia,Female,18,bakhshi82@example.org,9930715928,Dell Inspiron,Dell,Laptop,4,58999,10,18,212396.4,184076.88,28319.52,2024-05-18,Siliguri,Odisha
ORD101482,CUST6482,Advaith Bala,Female,41,samarsane@example.com,9534762355,Dell Inspiron,Dell,Laptop,1,58999,15,18,50149.15,46019.22,4129.93,2023-06-18,Jodhpur,Karnataka
ORD101483,CUST6483,Zayyan Pandey,Male,56,vkala@example.net,9251658985,Dell Inspiron,Dell,Laptop,3,58999,5,18,168147.15,138057.66,30089.49,2023-02-13,Kharagpur,Assam
ORD101484,CUST6484,Frado Sachdev,Male,49,osaraf@example.net,9917775294,HP Pavilion,HP,Laptop,2,65999,15,18,112198.3,102958.44,9239.86,2025-05-16,Tumkur,Tripura
ORD101485,CUST6485,Teerth Sachdeva,Male,33,finn10@example.org,9848124547,Dell Inspiron,Dell,Laptop,2,58999,5,18,112098.1,92038.44,20059.66,2024-07-29,Proddatur,Haryana
ORD101486,CUST6486,Prisha Palan,Male,33,sai99@example.net,9322813935,iPhone 15,Apple,Electronics,3,79999,10,18,215997.3,187197.66,28799.64,2023-12-22,Moradabad,Telangana
ORD101487,CUST6487,Jasmit Sane,Female,19,tanveerdube@example.net,9620597006,iPhone 15,Apple,Electronics,2,79999,0,18,159998.0,124798.44,35199.56,2024-10-23,Jalna,Telangana
ORD101488,CUST6488,Azaan Pradhan,Female,55,ysampath@example.com,9683599192,Galaxy S24,Samsung,Electronics,2,74999,15,18,127498.3,116998.44,10499.86,2025-03-29,Parbhani,Arunachal Pradesh
ORD101489,CUST6489,Widisha Halder,Male,31,champak82@example.org,9218627342,Dell Inspiron,Dell,Laptop,1,58999,0,18,58999.0,46019.22,12979.78,2025-01-04,Jamnagar,Nagaland
ORD101490,CUST6490,Zilmil Badal,Female,50,falanarora@example.com,9464004034,iPhone 15,Apple,Electronics,3,79999,10,18,215997.3,187197.66,28799.64,2025-01-02,Ghaziabad,Assam
ORD101491,CUST6491,Hemal Saraf,Female,42,udant08@example.com,9473408773,Galaxy S24,Samsung,Electronics,3,74999,0,18,224997.0,175497.66,49499.34,2024-04-17,Khora ,Telangana
ORD101492,CUST6492,Lipika Singh,Male,52,tanveermanda@example.net,9273125314,Galaxy S24,Samsung,Electronics,3,74999,10,18,202497.3,175497.66,26999.64,2023-11-23,Miryalaguda,Himachal Pradesh
ORD101493,CUST6493,Harsh Ramakrishnan,Female,54,gabriel42@example.net,9641100727,Galaxy S24,Samsung,Electronics,1,74999,15,18,63749.15,58499.22,5249.93,2024-09-15,Gwalior,Uttar Pradesh
ORD101494,CUST6494,Ryan Solanki,Female,27,jgandhi@example.net,9177825174,Dell Inspiron,Dell,Laptop,5,58999,0,18,294995.0,230096.1,64898.9,2025-06-13,Sirsa,Sikkim
ORD101495,CUST6495,Ridhi Kulkarni,Female,41,naveen34@example.net,9983933299,Galaxy S24,Samsung,Electronics,5,74999,5,18,356245.25,292496.1,63749.15,2023-10-12,Jamnagar,Uttar Pradesh
ORD101496,CUST6496,Aarush Choudhury,Female,19,maneadvaith@example.org,9117501645,Galaxy S24,Samsung,Electronics,2,74999,15,18,127498.3,116998.44,10499.86,2023-09-28,Tezpur,Jharkhand
ORD101497,CUST6497,Abdul Raghavan,Female,57,varsha48@example.net,9204767818,Dell Inspiron,Dell,Laptop,4,58999,5,18,224196.2,184076.88,40119.32,2023-02-23,Ujjain,Karnataka
ORD101498,CUST6498,Harshil Lall,Male,38,pdhillon@example.org,9797234387,Galaxy S24,Samsung,Electronics,4,74999,5,18,284996.2,233996.88,50999.32,2023-10-10,Patiala,Goa
ORD101499,CUST6499,Bina Purohit,Male,57,advik05@example.com,9339585430,iPhone 15,Apple,Electronics,2,79999,0,18,159998.0,124798.44,35199.56,2024-05-20,Medininagar,Uttarakhand
ORD101500,CUST6500,Laksh Sami,Male,58,michaeldugar@example.com,9197542037,HP Pavilion,HP,Laptop,1,65999,10,18,59399.1,51479.22,7919.88,2024-04-25,Pallavaram,Haryana
ORD101501,CUST6501,Ansh Desai,Male,52,qvaidya@example.com,9821334222,Galaxy S24,Samsung,Electronics,4,74999,15,18,254996.6,233996.88,20999.72,2025-02-24,Singrauli,Andhra Pradesh
ORD101502,CUST6502,Ekavir Krishnamurthy,Male,54,urvideep@example.org,9651610496,HP Pavilion,HP,Laptop,1,65999,10,18,59399.1,51479.22,7919.88,2024-12-31,Tiruppur,Nagaland
ORD101503,CUST6503,Teerth Chahal,Female,59,inagarajan@example.org,9863433213,Dell Inspiron,Dell,Laptop,2,58999,5,18,112098.1,92038.44,20059.66,2023-03-09,Hyderabad,Manipur
ORD101504,CUST6504,Radhika Pant,Male,19,tankyoshita@example.org,9726621996,Dell Inspiron,Dell,Laptop,5,58999,15,18,250745.75,230096.1,20649.65,2024-04-25,Baranagar,Odisha
ORD101505,CUST6505,Nitara Solanki,Male,42,jchopra@example.org,9184106493,HP Pavilion,HP,Laptop,5,65999,10,18,296995.5,257396.1,39599.4,2025-04-29,Lucknow,Mizoram
ORD101506,CUST6506,Jagrati Kulkarni,Male,52,dashupasna@example.com,9972000460,HP Pavilion,HP,Laptop,2,65999,0,18,131998.0,102958.44,29039.56,2023-06-11,Jaunpur,Tripura
ORD101507,CUST6507,Rachit Lad,Female,47,echacko@example.net,9948036042,Galaxy S24,Samsung,Electronics,4,74999,15,18,254996.6,233996.88,20999.72,2025-03-23,Nagpur,Assam
ORD101508,CUST6508,Indira Dutt,Female,22,unnatiiyengar@example.com,9951795554,iPhone 15,Apple,Electronics,5,79999,0,18,399995.0,311996.1,87998.9,2025-04-06,Jaunpur,Bihar
ORD101509,CUST6509,Avi Boase,Female,40,bbhalla@example.com,9942772275,Galaxy S24,Samsung,Electronics,5,74999,0,18,374995.0,292496.1,82498.9,2023-07-14,Rohtak,Sikkim
ORD101510,CUST6510,Vincent Doctor,Female,19,vvenkatesh@example.net,9408696425,Dell Inspiron,Dell,Laptop,1,58999,15,18,50149.15,46019.22,4129.93,2024-02-03,Sasaram,Punjab
ORD101511,CUST6511,Yadavi Sridhar,Female,54,awalla@example.net,9435516575,iPhone 15,Apple,Electronics,1,79999,15,18,67999.15,62399.22,5599.93,2024-09-18,South Dumdum,Kerala
ORD101512,CUST6512,William Varma,Female,60,david14@example.org,9675055869,iPhone 15,Apple,Electronics,1,79999,0,18,79999.0,62399.22,17599.78,2023-01-23,Gudivada,Mizoram
ORD101513,CUST6513,Faris Golla,Female,36,stella@example.com,9709114078,HP Pavilion,HP,Laptop,3,65999,10,18,178197.3,154437.66,23759.64,2023-07-28,Jodhpur,Meghalaya
ORD101514,CUST6514,Kala Ramakrishnan,Female,22,toorsuhani@example.com,9470749116,Dell Inspiron,Dell,Laptop,5,58999,5,18,280245.25,230096.1,50149.15,2023-09-21,Imphal,Karnataka
ORD101515,CUST6515,Zaitra Karpe,Female,41,parth94@example.net,9208879642,HP Pavilion,HP,Laptop,5,65999,10,18,296995.5,257396.1,39599.4,2023-07-10,Ulhasnagar,Uttarakhand
ORD101516,CUST6516,Pranit Bhargava,Male,26,virkyug@example.org,9376083408,iPhone 15,Apple,Electronics,4,79999,10,18,287996.4,249596.88,38399.52,2025-06-10,Darbhanga,Goa
ORD101517,CUST6517,Mitali Bal,Male,39,rmahajan@example.com,9794338643,HP Pavilion,HP,Laptop,1,65999,5,18,62699.05,51479.22,11219.83,2025-04-16,Phagwara,Madhya Pradesh
ORD101518,CUST6518,Zaitra Acharya,Female,22,aryansekhon@example.net,9511763246,HP Pavilion,HP,Laptop,5,65999,10,18,296995.5,257396.1,39599.4,2024-01-19,Cuttack,Maharashtra
ORD101519,CUST6519,Nidhi Narayanan,Female,35,ssastry@example.org,9302535519,iPhone 15,Apple,Electronics,5,79999,5,18,379995.25,311996.1,67999.15,2024-11-23,Ongole,Manipur
ORD101520,CUST6520,Keya Koshy,Male,55,vbutala@example.com,9835904634,Galaxy S24,Samsung,Electronics,3,74999,0,18,224997.0,175497.66,49499.34,2024-02-06,Hosur,Kerala
ORD101521,CUST6521,Bishakha Joshi,Male,33,chawlaayushman@example.net,9512331709,Galaxy S24,Samsung,Electronics,1,74999,10,18,67499.1,58499.22,8999.88,2023-12-28,Miryalaguda,Maharashtra
ORD101522,CUST6522,Vedika Pingle,Male,40,adyatak@example.net,9862132969,Galaxy S24,Samsung,Electronics,1,74999,15,18,63749.15,58499.22,5249.93,2023-04-05,Rajahmundry,Jharkhand
ORD101523,CUST6523,Veda Borde,Female,30,guneet51@example.com,9932144924,Galaxy S24,Samsung,Electronics,2,74999,5,18,142498.1,116998.44,25499.66,2023-04-12,Alappuzha,Telangana
ORD101524,CUST6524,Bahadurjit Bassi,Male,18,vmand@example.com,9148437005,iPhone 15,Apple,Electronics,5,79999,5,18,379995.25,311996.1,67999.15,2025-03-06,Phagwara,Kerala
ORD101525,CUST6525,Daniel Bath,Male,23,khalsamitesh@example.org,9147350368,iPhone 15,Apple,Electronics,2,79999,5,18,151998.1,124798.44,27199.66,2023-03-11,Bally,Manipur
ORD101526,CUST6526,Nathan Bhakta,Female,37,usaha@example.org,9474148257,Galaxy S24,Samsung,Electronics,4,74999,0,18,299996.0,233996.88,65999.12,2023-06-24,Tiruppur,Manipur
ORD101527,CUST6527,Frederick Kala,Female,47,talwargeorge@example.net,9367634447,Galaxy S24,Samsung,Electronics,1,74999,15,18,63749.15,58499.22,5249.93,2023-06-29,Bhilwara,Madhya Pradesh
ORD101528,CUST6528,Kevin Nagi,Male,54,aviluthra@example.com,9243095706,HP Pavilion,HP,Laptop,1,65999,5,18,62699.05,51479.22,11219.83,2023-05-12,Salem,Kerala
ORD101529,CUST6529,Ira Edwin,Female,40,isetty@example.org,9955376390,HP Pavilion,HP,Laptop,1,65999,5,18,62699.05,51479.22,11219.83,2023-01-03,Mira-Bhayandar,Meghalaya
ORD101530,CUST6530,Aarini Badal,Female,21,veer27@example.com,9686740594,Galaxy S24,Samsung,Electronics,3,74999,15,18,191247.45,175497.66,15749.79,2024-07-13,Nagercoil,Sikkim
ORD101531,CUST6531,Yadavi Iyengar,Male,53,kevinkaur@example.com,9405466661,iPhone 15,Apple,Electronics,4,79999,0,18,319996.0,249596.88,70399.12,2024-09-01,Srikakulam,Tamil Nadu
ORD101532,CUST6532,Theodore Kibe,Male,51,rishimishra@example.com,9547583372,HP Pavilion,HP,Laptop,3,65999,15,18,168297.45,154437.66,13859.79,2023-10-08,Alwar,Gujarat
ORD101533,CUST6533,Bachittar Rege,Female,43,kamya33@example.org,9342547681,iPhone 15,Apple,Electronics,3,79999,15,18,203997.45,187197.66,16799.79,2023-03-22,Kollam,Andhra Pradesh
ORD101534,CUST6534,Vyanjana Bal,Female,36,ebutala@example.org,9841384485,Dell Inspiron,Dell,Laptop,3,58999,10,18,159297.3,138057.66,21239.64,2023-02-27,Shimoga,Arunachal Pradesh
ORD101535,CUST6535,Balhaar Sahni,Male,52,nairkevin@example.com,9834188995,Dell Inspiron,Dell,Laptop,5,58999,15,18,250745.75,230096.1,20649.65,2024-08-01,Muzaffarnagar,West Bengal
ORD101536,CUST6536,Ranveer Mohan,Male,24,victorvora@example.net,9135971093,Galaxy S24,Samsung,Electronics,5,74999,0,18,374995.0,292496.1,82498.9,2025-03-11,Madurai,Nagaland
ORD101537,CUST6537,Sanaya Prabhakar,Female,30,gauravverma@example.net,9729905034,Galaxy S24,Samsung,Electronics,2,74999,15,18,127498.3,116998.44,10499.86,2023-02-02,Naihati,Sikkim
ORD101538,CUST6538,Dhriti Rana,Female,37,amairabajwa@example.org,9455252702,iPhone 15,Apple,Electronics,3,79999,0,18,239997.0,187197.66,52799.34,2024-03-07,Gopalpur,Maharashtra
ORD101539,CUST6539,Balveer Dayal,Male,22,sarrafdalbir@example.net,9215526873,Dell Inspiron,Dell,Laptop,5,58999,15,18,250745.75,230096.1,20649.65,2023-10-22,Mira-Bhayandar,Manipur
ORD101540,CUST6540,Garima Bath,Female,35,oommensara@example.com,9884970021,iPhone 15,Apple,Electronics,4,79999,10,18,287996.4,249596.88,38399.52,2023-12-27,Medininagar,Kerala
ORD101541,CUST6541,Reyansh Anand,Male,39,hemasankaran@example.org,9498358198,HP Pavilion,HP,Laptop,5,65999,0,18,329995.0,257396.1,72598.9,2023-10-26,Ghaziabad,Rajasthan
ORD101542,CUST6542,Kritika Mander,Female,22,ftank@example.com,9715244361,iPhone 15,Apple,Electronics,1,79999,15,18,67999.15,62399.22,5599.93,2023-01-22,Madhyamgram,Haryana
ORD101543,CUST6543,Nitara Oza,Male,41,udant62@example.net,9950250315,HP Pavilion,HP,Laptop,2,65999,10,18,118798.2,102958.44,15839.76,2024-11-02,Thrissur,Uttar Pradesh
ORD101544,CUST6544,Ubika Naidu,Male,38,idika70@example.com,9984751651,Galaxy S24,Samsung,Electronics,2,74999,5,18,142498.1,116998.44,25499.66,2024-11-11,Bhavnagar,Rajasthan
ORD101545,CUST6545,Vidhi Doshi,Female,48,aahanadey@example.net,9882447138,iPhone 15,Apple,Electronics,5,79999,5,18,379995.25,311996.1,67999.15,2024-04-02,Ranchi,Chhattisgarh
ORD101546,CUST6546,Adya Garde,Male,57,rameshcharvi@example.net,9207520415,HP Pavilion,HP,Laptop,3,65999,5,18,188097.15,154437.66,33659.49,2025-03-05,Ballia,Karnataka
ORD101547,CUST6547,Lajita Arora,Male,46,bansalkalpit@example.com,9220655077,Dell Inspiron,Dell,Laptop,4,58999,0,18,235996.0,184076.88,51919.12,2023-04-30,Asansol,Haryana
ORD101548,CUST6548,Dalbir Bhattacharyya,Male,46,shravyachauhan@example.org,9334680142,Galaxy S24,Samsung,Electronics,1,74999,15,18,63749.15,58499.22,5249.93,2023-02-23,Fatehpur,Karnataka
ORD101549,CUST6549,Banjeet Jhaveri,Female,28,kaladamini@example.com,9601850142,Dell Inspiron,Dell,Laptop,3,58999,15,18,150447.45,138057.66,12389.79,2023-04-08,Rajahmundry,Telangana
ORD101550,CUST6550,Ojasvi Mitra,Male,38,chaturatara@example.net,9355768976,iPhone 15,Apple,Electronics,2,79999,15,18,135998.3,124798.44,11199.86,2023-10-16,Hindupur,Himachal Pradesh
ORD101551,CUST6551,Veer Sane,Female,51,ranveer47@example.com,9739450022,iPhone 15,Apple,Electronics,4,79999,0,18,319996.0,249596.88,70399.12,2023-09-06,Jalna,Manipur
ORD101552,CUST6552,Gaurav Ram,Female,28,triya36@example.com,9738338043,Galaxy S24,Samsung,Electronics,5,74999,0,18,374995.0,292496.1,82498.9,2025-01-18,Panipat,Mizoram
ORD101553,CUST6553,Ishwar Wagle,Female,56,vinayagupta@example.net,9722467221,iPhone 15,Apple,Electronics,2,79999,0,18,159998.0,124798.44,35199.56,2023-07-03,Khora ,Mizoram
ORD101554,CUST6554,Aditya Sabharwal,Male,22,ayushmankeer@example.net,9259469254,HP Pavilion,HP,Laptop,5,65999,0,18,329995.0,257396.1,72598.9,2024-12-31,Sonipat,Andhra Pradesh
ORD101555,CUST6555,Tanvi Sibal,Male,30,raghaviyer@example.net,9669370713,Galaxy S24,Samsung,Electronics,4,74999,0,18,299996.0,233996.88,65999.12,2024-08-20,Tenali,Maharashtra
ORD101556,CUST6556,Daniel Sankar,Female,37,vyanjana62@example.net,9781294193,Dell Inspiron,Dell,Laptop,4,58999,10,18,212396.4,184076.88,28319.52,2023-08-29,Chinsurah,Arunachal Pradesh
ORD101557,CUST6557,Ira Hayer,Male,48,vkhosla@example.net,9353485909,Galaxy S24,Samsung,Electronics,4,74999,0,18,299996.0,233996.88,65999.12,2024-08-22,Bareilly,Haryana
ORD101558,CUST6558,Nidra Tara,Female,53,idikawali@example.net,9805067038,HP Pavilion,HP,Laptop,4,65999,10,18,237596.4,205916.88,31679.52,2023-02-13,Machilipatnam,Telangana
ORD101559,CUST6559,Lakshit Hegde,Male,24,mparikh@example.com,9308907164,HP Pavilion,HP,Laptop,3,65999,5,18,188097.15,154437.66,33659.49,2024-02-13,Siliguri,Uttar Pradesh
ORD101560,CUST6560,Ekaja Sekhon,Female,28,zansi08@example.com,9790763849,Dell Inspiron,Dell,Laptop,1,58999,5,18,56049.05,46019.22,10029.83,2023-12-21,Dhule,Uttarakhand
ORD101561,CUST6561,Laksh Raju,Male,52,gautamsani@example.com,9654824573,Dell Inspiron,Dell,Laptop,3,58999,15,18,150447.45,138057.66,12389.79,2024-02-08,Navi Mumbai,Rajasthan
ORD101562,CUST6562,Sara Misra,Female,22,pmaharaj@example.com,9123794418,Dell Inspiron,Dell,Laptop,2,58999,0,18,117998.0,92038.44,25959.56,2025-04-22,Gudivada,Meghalaya
ORD101563,CUST6563,Ryan Sengupta,Male,51,vedantmorar@example.org,9185623285,iPhone 15,Apple,Electronics,2,79999,10,18,143998.2,124798.44,19199.76,2025-06-13,Surat,Madhya Pradesh
ORD101564,CUST6564,Ikshita Cherian,Female,29,samar76@example.net,9653423286,HP Pavilion,HP,Laptop,1,65999,5,18,62699.05,51479.22,11219.83,2025-04-26,Mehsana,Assam
ORD101565,CUST6565,Krish Narasimhan,Female,34,charan78@example.net,9292366180,HP Pavilion,HP,Laptop,1,65999,0,18,65999.0,51479.22,14519.78,2023-06-03,Danapur,Mizoram
ORD101566,CUST6566,Warda Ratti,Female,21,narainkevin@example.net,9635918152,iPhone 15,Apple,Electronics,5,79999,0,18,399995.0,311996.1,87998.9,2024-09-05,Bangalore,Chhattisgarh
ORD101567,CUST6567,Chandani Khurana,Female,59,xben@example.org,9429688239,Dell Inspiron,Dell,Laptop,5,58999,15,18,250745.75,230096.1,20649.65,2025-01-20,Bhiwandi,Odisha
ORD101568,CUST6568,Ishaan Soman,Female,38,lipikasharma@example.org,9521073382,Dell Inspiron,Dell,Laptop,4,58999,0,18,235996.0,184076.88,51919.12,2025-05-29,Ramagundam,Mizoram
ORD101569,CUST6569,Netra Goel,Female,36,ekbalnarayan@example.com,9596859261,HP Pavilion,HP,Laptop,5,65999,5,18,313495.25,257396.1,56099.15,2024-01-01,Sultan Pur Majra,Manipur
ORD101570,CUST6570,Chatresh Gupta,Female,46,sagarpavani@example.com,9450750847,iPhone 15,Apple,Electronics,2,79999,5,18,151998.1,124798.44,27199.66,2025-06-18,Bally,Sikkim
ORD101571,CUST6571,Qushi Parsa,Male,44,raksha28@example.net,9744515077,Dell Inspiron,Dell,Laptop,4,58999,15,18,200596.6,184076.88,16519.72,2024-10-02,Imphal,Kerala
ORD101572,CUST6572,Balhaar Majumdar,Female,41,kamalajoshi@example.com,9593853140,Galaxy S24,Samsung,Electronics,5,74999,10,18,337495.5,292496.1,44999.4,2023-04-12,Pallavaram,Punjab
ORD101573,CUST6573,Bhavani Bansal,Female,23,blalla@example.org,9831531209,iPhone 15,Apple,Electronics,5,79999,15,18,339995.75,311996.1,27999.65,2024-06-09,Ahmednagar,Jharkhand
ORD101574,CUST6574,Hitesh Parmer,Female,34,prabhakarchanakya@example.org,9817745558,Galaxy S24,Samsung,Electronics,5,74999,0,18,374995.0,292496.1,82498.9,2024-07-17,Khandwa,Uttar Pradesh
ORD101575,CUST6575,Aradhana Banerjee,Male,25,devikasarkar@example.org,9730952958,Galaxy S24,Samsung,Electronics,2,74999,0,18,149998.0,116998.44,32999.56,2024-12-04,Bidhannagar,Meghalaya
ORD101576,CUST6576,Netra Palla,Female,18,janujadhingra@example.com,9342731828,HP Pavilion,HP,Laptop,2,65999,0,18,131998.0,102958.44,29039.56,2024-07-04,Bijapur,Nagaland
ORD101577,CUST6577,Triya Sankar,Male,45,sanya18@example.org,9211759452,iPhone 15,Apple,Electronics,1,79999,5,18,75999.05,62399.22,13599.83,2023-06-02,Nagaon,Maharashtra
ORD101578,CUST6578,Vritti Dhaliwal,Female,31,atharvchana@example.org,9957251380,Galaxy S24,Samsung,Electronics,1,74999,15,18,63749.15,58499.22,5249.93,2023-03-17,Madanapalle,Chhattisgarh
ORD101579,CUST6579,Bahadurjit Anand,Female,39,ydevi@example.com,9314082155,HP Pavilion,HP,Laptop,1,65999,15,18,56099.15,51479.22,4619.93,2025-05-07,Bhiwandi,Assam
ORD101580,CUST6580,Daksh Master,Female,22,sundaramalka@example.com,9700281877,HP Pavilion,HP,Laptop,5,65999,15,18,280495.75,257396.1,23099.65,2023-02-24,Baranagar,Punjab
ORD101581,CUST6581,Mason Bala,Female,38,sgour@example.org,9990935744,HP Pavilion,HP,Laptop,5,65999,5,18,313495.25,257396.1,56099.15,2024-03-30,Jabalpur,Kerala
ORD101582,CUST6582,Lakshit Bhandari,Male,47,anushamannan@example.com,9816889756,Dell Inspiron,Dell,Laptop,4,58999,15,18,200596.6,184076.88,16519.72,2023-10-05,Nandyal,Gujarat
ORD101583,CUST6583,Anjali Bhalla,Female,22,arinvohra@example.com,9786133120,Dell Inspiron,Dell,Laptop,2,58999,15,18,100298.3,92038.44,8259.86,2024-01-19,Farrukhabad,Goa
ORD101584,CUST6584,Timothy Khalsa,Female,49,ekbal11@example.com,9946269176,Galaxy S24,Samsung,Electronics,4,74999,10,18,269996.4,233996.88,35999.52,2023-04-06,Kamarhati,Karnataka
ORD101585,CUST6585,George Bhavsar,Female,27,vdua@example.net,9586727864,Galaxy S24,Samsung,Electronics,5,74999,10,18,337495.5,292496.1,44999.4,2023-08-01,Pune,Maharashtra
ORD101586,CUST6586,Prisha Vig,Female,27,munshirachita@example.org,9307512708,Dell Inspiron,Dell,Laptop,4,58999,10,18,212396.4,184076.88,28319.52,2023-10-05,Uluberia,Jharkhand
ORD101587,CUST6587,Yatin Singhal,Female,18,lsharma@example.org,9375933207,Dell Inspiron,Dell,Laptop,5,58999,10,18,265495.5,230096.1,35399.4,2023-10-22,Siliguri,Assam
ORD101588,CUST6588,Amruta Dara,Female,50,tarak26@example.com,9720938442,iPhone 15,Apple,Electronics,1,79999,15,18,67999.15,62399.22,5599.93,2023-02-10,Siwan,Arunachal Pradesh
ORD101589,CUST6589,Chakrika Kade,Male,23,rehaan22@example.com,9491537062,Galaxy S24,Samsung,Electronics,3,74999,5,18,213747.15,175497.66,38249.49,2025-05-01,Ambattur,Madhya Pradesh
ORD101590,CUST6590,Om Iyer,Male,24,aadhyagarg@example.org,9684394031,HP Pavilion,HP,Laptop,3,65999,10,18,178197.3,154437.66,23759.64,2023-03-21,Panihati,Andhra Pradesh
ORD101591,CUST6591,Neel Edwin,Male,29,kamdarubika@example.org,9582058549,iPhone 15,Apple,Electronics,4,79999,0,18,319996.0,249596.88,70399.12,2024-07-19,Eluru,Madhya Pradesh
ORD101592,CUST6592,Kevin Mall,Female,55,hmody@example.com,9355423170,Galaxy S24,Samsung,Electronics,2,74999,15,18,127498.3,116998.44,10499.86,2023-03-12,Belgaum,Tripura
ORD101593,CUST6593,Mahika Dhar,Male,51,magarwal@example.org,9347958351,Galaxy S24,Samsung,Electronics,1,74999,5,18,71249.05,58499.22,12749.83,2023-12-01,Patna,Uttar Pradesh
ORD101594,CUST6594,Dakshesh Deep,Male,41,liyer@example.net,9119879692,iPhone 15,Apple,Electronics,1,79999,15,18,67999.15,62399.22,5599.93,2025-05-21,Karawal Nagar,Telangana
ORD101595,CUST6595,Watika Shenoy,Male,38,tataekiya@example.net,9790039377,Dell Inspiron,Dell,Laptop,5,58999,0,18,294995.0,230096.1,64898.9,2023-06-17,Jaipur,Odisha
ORD101596,CUST6596,Chandani Nigam,Male,38,sunderadvika@example.org,9928150861,iPhone 15,Apple,Electronics,5,79999,5,18,379995.25,311996.1,67999.15,2024-01-01,Mehsana,Gujarat
ORD101597,CUST6597,Hredhaan Kaul,Male,53,mgoyal@example.net,9395434741,Dell Inspiron,Dell,Laptop,3,58999,15,18,150447.45,138057.66,12389.79,2024-02-29,Kota,Uttar Pradesh
ORD101598,CUST6598,Tanvi Mistry,Male,50,wsehgal@example.org,9316344987,HP Pavilion,HP,Laptop,5,65999,5,18,313495.25,257396.1,56099.15,2023-03-15,Dehri,Assam
ORD101599,CUST6599,Caleb Tripathi,Male,44,oliver60@example.com,9703501315,Dell Inspiron,Dell,Laptop,2,58999,5,18,112098.1,92038.44,20059.66,2025-01-16,Bhatpara,Nagaland
ORD101600,CUST6600,Azad Mukherjee,Male,20,niteshnarang@example.com,9830094059,Galaxy S24,Samsung,Electronics,2,74999,5,18,142498.1,116998.44,25499.66,2023-06-14,Hosur,Telangana
ORD101601,CUST6601,Mohini Subramaniam,Female,30,amrutachawla@example.com,9267659872,iPhone 15,Apple,Electronics,1,79999,5,18,75999.05,62399.22,13599.83,2025-01-20,Moradabad,Sikkim
ORD101602,CUST6602,Oscar Kala,Male,46,ldhingra@example.net,9534872622,Dell Inspiron,Dell,Laptop,3,58999,15,18,150447.45,138057.66,12389.79,2024-07-03,Agra,Meghalaya
ORD101603,CUST6603,Laksh Zachariah,Male,53,nandinishah@example.org,9861754198,iPhone 15,Apple,Electronics,3,79999,10,18,215997.3,187197.66,28799.64,2024-02-15,Ahmedabad,Manipur
ORD101604,CUST6604,Aishani Halder,Male,59,wriddhishsinghal@example.org,9551032426,iPhone 15,Apple,Electronics,1,79999,5,18,75999.05,62399.22,13599.83,2024-06-19,Erode,Nagaland
ORD101605,CUST6605,Ronith Menon,Male,58,zinalbali@example.net,9302085064,iPhone 15,Apple,Electronics,5,79999,10,18,359995.5,311996.1,47999.4,2024-09-15,Uluberia,Maharashtra
ORD101606,CUST6606,Jagrati Savant,Female,53,zkhatri@example.com,9905423312,HP Pavilion,HP,Laptop,4,65999,0,18,263996.0,205916.88,58079.12,2023-01-17,Rohtak,Karnataka
ORD101607,CUST6607,Ucchal Gola,Male,50,warda12@example.com,9715175846,iPhone 15,Apple,Electronics,2,79999,5,18,151998.1,124798.44,27199.66,2023-01-26,Jabalpur,Himachal Pradesh
ORD101608,CUST6608,Ladli Bakshi,Male,19,apalla@example.net,9240910037,iPhone 15,Apple,Electronics,1,79999,5,18,75999.05,62399.22,13599.83,2024-11-25,Berhampore,Assam
ORD101609,CUST6609,Mitesh Chander,Male,59,etata@example.net,9840906526,Dell Inspiron,Dell,Laptop,2,58999,15,18,100298.3,92038.44,8259.86,2023-04-01,Kamarhati,Uttar Pradesh
ORD101610,CUST6610,Ishita Balay,Male,57,borraurmi@example.org,9964712880,Galaxy S24,Samsung,Electronics,3,74999,0,18,224997.0,175497.66,49499.34,2023-10-25,Shivpuri,Bihar
ORD101611,CUST6611,Shaurya Rama,Female,50,krishnamital@example.net,9179333082,Dell Inspiron,Dell,Laptop,4,58999,0,18,235996.0,184076.88,51919.12,2024-10-20,Patiala,Kerala
ORD101612,CUST6612,Harish Ghose,Female,49,saanvideo@example.org,9325730095,HP Pavilion,HP,Laptop,4,65999,5,18,250796.2,205916.88,44879.32,2023-02-06,Raebareli,Uttar Pradesh
ORD101613,CUST6613,Nihal Dhaliwal,Male,25,krishnagopal@example.com,9666129764,Galaxy S24,Samsung,Electronics,5,74999,0,18,374995.0,292496.1,82498.9,2024-06-11,Etawah,Sikkim
ORD101614,CUST6614,Reva Khurana,Male,32,nattfarhan@example.net,9422770631,Dell Inspiron,Dell,Laptop,5,58999,15,18,250745.75,230096.1,20649.65,2023-01-21,Nashik,Meghalaya
ORD101615,CUST6615,Jatin Golla,Male,44,goeldaniel@example.net,9168384936,Dell Inspiron,Dell,Laptop,5,58999,0,18,294995.0,230096.1,64898.9,2025-02-08,Bhopal,Mizoram
ORD101616,CUST6616,Girindra Shukla,Female,19,dasdipta@example.com,9185211649,iPhone 15,Apple,Electronics,4,79999,5,18,303996.2,249596.88,54399.32,2025-03-03,Gulbarga,Kerala
ORD101617,CUST6617,Hiral Boase,Female,30,danielchar@example.com,9902897939,HP Pavilion,HP,Laptop,4,65999,10,18,237596.4,205916.88,31679.52,2023-01-26,Rohtak,Tripura
ORD101618,CUST6618,Reyansh Dhingra,Male,21,zansi91@example.com,9817120012,Galaxy S24,Samsung,Electronics,5,74999,15,18,318745.75,292496.1,26249.65,2024-08-29,Kadapa,Tripura
ORD101619,CUST6619,Omkaar Vasa,Female,31,mkapadia@example.com,9716955100,iPhone 15,Apple,Electronics,3,79999,15,18,203997.45,187197.66,16799.79,2023-07-16,Khandwa,Tamil Nadu
ORD101620,CUST6620,Jagat Sule,Female,60,vedantbehl@example.com,9939112391,iPhone 15,Apple,Electronics,5,79999,10,18,359995.5,311996.1,47999.4,2023-06-13,Kishanganj,Manipur
ORD101621,CUST6621,Veer Jha,Male,43,jghose@example.net,9688429419,iPhone 15,Apple,Electronics,1,79999,10,18,71999.1,62399.22,9599.88,2024-08-27,Bhubaneswar,Kerala
ORD101622,CUST6622,Zinal Hari,Male,41,ysant@example.net,9400201301,iPhone 15,Apple,Electronics,2,79999,0,18,159998.0,124798.44,35199.56,2025-04-28,Delhi,Odisha
ORD101623,CUST6623,Oscar Garde,Female,37,haritamallick@example.net,9558364589,iPhone 15,Apple,Electronics,2,79999,0,18,159998.0,124798.44,35199.56,2023-01-28,Fatehpur,Goa
ORD101624,CUST6624,Wakeeta Dixit,Male,28,ubora@example.org,9946664993,Dell Inspiron,Dell,Laptop,4,58999,15,18,200596.6,184076.88,16519.72,2024-04-05,Nellore,Tamil Nadu
ORD101625,CUST6625,Ayushman Bose,Female,42,janya72@example.com,9365949850,Galaxy S24,Samsung,Electronics,3,74999,10,18,202497.3,175497.66,26999.64,2024-12-02,Berhampore,Odisha
ORD101626,CUST6626,Andrew Pingle,Female,45,kashishkala@example.org,9927272018,Dell Inspiron,Dell,Laptop,1,58999,5,18,56049.05,46019.22,10029.83,2025-03-29,Srikakulam,Haryana
ORD101627,CUST6627,Osha Gill,Male,55,michaeldube@example.org,9578046747,iPhone 15,Apple,Electronics,2,79999,10,18,143998.2,124798.44,19199.76,2024-01-04,Haridwar,Telangana
ORD101628,CUST6628,Lipika Raj,Female,43,tanishthakur@example.com,9435663688,iPhone 15,Apple,Electronics,3,79999,5,18,227997.15,187197.66,40799.49,2024-12-14,Kamarhati,Assam
ORD101629,CUST6629,Zayan Shukla,Male,36,vramakrishnan@example.com,9772557347,HP Pavilion,HP,Laptop,1,65999,10,18,59399.1,51479.22,7919.88,2025-05-30,Silchar,Madhya Pradesh
ORD101630,CUST6630,Charan Bhandari,Female,46,kibetimothy@example.org,9613943530,Galaxy S24,Samsung,Electronics,3,74999,5,18,213747.15,175497.66,38249.49,2024-08-16,Mathura,Mizoram
ORD101631,CUST6631,Gabriel Mishra,Female,45,tbakshi@example.org,9967365253,Dell Inspiron,Dell,Laptop,1,58999,0,18,58999.0,46019.22,12979.78,2023-07-31,Dehradun,Meghalaya
ORD101632,CUST6632,Ira Mani,Female,49,dhawannikita@example.net,9399061838,HP Pavilion,HP,Laptop,4,65999,15,18,224396.6,205916.88,18479.72,2025-01-13,Vijayawada,Madhya Pradesh
ORD101633,CUST6633,Abhiram Goda,Female,35,hgupta@example.net,9841994668,Galaxy S24,Samsung,Electronics,2,74999,15,18,127498.3,116998.44,10499.86,2024-01-09,Tenali,Himachal Pradesh
ORD101634,CUST6634,Eesha Arora,Female,24,priya25@example.org,9178427049,iPhone 15,Apple,Electronics,3,79999,5,18,227997.15,187197.66,40799.49,2025-05-01,Miryalaguda,Sikkim
ORD101635,CUST6635,Zinal Vohra,Male,19,savantjairaj@example.com,9841893029,Galaxy S24,Samsung,Electronics,2,74999,0,18,149998.0,116998.44,32999.56,2023-07-28,Chandrapur,Telangana
ORD101636,CUST6636,Isaac Rana,Male,53,bhavnanarang@example.net,9521883287,HP Pavilion,HP,Laptop,1,65999,5,18,62699.05,51479.22,11219.83,2024-06-02,Muzaffarnagar,Uttarakhand
ORD101637,CUST6637,Sai Mishra,Male,18,kaurlibni@example.net,9791451235,iPhone 15,Apple,Electronics,5,79999,0,18,399995.0,311996.1,87998.9,2024-05-11,Gangtok,Odisha
ORD101638,CUST6638,Jagrati Handa,Female,26,mahajanwarinder@example.com,9273905840,Dell Inspiron,Dell,Laptop,1,58999,15,18,50149.15,46019.22,4129.93,2023-12-30,Navi Mumbai,Uttarakhand
ORD101639,CUST6639,Lakshmi Ganguly,Male,53,wsarraf@example.net,9758802888,HP Pavilion,HP,Laptop,4,65999,5,18,250796.2,205916.88,44879.32,2023-04-18,Malegaon,Assam
ORD101640,CUST6640,Janaki Cherian,Male,38,vdoctor@example.com,9657336525,Galaxy S24,Samsung,Electronics,2,74999,5,18,142498.1,116998.44,25499.66,2025-01-10,Ludhiana,Tamil Nadu
ORD101641,CUST6641,Hritik Mani,Female,29,xdalia@example.net,9188638058,Galaxy S24,Samsung,Electronics,4,74999,5,18,284996.2,233996.88,50999.32,2025-05-17,Narasaraopet,Uttar Pradesh
ORD101642,CUST6642,Chandresh Sen,Female,53,maanavdalia@example.com,9977857217,Dell Inspiron,Dell,Laptop,3,58999,15,18,150447.45,138057.66,12389.79,2024-09-15,Vellore,Manipur
ORD101643,CUST6643,Tanish Sem,Female,49,ishabhasin@example.com,9238924767,iPhone 15,Apple,Electronics,2,79999,0,18,159998.0,124798.44,35199.56,2024-06-19,Surat,Haryana
ORD101644,CUST6644,Lekha Kaul,Female,27,boasetanvi@example.net,9285429299,Dell Inspiron,Dell,Laptop,5,58999,0,18,294995.0,230096.1,64898.9,2023-04-12,Begusarai,Chhattisgarh
ORD101645,CUST6645,Chasmum Lanka,Male,23,hamsinimutti@example.org,9209171730,Dell Inspiron,Dell,Laptop,1,58999,5,18,56049.05,46019.22,10029.83,2023-01-30,Alwar,Uttar Pradesh
ORD101646,CUST6646,Ria Kari,Male,18,nakul64@example.net,9262134696,Dell Inspiron,Dell,Laptop,4,58999,10,18,212396.4,184076.88,28319.52,2024-10-28,Firozabad,Karnataka
ORD101647,CUST6647,Kamala Lall,Female,38,forummajumdar@example.org,9169771417,HP Pavilion,HP,Laptop,4,65999,15,18,224396.6,205916.88,18479.72,2023-06-30,Mira-Bhayandar,Haryana
ORD101648,CUST6648,Victor Padmanabhan,Female,58,darikachada@example.net,9564824356,HP Pavilion,HP,Laptop,4,65999,15,18,224396.6,205916.88,18479.72,2024-08-30,Sikar,Himachal Pradesh
ORD101649,CUST6649,Suhani Bhat,Male,34,omaja68@example.net,9684984204,HP Pavilion,HP,Laptop,2,65999,5,18,125398.1,102958.44,22439.66,2024-08-16,Bhimavaram,Tripura
ORD101650,CUST6650,Orinder Sodhi,Female,55,rsaini@example.net,9206863089,iPhone 15,Apple,Electronics,5,79999,10,18,359995.5,311996.1,47999.4,2025-01-15,Sultan Pur Majra,Kerala
ORD101651,CUST6651,Vincent Kalita,Male,21,nitara51@example.net,9101765592,Dell Inspiron,Dell,Laptop,4,58999,15,18,200596.6,184076.88,16519.72,2024-04-27,Pudukkottai,Kerala
ORD101652,CUST6652,Zehaan Ramanathan,Male,37,yagneshtripathi@example.net,9576708660,Galaxy S24,Samsung,Electronics,1,74999,5,18,71249.05,58499.22,12749.83,2024-09-29,Chinsurah,Nagaland
ORD101653,CUST6653,Amrita Bhattacharyya,Female,18,jasmit35@example.com,9628622203,iPhone 15,Apple,Electronics,1,79999,0,18,79999.0,62399.22,17599.78,2025-04-27,Nashik,Mizoram
ORD101654,CUST6654,Jagrati Sidhu,Female,21,bhatiasamaksh@example.org,9369288828,Galaxy S24,Samsung,Electronics,4,74999,15,18,254996.6,233996.88,20999.72,2024-09-21,Nizamabad,Assam
ORD101655,CUST6655,Vasatika Parmar,Female,30,jsrinivas@example.net,9155463447,Galaxy S24,Samsung,Electronics,1,74999,15,18,63749.15,58499.22,5249.93,2024-03-02,Muzaffarpur,Karnataka
ORD101656,CUST6656,Dev Tailor,Male,41,qushi07@example.com,9202337299,Dell Inspiron,Dell,Laptop,4,58999,15,18,200596.6,184076.88,16519.72,2023-02-04,Thoothukudi,Arunachal Pradesh
ORD101657,CUST6657,Christopher Kakar,Female,26,fsarraf@example.net,9226781660,Dell Inspiron,Dell,Laptop,4,58999,5,18,224196.2,184076.88,40119.32,2025-01-31,Machilipatnam,Maharashtra
ORD101658,CUST6658,Jhalak Chaudhari,Male,31,bloke@example.com,9534779897,iPhone 15,Apple,Electronics,5,79999,0,18,399995.0,311996.1,87998.9,2023-01-26,Madhyamgram,Manipur
ORD101659,CUST6659,Gaurav Badami,Female,26,paggarwal@example.net,9819017524,iPhone 15,Apple,Electronics,3,79999,5,18,227997.15,187197.66,40799.49,2024-12-01,Jaipur,Madhya Pradesh
ORD101660,CUST6660,Sudiksha Murty,Male,48,gavinbuch@example.com,9238877269,Galaxy S24,Samsung,Electronics,4,74999,5,18,284996.2,233996.88,50999.32,2023-07-15,Thrissur,Telangana
ORD101661,CUST6661,Sai Gandhi,Male,33,maanavshetty@example.net,9515592136,iPhone 15,Apple,Electronics,5,79999,5,18,379995.25,311996.1,67999.15,2024-04-11,Machilipatnam,Odisha
ORD101662,CUST6662,Tanish Dalal,Female,60,azad70@example.org,9300558336,HP Pavilion,HP,Laptop,5,65999,15,18,280495.75,257396.1,23099.65,2024-10-22,Amaravati,Maharashtra
ORD101663,CUST6663,Anjali Chowdhury,Female,31,egade@example.com,9893783722,Dell Inspiron,Dell,Laptop,5,58999,15,18,250745.75,230096.1,20649.65,2025-04-08,Panvel,Arunachal Pradesh
ORD101664,CUST6664,Warhi Kalla,Female,28,xbhargava@example.net,9410314676,iPhone 15,Apple,Electronics,2,79999,5,18,151998.1,124798.44,27199.66,2024-08-21,Buxar,Mizoram
ORD101665,CUST6665,Nathan Jhaveri,Female,56,ushukla@example.com,9801949363,iPhone 15,Apple,Electronics,4,79999,15,18,271996.6,249596.88,22399.72,2024-01-03,Machilipatnam,Telangana
ORD101666,CUST6666,Balhaar Mangat,Female,20,balveersha@example.org,9334364450,Dell Inspiron,Dell,Laptop,4,58999,10,18,212396.4,184076.88,28319.52,2023-12-13,Burhanpur,Haryana
ORD101667,CUST6667,Madhav Ganesh,Male,37,orinderpanchal@example.com,9110068863,Dell Inspiron,Dell,Laptop,5,58999,5,18,280245.25,230096.1,50149.15,2023-05-06,Guna,Punjab
ORD101668,CUST6668,Zaitra Subramanian,Male,46,waida75@example.net,9459421495,iPhone 15,Apple,Electronics,1,79999,15,18,67999.15,62399.22,5599.93,2024-01-29,Bhimavaram,Mizoram
ORD101669,CUST6669,Parth Ganesh,Male,48,nehagulati@example.com,9424508148,HP Pavilion,HP,Laptop,2,65999,10,18,118798.2,102958.44,15839.76,2023-08-11,Tadipatri,Madhya Pradesh
ORD101670,CUST6670,Vihaan Tak,Female,36,triyachoudhary@example.net,9503648025,Dell Inspiron,Dell,Laptop,1,58999,5,18,56049.05,46019.22,10029.83,2024-11-09,Jamalpur,Nagaland
ORD101671,CUST6671,Avi Bala,Female,39,singhalanamika@example.org,9380970468,Dell Inspiron,Dell,Laptop,1,58999,10,18,53099.1,46019.22,7079.88,2023-02-10,Bellary,Goa
ORD101672,CUST6672,Indrajit Dora,Female,27,zprakash@example.net,9319695204,iPhone 15,Apple,Electronics,3,79999,0,18,239997.0,187197.66,52799.34,2023-06-13,Rourkela,Jharkhand
ORD101673,CUST6673,Akshay Lad,Female,58,yauvani35@example.net,9931399918,Galaxy S24,Samsung,Electronics,2,74999,0,18,149998.0,116998.44,32999.56,2023-09-06,Dehri,Uttar Pradesh
ORD101674,CUST6674,Isha Banik,Female,60,sachi95@example.net,9241576196,HP Pavilion,HP,Laptop,5,65999,5,18,313495.25,257396.1,56099.15,2023-03-22,Jammu,Maharashtra
ORD101675,CUST6675,Oviya Narula,Male,43,xsrinivasan@example.com,9763882104,HP Pavilion,HP,Laptop,2,65999,10,18,118798.2,102958.44,15839.76,2024-06-11,Tezpur,Maharashtra
ORD101676,CUST6676,Gagan Master,Female,49,daredhitha@example.com,9329816038,iPhone 15,Apple,Electronics,4,79999,15,18,271996.6,249596.88,22399.72,2023-08-06,Siwan,Nagaland
ORD101677,CUST6677,Onveer Tata,Female,57,vrishti39@example.com,9132045883,HP Pavilion,HP,Laptop,4,65999,10,18,237596.4,205916.88,31679.52,2023-01-21,Ongole,Chhattisgarh
ORD101678,CUST6678,Hritik Oommen,Female,27,lbehl@example.com,9407553689,Dell Inspiron,Dell,Laptop,1,58999,15,18,50149.15,46019.22,4129.93,2024-10-26,Jammu,Chhattisgarh
ORD101679,CUST6679,Gaurangi Gupta,Male,29,samargarde@example.net,9480976766,Dell Inspiron,Dell,Laptop,4,58999,0,18,235996.0,184076.88,51919.12,2023-03-28,Delhi,Maharashtra
ORD101680,CUST6680,Michael Gupta,Male,44,nandininori@example.org,9938718981,HP Pavilion,HP,Laptop,3,65999,15,18,168297.45,154437.66,13859.79,2024-08-23,Madanapalle,Andhra Pradesh
ORD101681,CUST6681,Ekiya Goswami,Male,27,oscardevan@example.net,9593033316,iPhone 15,Apple,Electronics,1,79999,10,18,71999.1,62399.22,9599.88,2024-03-27,Aligarh,Chhattisgarh
ORD101682,CUST6682,Idika Keer,Female,29,darika81@example.net,9829251496,iPhone 15,Apple,Electronics,1,79999,0,18,79999.0,62399.22,17599.78,2024-11-28,Karaikudi,Sikkim
ORD101683,CUST6683,Aishani Dash,Female,21,krajan@example.org,9109519672,HP Pavilion,HP,Laptop,1,65999,5,18,62699.05,51479.22,11219.83,2023-05-20,Bhilwara,Arunachal Pradesh
ORD101684,CUST6684,Anmol Oak,Male,22,triyabedi@example.com,9726598766,HP Pavilion,HP,Laptop,4,65999,5,18,250796.2,205916.88,44879.32,2024-01-26,Sasaram,Mizoram
ORD101685,CUST6685,Oni Raj,Male,48,atharvramaswamy@example.com,9254942502,iPhone 15,Apple,Electronics,5,79999,15,18,339995.75,311996.1,27999.65,2023-05-31,Rewa,Chhattisgarh
ORD101686,CUST6686,Nandini Lata,Male,26,smohan@example.com,9983752870,HP Pavilion,HP,Laptop,3,65999,10,18,178197.3,154437.66,23759.64,2023-10-26,Pallavaram,Goa
ORD101687,CUST6687,Rajeshri Dalal,Male,28,jayaramangautami@example.com,9639648775,iPhone 15,Apple,Electronics,5,79999,5,18,379995.25,311996.1,67999.15,2024-08-24,Chandrapur,Himachal Pradesh
ORD101688,CUST6688,Charles Deshpande,Male,25,zayansant@example.com,9663937901,Dell Inspiron,Dell,Laptop,5,58999,15,18,250745.75,230096.1,20649.65,2023-11-15,Ambattur,Manipur
ORD101689,CUST6689,Bishakha Handa,Male,35,harshil83@example.com,9899746055,Galaxy S24,Samsung,Electronics,2,74999,5,18,142498.1,116998.44,25499.66,2024-05-16,Morena,Rajasthan
ORD101690,CUST6690,Darika Sethi,Male,35,daniel91@example.org,9771320758,iPhone 15,Apple,Electronics,5,79999,15,18,339995.75,311996.1,27999.65,2024-12-19,Morbi,Goa
ORD101691,CUST6691,Ekani Baral,Male,27,lwalla@example.org,9382045224,iPhone 15,Apple,Electronics,4,79999,15,18,271996.6,249596.88,22399.72,2023-07-19,Jalgaon,Telangana
ORD101692,CUST6692,Yadavi Sharma,Female,50,lmitter@example.net,9627593882,Galaxy S24,Samsung,Electronics,4,74999,10,18,269996.4,233996.88,35999.52,2024-08-16,Davanagere,Tamil Nadu
ORD101693,CUST6693,Vasudha Prasad,Male,52,muniomya@example.com,9968169945,Galaxy S24,Samsung,Electronics,4,74999,15,18,254996.6,233996.88,20999.72,2024-06-19,Raiganj,Goa
ORD101694,CUST6694,Jonathan Babu,Female,39,choprayamini@example.org,9763799272,Galaxy S24,Samsung,Electronics,4,74999,5,18,284996.2,233996.88,50999.32,2024-11-25,Ahmedabad,West Bengal
ORD101695,CUST6695,Falak Saha,Female,27,wtailor@example.net,9962618791,Galaxy S24,Samsung,Electronics,2,74999,10,18,134998.2,116998.44,17999.76,2024-02-16,Hospet,Andhra Pradesh
ORD101696,CUST6696,Nihal Kade,Male,50,ovarkey@example.org,9561902656,iPhone 15,Apple,Electronics,1,79999,0,18,79999.0,62399.22,17599.78,2023-03-18,Aurangabad,Odisha
ORD101697,CUST6697,Lavanya Manne,Male,49,owengopal@example.com,9102660337,Galaxy S24,Samsung,Electronics,3,74999,10,18,202497.3,175497.66,26999.64,2024-02-24,Hazaribagh,Assam
ORD101698,CUST6698,Bhavini Wali,Female,53,ydalia@example.com,9423349287,Galaxy S24,Samsung,Electronics,1,74999,0,18,74999.0,58499.22,16499.78,2023-05-27,Serampore,Tripura
ORD101699,CUST6699,Kevin Kannan,Male,18,ishani71@example.com,9287406081,Galaxy S24,Samsung,Electronics,4,74999,5,18,284996.2,233996.88,50999.32,2025-06-10,Miryalaguda,Gujarat
ORD101700,CUST6700,Janani Garg,Male,39,ukibe@example.com,9554381064,Dell Inspiron,Dell,Laptop,2,58999,15,18,100298.3,92038.44,8259.86,2023-11-13,Morena,Tripura
ORD101701,CUST6701,Kamya Bali,Female,59,tanmayi93@example.org,9948100729,Galaxy S24,Samsung,Electronics,5,74999,5,18,356245.25,292496.1,63749.15,2023-09-14,Bhiwandi,Goa
ORD101702,CUST6702,Alka Bhatti,Female,21,maanassunder@example.net,9630295494,Galaxy S24,Samsung,Electronics,5,74999,0,18,374995.0,292496.1,82498.9,2024-05-28,Chittoor,Karnataka
ORD101703,CUST6703,Maanas Soni,Male,20,ydewan@example.org,9354950934,HP Pavilion,HP,Laptop,4,65999,5,18,250796.2,205916.88,44879.32,2024-11-23,Hajipur,Himachal Pradesh
ORD101704,CUST6704,Devansh Dani,Male,21,pjhaveri@example.com,9475732353,iPhone 15,Apple,Electronics,1,79999,10,18,71999.1,62399.22,9599.88,2024-04-29,Ramgarh,Assam
ORD101705,CUST6705,Manthan Rastogi,Male,20,ekantikabobal@example.com,9951703778,Galaxy S24,Samsung,Electronics,2,74999,15,18,127498.3,116998.44,10499.86,2024-11-26,Jalna,Bihar
ORD101706,CUST6706,Chanakya Mody,Female,60,mbanik@example.com,9944529073,Galaxy S24,Samsung,Electronics,4,74999,10,18,269996.4,233996.88,35999.52,2023-11-11,Guna,Manipur
ORD101707,CUST6707,Yashica Agrawal,Female,30,raghavanomisha@example.net,9601285571,HP Pavilion,HP,Laptop,5,65999,0,18,329995.0,257396.1,72598.9,2023-12-10,Nizamabad,Arunachal Pradesh
ORD101708,CUST6708,Vincent Gill,Female,44,matthew05@example.net,9948055879,iPhone 15,Apple,Electronics,2,79999,5,18,151998.1,124798.44,27199.66,2023-06-02,Gwalior,Chhattisgarh
ORD101709,CUST6709,Chaitanya Barad,Female,49,kabirmohanty@example.net,9843963031,iPhone 15,Apple,Electronics,5,79999,0,18,399995.0,311996.1,87998.9,2023-09-09,Ranchi,West Bengal
ORD101710,CUST6710,Balveer Viswanathan,Male,39,nkota@example.net,9538754202,iPhone 15,Apple,Electronics,2,79999,15,18,135998.3,124798.44,11199.86,2023-02-22,Bihar Sharif,Jharkhand
ORD101711,CUST6711,Arunima Karan,Male,41,wyattnayak@example.org,9799385603,Galaxy S24,Samsung,Electronics,3,74999,10,18,202497.3,175497.66,26999.64,2024-09-29,Dewas,Karnataka
ORD101712,CUST6712,Faraj Roy,Male,28,shankarindrajit@example.org,9865403648,HP Pavilion,HP,Laptop,5,65999,15,18,280495.75,257396.1,23099.65,2023-08-21,Burhanpur,Bihar
ORD101713,CUST6713,Theodore Patel,Male,31,bhanumatibir@example.net,9777583150,Galaxy S24,Samsung,Electronics,4,74999,0,18,299996.0,233996.88,65999.12,2024-03-30,Indore,Sikkim
ORD101714,CUST6714,Yug Bora,Male,46,hbajwa@example.org,9546754832,HP Pavilion,HP,Laptop,3,65999,10,18,178197.3,154437.66,23759.64,2024-07-30,Patna,Manipur
ORD101715,CUST6715,Farhan Pant,Female,56,nandabishakha@example.com,9697523256,Dell Inspiron,Dell,Laptop,3,58999,0,18,176997.0,138057.66,38939.34,2023-04-28,Siliguri,Assam
ORD101716,CUST6716,Kabir Dhaliwal,Male,29,cbuch@example.org,9884011299,Dell Inspiron,Dell,Laptop,1,58999,10,18,53099.1,46019.22,7079.88,2023-09-15,South Dumdum,Jharkhand
ORD101717,CUST6717,Abha Bala,Female,32,shasanya@example.net,9814899552,Galaxy S24,Samsung,Electronics,1,74999,15,18,63749.15,58499.22,5249.93,2023-08-29,Dhule,Nagaland
ORD101718,CUST6718,Damyanti Narasimhan,Female,43,vidhi86@example.net,9661398843,HP Pavilion,HP,Laptop,4,65999,15,18,224396.6,205916.88,18479.72,2025-01-10,Bhiwani,Odisha
ORD101719,CUST6719,Unni Rajagopalan,Female,21,ronith21@example.org,9480246812,Dell Inspiron,Dell,Laptop,5,58999,15,18,250745.75,230096.1,20649.65,2024-12-13,Satara,Uttar Pradesh
ORD101720,CUST6720,Laban Kapadia,Male,51,patlamugdha@example.com,9114764096,Galaxy S24,Samsung,Electronics,4,74999,10,18,269996.4,233996.88,35999.52,2023-09-19,Hajipur,Rajasthan
ORD101721,CUST6721,Umang Lanka,Female,47,qabil05@example.net,9993506502,Galaxy S24,Samsung,Electronics,4,74999,5,18,284996.2,233996.88,50999.32,2024-01-03,Tenali,Kerala
ORD101722,CUST6722,Neha Kar,Male,54,neha89@example.net,9230946366,Dell Inspiron,Dell,Laptop,5,58999,10,18,265495.5,230096.1,35399.4,2024-08-09,Pali,Rajasthan
ORD101723,CUST6723,Quincy Balan,Female,30,rsahni@example.org,9651704280,Galaxy S24,Samsung,Electronics,3,74999,15,18,191247.45,175497.66,15749.79,2023-01-20,Mumbai,Telangana
ORD101724,CUST6724,Aadhya Bawa,Female,44,sachdevajeevika@example.net,9341026405,HP Pavilion,HP,Laptop,4,65999,10,18,237596.4,205916.88,31679.52,2023-01-24,Siwan,Arunachal Pradesh
ORD101725,CUST6725,Lekha Nayak,Male,56,osant@example.net,9777097795,Dell Inspiron,Dell,Laptop,5,58999,0,18,294995.0,230096.1,64898.9,2023-06-10,Mira-Bhayandar,Telangana
ORD101726,CUST6726,Yashvi Bath,Male,30,ramleena@example.net,9158626397,HP Pavilion,HP,Laptop,2,65999,10,18,118798.2,102958.44,15839.76,2024-09-18,Bangalore,Jharkhand
ORD101727,CUST6727,Aryan Bahri,Male,49,reyanshbuch@example.net,9289289142,iPhone 15,Apple,Electronics,5,79999,10,18,359995.5,311996.1,47999.4,2023-02-11,Jamnagar,Rajasthan
ORD101728,CUST6728,Peter Tella,Female,27,qbora@example.net,9149568065,Galaxy S24,Samsung,Electronics,2,74999,5,18,142498.1,116998.44,25499.66,2025-02-15,Arrah,Mizoram
ORD101729,CUST6729,Meghana Mand,Female,32,prasadyuvraj@example.net,9288986042,iPhone 15,Apple,Electronics,3,79999,0,18,239997.0,187197.66,52799.34,2025-03-05,Vasai-Virar,Gujarat
ORD101730,CUST6730,Anirudh Bhatia,Female,55,charita72@example.org,9490326662,HP Pavilion,HP,Laptop,1,65999,10,18,59399.1,51479.22,7919.88,2024-05-21,Munger,Rajasthan
ORD101731,CUST6731,Qabil Dutt,Female,34,triptibrahmbhatt@example.net,9585606698,Galaxy S24,Samsung,Electronics,5,74999,10,18,337495.5,292496.1,44999.4,2024-06-28,Singrauli,Tamil Nadu
ORD101732,CUST6732,Dalaja Shah,Female,22,ekalingabrar@example.org,9160132055,HP Pavilion,HP,Laptop,4,65999,5,18,250796.2,205916.88,44879.32,2024-07-31,Kishanganj,Telangana
ORD101733,CUST6733,Viraj Sanghvi,Female,27,anitaaurora@example.org,9442135406,Galaxy S24,Samsung,Electronics,5,74999,0,18,374995.0,292496.1,82498.9,2024-08-21,Kavali,Rajasthan
ORD101734,CUST6734,Peter Buch,Male,55,mukhopadhyaybhavika@example.net,9416368342,HP Pavilion,HP,Laptop,5,65999,10,18,296995.5,257396.1,39599.4,2024-10-09,Haldia,Tamil Nadu
ORD101735,CUST6735,Anirudh Deshpande,Male,31,falguni65@example.org,9476557730,Galaxy S24,Samsung,Electronics,3,74999,15,18,191247.45,175497.66,15749.79,2025-06-11,Bellary,Gujarat
ORD101736,CUST6736,Anvi Soni,Female,56,shuklanathaniel@example.net,9282634883,HP Pavilion,HP,Laptop,3,65999,10,18,178197.3,154437.66,23759.64,2023-03-01,Bhimavaram,Mizoram
ORD101737,CUST6737,Maanas Sarkar,Female,37,sarthak23@example.net,9540785278,Galaxy S24,Samsung,Electronics,1,74999,0,18,74999.0,58499.22,16499.78,2024-04-11,Ajmer,Manipur
ORD101738,CUST6738,Nilima Agarwal,Male,44,gayathrikar@example.com,9935574679,Galaxy S24,Samsung,Electronics,3,74999,15,18,191247.45,175497.66,15749.79,2024-02-14,Jalgaon,Karnataka
ORD101739,CUST6739,Mitesh Dhar,Female,18,nathanmander@example.com,9872942840,HP Pavilion,HP,Laptop,4,65999,0,18,263996.0,205916.88,58079.12,2023-06-05,Bhusawal,Tripura
ORD101740,CUST6740,Jai Magar,Female,35,eeshakhosla@example.net,9787519502,Galaxy S24,Samsung,Electronics,5,74999,10,18,337495.5,292496.1,44999.4,2023-04-30,Guntur,Jharkhand
ORD101741,CUST6741,Jatin Kumar,Male,22,saumyacheema@example.org,9615658318,iPhone 15,Apple,Electronics,5,79999,10,18,359995.5,311996.1,47999.4,2023-11-21,Madurai,Manipur
ORD101742,CUST6742,Jonathan Swamy,Male,55,timothy26@example.net,9742970644,iPhone 15,Apple,Electronics,1,79999,0,18,79999.0,62399.22,17599.78,2025-03-17,Sasaram,Assam
ORD101743,CUST6743,Siya Sunder,Male,29,meghanaparikh@example.com,9430536369,Galaxy S24,Samsung,Electronics,1,74999,5,18,71249.05,58499.22,12749.83,2023-12-27,Mahbubnagar,Goa
ORD101744,CUST6744,Onveer Shere,Male,31,udhar@example.org,9187870241,Galaxy S24,Samsung,Electronics,2,74999,5,18,142498.1,116998.44,25499.66,2024-04-01,Kishanganj,Himachal Pradesh
ORD101745,CUST6745,Chaitaly Mann,Male,38,uchander@example.net,9105913614,iPhone 15,Apple,Electronics,2,79999,5,18,151998.1,124798.44,27199.66,2024-04-15,Katihar,Uttarakhand
ORD101746,CUST6746,Bhavya Anand,Male,34,gpatil@example.net,9189740179,Dell Inspiron,Dell,Laptop,2,58999,5,18,112098.1,92038.44,20059.66,2024-09-06,Alwar,Nagaland
ORD101747,CUST6747,Unnati Ram,Female,24,rwarrior@example.com,9324601370,Dell Inspiron,Dell,Laptop,3,58999,15,18,150447.45,138057.66,12389.79,2023-06-16,Karaikudi,Arunachal Pradesh
ORD101748,CUST6748,Pooja Bail,Female,18,parsavedika@example.net,9149980074,HP Pavilion,HP,Laptop,3,65999,15,18,168297.45,154437.66,13859.79,2025-06-17,New Delhi,Tripura
ORD101749,CUST6749,Hiral Gill,Male,48,kchahal@example.net,9333870356,HP Pavilion,HP,Laptop,4,65999,5,18,250796.2,205916.88,44879.32,2024-06-01,Singrauli,Telangana
ORD101750,CUST6750,Advaith Dyal,Female,37,parekhsimon@example.com,9981701137,iPhone 15,Apple,Electronics,2,79999,10,18,143998.2,124798.44,19199.76,2023-07-28,Visakhapatnam,Tamil Nadu
ORD101751,CUST6751,Rushil Oak,Male,56,aarini24@example.org,9286098307,HP Pavilion,HP,Laptop,3,65999,5,18,188097.15,154437.66,33659.49,2023-10-04,Hosur,Andhra Pradesh
ORD101752,CUST6752,Chanchal Sodhi,Female,50,aashiraja@example.net,9808256760,Galaxy S24,Samsung,Electronics,3,74999,15,18,191247.45,175497.66,15749.79,2024-09-24,Maheshtala,Haryana
ORD101753,CUST6753,Gauri Sarkar,Female,20,dassyahvi@example.org,9870086691,Dell Inspiron,Dell,Laptop,1,58999,15,18,50149.15,46019.22,4129.93,2025-02-21,Rohtak,Goa
ORD101754,CUST6754,Reva Bains,Female,50,samaeesha@example.com,9333013523,HP Pavilion,HP,Laptop,4,65999,15,18,224396.6,205916.88,18479.72,2024-03-10,Karawal Nagar,Rajasthan
ORD101755,CUST6755,Aayush Goyal,Male,29,lalajagrati@example.com,9182183569,Galaxy S24,Samsung,Electronics,5,74999,5,18,356245.25,292496.1,63749.15,2023-07-13,Tadipatri,Meghalaya
ORD101756,CUST6756,Umang Hegde,Male,47,manan89@example.com,9759753641,HP Pavilion,HP,Laptop,4,65999,10,18,237596.4,205916.88,31679.52,2024-06-19,Alwar,Nagaland
ORD101757,CUST6757,Yahvi Ratta,Male,44,dadavarsha@example.com,9695564791,Galaxy S24,Samsung,Electronics,5,74999,10,18,337495.5,292496.1,44999.4,2023-09-09,Jalna,West Bengal
ORD101758,CUST6758,Tristan Sunder,Male,51,chanderikbal@example.com,9384607631,iPhone 15,Apple,Electronics,1,79999,15,18,67999.15,62399.22,5599.93,2024-10-11,Jamshedpur,Mizoram
ORD101759,CUST6759,Madhav Raja,Female,51,apurohit@example.org,9976339145,Dell Inspiron,Dell,Laptop,5,58999,0,18,294995.0,230096.1,64898.9,2025-01-10,Pudukkottai,Karnataka
ORD101760,CUST6760,Chaitanya Pingle,Male,30,boasedavid@example.com,9720109229,iPhone 15,Apple,Electronics,3,79999,0,18,239997.0,187197.66,52799.34,2024-11-04,Ghaziabad,Haryana
ORD101761,CUST6761,Gunbir Wadhwa,Female,53,balvansankaran@example.net,9858321674,Galaxy S24,Samsung,Electronics,3,74999,5,18,213747.15,175497.66,38249.49,2025-06-05,Korba,Punjab
ORD101762,CUST6762,Yatin Narayanan,Female,23,kadakiadaksha@example.net,9578757021,Dell Inspiron,Dell,Laptop,5,58999,0,18,294995.0,230096.1,64898.9,2023-07-16,Ambala,Bihar
ORD101763,CUST6763,Pahal Sarma,Male,22,kmital@example.com,9147982973,HP Pavilion,HP,Laptop,3,65999,15,18,168297.45,154437.66,13859.79,2023-05-17,Patiala,Madhya Pradesh
ORD101764,CUST6764,Eesha Tank,Female,25,hrajagopalan@example.net,9914902854,Galaxy S24,Samsung,Electronics,2,74999,15,18,127498.3,116998.44,10499.86,2024-04-01,Moradabad,Chhattisgarh
ORD101765,CUST6765,Amrita Batra,Female,42,adyasharma@example.org,9423903962,Galaxy S24,Samsung,Electronics,2,74999,5,18,142498.1,116998.44,25499.66,2024-06-17,Hajipur,Chhattisgarh
ORD101766,CUST6766,Isha Wadhwa,Male,59,nagikaran@example.com,9854783441,Galaxy S24,Samsung,Electronics,3,74999,0,18,224997.0,175497.66,49499.34,2024-10-27,Nadiad,Odisha
ORD101767,CUST6767,Yauvani Gade,Male,54,hema99@example.com,9669737678,iPhone 15,Apple,Electronics,3,79999,5,18,227997.15,187197.66,40799.49,2025-05-29,Ghaziabad,Haryana
ORD101768,CUST6768,Kavya Comar,Male,40,aachal00@example.net,9145679034,HP Pavilion,HP,Laptop,2,65999,5,18,125398.1,102958.44,22439.66,2023-11-26,Shivpuri,Goa
ORD101769,CUST6769,Shivansh Sem,Male,22,chadbrijesh@example.org,9301504606,Galaxy S24,Samsung,Electronics,5,74999,0,18,374995.0,292496.1,82498.9,2025-02-01,Miryalaguda,Goa
ORD101770,CUST6770,Tarak Sahota,Female,43,bhatnagaromya@example.com,9727247899,Galaxy S24,Samsung,Electronics,1,74999,5,18,71249.05,58499.22,12749.83,2023-09-17,Dehradun,Sikkim
ORD101771,CUST6771,Tara Pingle,Female,37,ckhurana@example.net,9338486545,HP Pavilion,HP,Laptop,2,65999,0,18,131998.0,102958.44,29039.56,2023-04-02,Guntur,Andhra Pradesh
ORD101772,CUST6772,Abhimanyu Gulati,Female,39,qbiswas@example.com,9202006304,Dell Inspiron,Dell,Laptop,2,58999,10,18,106198.2,92038.44,14159.76,2023-09-22,Rohtak,Karnataka
ORD101773,CUST6773,Darika Kapoor,Female,58,robertdatta@example.org,9855913569,Galaxy S24,Samsung,Electronics,5,74999,5,18,356245.25,292496.1,63749.15,2023-11-16,Vasai-Virar,Kerala
ORD101774,CUST6774,Jacob Vohra,Male,22,itak@example.org,9134754267,HP Pavilion,HP,Laptop,2,65999,0,18,131998.0,102958.44,29039.56,2023-12-14,Ranchi,Assam
ORD101775,CUST6775,Wakeeta Vora,Male,20,bobalbrinda@example.net,9295013702,iPhone 15,Apple,Electronics,3,79999,5,18,227997.15,187197.66,40799.49,2024-09-18,North Dumdum,Tripura
ORD101776,CUST6776,Ojas Ganesh,Female,45,eshanazacharia@example.com,9694297157,Galaxy S24,Samsung,Electronics,5,74999,10,18,337495.5,292496.1,44999.4,2023-01-27,Indore,Gujarat
ORD101777,CUST6777,Joshua Gara,Male,20,ekanimital@example.net,9579099319,HP Pavilion,HP,Laptop,1,65999,0,18,65999.0,51479.22,14519.78,2025-01-21,Rampur,Uttar Pradesh
ORD101778,CUST6778,Anamika Mani,Male,19,jeet64@example.com,9643060900,HP Pavilion,HP,Laptop,2,65999,15,18,112198.3,102958.44,9239.86,2024-11-11,Bhilai,Maharashtra
ORD101779,CUST6779,Kalpit Anand,Male,43,arunimakulkarni@example.net,9773024531,Dell Inspiron,Dell,Laptop,5,58999,0,18,294995.0,230096.1,64898.9,2023-11-30,Aurangabad,Rajasthan
ORD101780,CUST6780,Mason Dutta,Female,58,bedidavid@example.org,9776873295,Dell Inspiron,Dell,Laptop,1,58999,5,18,56049.05,46019.22,10029.83,2024-11-08,Kanpur,Chhattisgarh
ORD101781,CUST6781,Wishi Kunda,Female,48,emadan@example.org,9559044167,Galaxy S24,Samsung,Electronics,5,74999,10,18,337495.5,292496.1,44999.4,2023-10-25,Proddatur,Maharashtra
ORD101782,CUST6782,Bachittar Sastry,Female,46,odutta@example.net,9414609019,Galaxy S24,Samsung,Electronics,2,74999,0,18,149998.0,116998.44,32999.56,2024-06-14,Chapra,Sikkim
ORD101783,CUST6783,Simon Sethi,Female,53,maurora@example.com,9320676087,Galaxy S24,Samsung,Electronics,1,74999,10,18,67499.1,58499.22,8999.88,2024-08-13,Barasat,Maharashtra
ORD101784,CUST6784,Lakshit Singhal,Female,44,tamble@example.com,9381158114,iPhone 15,Apple,Electronics,5,79999,10,18,359995.5,311996.1,47999.4,2025-03-30,Ramgarh,Goa
ORD101785,CUST6785,Yatin Jayaraman,Male,33,xnazareth@example.com,9424593379,Galaxy S24,Samsung,Electronics,4,74999,10,18,269996.4,233996.88,35999.52,2024-08-20,Singrauli,Arunachal Pradesh
ORD101786,CUST6786,Shaurya Kamdar,Male,51,bdhar@example.org,9240724239,Galaxy S24,Samsung,Electronics,4,74999,10,18,269996.4,233996.88,35999.52,2025-02-06,Munger,Uttarakhand
ORD101787,CUST6787,Gaurav Raman,Female,54,devansh67@example.org,9151603867,iPhone 15,Apple,Electronics,1,79999,10,18,71999.1,62399.22,9599.88,2024-02-19,Amroha,Goa
ORD101788,CUST6788,Ekantika Anne,Male,25,etavarty@example.com,9861732825,HP Pavilion,HP,Laptop,1,65999,15,18,56099.15,51479.22,4619.93,2023-02-24,Tiruppur,Jharkhand
ORD101789,CUST6789,Urvi Banerjee,Male,27,indalizacharia@example.net,9596491703,Galaxy S24,Samsung,Electronics,2,74999,10,18,134998.2,116998.44,17999.76,2023-03-14,Rajahmundry,Tripura
ORD101790,CUST6790,Amol Raja,Male,25,chatterjeemahika@example.net,9377522238,Dell Inspiron,Dell,Laptop,1,58999,10,18,53099.1,46019.22,7079.88,2024-11-22,Parbhani,West Bengal
ORD101791,CUST6791,Tristan Pau,Male,21,pranit24@example.com,9705704662,iPhone 15,Apple,Electronics,5,79999,10,18,359995.5,311996.1,47999.4,2023-07-09,Kolhapur,Andhra Pradesh
ORD101792,CUST6792,Pranav Nori,Male,23,mason03@example.org,9753213759,HP Pavilion,HP,Laptop,5,65999,15,18,280495.75,257396.1,23099.65,2025-03-07,Howrah,Gujarat
ORD101793,CUST6793,Advaith Suri,Male,42,santati@example.com,9531212850,HP Pavilion,HP,Laptop,4,65999,10,18,237596.4,205916.88,31679.52,2024-01-22,Gopalpur,Uttar Pradesh
ORD101794,CUST6794,Chakradev Lanka,Female,52,janakihayre@example.com,9923233963,Galaxy S24,Samsung,Electronics,5,74999,5,18,356245.25,292496.1,63749.15,2024-10-09,Tirunelveli,Andhra Pradesh
ORD101795,CUST6795,Sneha Goel,Female,27,bishakha28@example.org,9148608322,iPhone 15,Apple,Electronics,5,79999,0,18,399995.0,311996.1,87998.9,2024-12-05,Akola,Mizoram
ORD101796,CUST6796,Ridhi Naik,Male,47,ati00@example.org,9932457093,iPhone 15,Apple,Electronics,5,79999,0,18,399995.0,311996.1,87998.9,2024-11-03,Delhi,Madhya Pradesh
ORD101797,CUST6797,Lila Om,Male,48,qushi31@example.org,9565750220,iPhone 15,Apple,Electronics,4,79999,5,18,303996.2,249596.88,54399.32,2024-08-23,Berhampur,Telangana
ORD101798,CUST6798,Irya Bahri,Female,27,ekavir49@example.net,9813574875,Dell Inspiron,Dell,Laptop,4,58999,15,18,200596.6,184076.88,16519.72,2024-05-29,Kochi,Rajasthan
ORD101799,CUST6799,Bhanumati Deol,Female,49,hgour@example.net,9651747112,Galaxy S24,Samsung,Electronics,3,74999,0,18,224997.0,175497.66,49499.34,2024-07-18,Jamshedpur,Karnataka
ORD101800,CUST6800,Krishna Master,Female,51,kamyadas@example.net,9459948430,HP Pavilion,HP,Laptop,3,65999,0,18,197997.0,154437.66,43559.34,2025-05-25,Tadipatri,Uttarakhand
ORD101801,CUST6801,Ayush Chandra,Male,20,falgunimaharaj@example.com,9420937173,Dell Inspiron,Dell,Laptop,4,58999,10,18,212396.4,184076.88,28319.52,2023-12-26,Uluberia,Karnataka
ORD101802,CUST6802,Qadim Chauhan,Male,24,zaitrapatel@example.com,9969141454,Dell Inspiron,Dell,Laptop,2,58999,10,18,106198.2,92038.44,14159.76,2025-02-22,Siwan,Punjab
ORD101803,CUST6803,Yahvi Halder,Male,45,ejoshi@example.com,9850628009,Galaxy S24,Samsung,Electronics,3,74999,15,18,191247.45,175497.66,15749.79,2024-11-16,Kollam,Kerala
ORD101804,CUST6804,Chaaya Bajaj,Female,32,bhardwajchaitanya@example.org,9372352822,iPhone 15,Apple,Electronics,5,79999,15,18,339995.75,311996.1,27999.65,2023-03-10,Bhagalpur,Nagaland
ORD101805,CUST6805,Vinaya Chokshi,Female,25,iborah@example.com,9187222896,Galaxy S24,Samsung,Electronics,4,74999,10,18,269996.4,233996.88,35999.52,2024-10-28,Alappuzha,Nagaland
ORD101806,CUST6806,Kashish Kota,Male,22,avnisama@example.com,9306558055,HP Pavilion,HP,Laptop,4,65999,10,18,237596.4,205916.88,31679.52,2024-11-14,Pondicherry,Himachal Pradesh
ORD101807,CUST6807,Qushi Swamy,Female,26,hritik47@example.com,9789520608,HP Pavilion,HP,Laptop,2,65999,5,18,125398.1,102958.44,22439.66,2024-02-24,Jalandhar,Andhra Pradesh
ORD101808,CUST6808,Nakul Rajan,Female,43,fitannatarajan@example.com,9927956131,iPhone 15,Apple,Electronics,2,79999,15,18,135998.3,124798.44,11199.86,2025-03-07,Hazaribagh,Manipur
ORD101809,CUST6809,Frederick Modi,Female,25,umang17@example.com,9714717500,iPhone 15,Apple,Electronics,3,79999,15,18,203997.45,187197.66,16799.79,2025-05-13,Morena,Haryana
ORD101810,CUST6810,Aadhya Sangha,Male,58,idikawagle@example.com,9683471817,Dell Inspiron,Dell,Laptop,4,58999,0,18,235996.0,184076.88,51919.12,2024-06-10,Vijayanagaram,Arunachal Pradesh
ORD101811,CUST6811,Laban Barman,Male,37,fsathe@example.org,9435835877,Galaxy S24,Samsung,Electronics,3,74999,15,18,191247.45,175497.66,15749.79,2024-06-23,Malda,Odisha
ORD101812,CUST6812,Sudiksha Kant,Male,38,aayush02@example.net,9875757745,iPhone 15,Apple,Electronics,2,79999,10,18,143998.2,124798.44,19199.76,2023-12-14,Bhusawal,Madhya Pradesh
ORD101813,CUST6813,Ishanvi Shenoy,Male,42,dbahl@example.com,9287742766,iPhone 15,Apple,Electronics,3,79999,5,18,227997.15,187197.66,40799.49,2024-12-24,Gandhidham,Goa
ORD101814,CUST6814,Vinaya Bala,Female,50,nicholascontractor@example.com,9503924126,Dell Inspiron,Dell,Laptop,1,58999,10,18,53099.1,46019.22,7079.88,2024-08-09,Ambala,West Bengal
ORD101815,CUST6815,Riya Mand,Male,23,avi11@example.com,9764900097,Dell Inspiron,Dell,Laptop,1,58999,0,18,58999.0,46019.22,12979.78,2024-12-23,Medininagar,Arunachal Pradesh
ORD101816,CUST6816,Zilmil More,Male,18,dhingraekanta@example.org,9552968933,Galaxy S24,Samsung,Electronics,2,74999,0,18,149998.0,116998.44,32999.56,2023-03-25,Noida,Tripura
ORD101817,CUST6817,Arin Karan,Male,57,mahikareddy@example.org,9828318048,iPhone 15,Apple,Electronics,3,79999,15,18,203997.45,187197.66,16799.79,2024-02-16,Panipat,Manipur
ORD101818,CUST6818,Jhalak Dhar,Male,58,zaitragrewal@example.com,9279769785,iPhone 15,Apple,Electronics,5,79999,10,18,359995.5,311996.1,47999.4,2024-12-12,Anand,Manipur
ORD101819,CUST6819,Charvi Balasubramanian,Male,27,vinaya61@example.com,9818362316,Dell Inspiron,Dell,Laptop,3,58999,5,18,168147.15,138057.66,30089.49,2023-07-09,Tiruchirappalli,Uttar Pradesh
ORD101820,CUST6820,Varsha Rajagopalan,Female,30,falgunilad@example.net,9730723469,iPhone 15,Apple,Electronics,1,79999,5,18,75999.05,62399.22,13599.83,2023-07-12,Haldia,Maharashtra
ORD101821,CUST6821,Hitesh Balan,Male,58,saraflajita@example.org,9425232773,Galaxy S24,Samsung,Electronics,2,74999,10,18,134998.2,116998.44,17999.76,2023-06-11,Bathinda,Bihar
ORD101822,CUST6822,Abdul Dara,Female,47,upkaar77@example.org,9949427760,iPhone 15,Apple,Electronics,4,79999,10,18,287996.4,249596.88,38399.52,2024-07-29,Noida,Goa
ORD101823,CUST6823,Bhavya Bobal,Female,40,qtalwar@example.com,9533194282,HP Pavilion,HP,Laptop,2,65999,5,18,125398.1,102958.44,22439.66,2025-02-18,Mango,Himachal Pradesh
ORD101824,CUST6824,Gautam Anne,Male,57,ravixalak@example.com,9794324504,iPhone 15,Apple,Electronics,1,79999,10,18,71999.1,62399.22,9599.88,2023-12-15,Noida,Odisha
ORD101825,CUST6825,Watika Kaul,Female,43,wthakkar@example.net,9534584814,HP Pavilion,HP,Laptop,5,65999,5,18,313495.25,257396.1,56099.15,2023-05-31,Bhubaneswar,Sikkim
ORD101826,CUST6826,Yash Bawa,Female,49,zansi49@example.com,9349593981,Dell Inspiron,Dell,Laptop,2,58999,5,18,112098.1,92038.44,20059.66,2024-01-25,Gandhinagar,Karnataka
ORD101827,CUST6827,Yashica Dube,Female,45,lakshmidada@example.net,9786480699,iPhone 15,Apple,Electronics,4,79999,5,18,303996.2,249596.88,54399.32,2023-06-05,Pallavaram,Andhra Pradesh
ORD101828,CUST6828,Bhavna Dutt,Female,57,boseyutika@example.net,9514803406,HP Pavilion,HP,Laptop,5,65999,10,18,296995.5,257396.1,39599.4,2024-11-29,Loni,Chhattisgarh
ORD101829,CUST6829,Naksh Pandey,Male,59,kalitavasudha@example.net,9551840435,Galaxy S24,Samsung,Electronics,3,74999,15,18,191247.45,175497.66,15749.79,2025-01-19,Thrissur,West Bengal
ORD101830,CUST6830,Vamakshi Manne,Female,29,ghoshjanya@example.com,9324300242,Galaxy S24,Samsung,Electronics,1,74999,15,18,63749.15,58499.22,5249.93,2024-01-02,Solapur,Tamil Nadu
ORD101831,CUST6831,Chaaya Chakrabarti,Male,44,narulaparth@example.com,9460822166,HP Pavilion,HP,Laptop,4,65999,10,18,237596.4,205916.88,31679.52,2025-06-06,Anantapur,Mizoram
ORD101832,CUST6832,Riya Bhat,Male,40,pthaker@example.com,9399541573,Galaxy S24,Samsung,Electronics,5,74999,15,18,318745.75,292496.1,26249.65,2025-03-16,Arrah,Himachal Pradesh
ORD101833,CUST6833,Ekalinga Lala,Male,32,charan40@example.com,9696686414,iPhone 15,Apple,Electronics,2,79999,0,18,159998.0,124798.44,35199.56,2023-09-25,Proddatur,Tripura
ORD101834,CUST6834,Abhiram Shan,Male,36,biswasgeetika@example.net,9896795750,iPhone 15,Apple,Electronics,4,79999,0,18,319996.0,249596.88,70399.12,2025-04-24,Bhusawal,Sikkim
ORD101835,CUST6835,Sarthak Edwin,Male,25,kadeyashawini@example.net,9782570236,iPhone 15,Apple,Electronics,2,79999,10,18,143998.2,124798.44,19199.76,2025-01-26,Kalyan-Dombivli,Meghalaya
ORD101836,CUST6836,Nandini Mistry,Female,23,ithakkar@example.com,9555270623,Dell Inspiron,Dell,Laptop,5,58999,0,18,294995.0,230096.1,64898.9,2023-12-06,Katihar,Manipur
ORD101837,CUST6837,Aadhya Jain,Male,19,harish94@example.com,9712575588,Dell Inspiron,Dell,Laptop,2,58999,15,18,100298.3,92038.44,8259.86,2023-12-20,Danapur,Tripura
ORD101838,CUST6838,Ethan Mangat,Female,42,obatra@example.com,9299083497,HP Pavilion,HP,Laptop,1,65999,10,18,59399.1,51479.22,7919.88,2025-01-09,Malda,Telangana
ORD101839,CUST6839,Adya Chaudhari,Female,48,anthony50@example.com,9894118329,iPhone 15,Apple,Electronics,5,79999,5,18,379995.25,311996.1,67999.15,2024-04-20,Solapur,Maharashtra
ORD101840,CUST6840,Daksha Dhingra,Female,53,bhavani81@example.com,9881561080,Galaxy S24,Samsung,Electronics,2,74999,5,18,142498.1,116998.44,25499.66,2023-10-01,Yamunanagar,Mizoram
ORD101841,CUST6841,Zaitra Wable,Female,37,qsha@example.org,9697052118,Galaxy S24,Samsung,Electronics,3,74999,0,18,224997.0,175497.66,49499.34,2023-03-22,Khora ,Arunachal Pradesh
ORD101842,CUST6842,Siddharth Sharaf,Female,33,jsandhu@example.com,9426567556,HP Pavilion,HP,Laptop,4,65999,0,18,263996.0,205916.88,58079.12,2025-05-25,Bhimavaram,West Bengal
ORD101843,CUST6843,Eshana Sengupta,Male,32,solankivasudha@example.org,9553805642,Dell Inspiron,Dell,Laptop,4,58999,15,18,200596.6,184076.88,16519.72,2023-11-21,Dewas,Manipur
ORD101844,CUST6844,Kritika Kadakia,Male,26,hdhillon@example.net,9860155978,iPhone 15,Apple,Electronics,2,79999,5,18,151998.1,124798.44,27199.66,2023-06-08,Gwalior,Punjab
ORD101845,CUST6845,Ronith Tata,Male,45,aseshadri@example.net,9614348676,iPhone 15,Apple,Electronics,3,79999,15,18,203997.45,187197.66,16799.79,2023-10-02,Bhimavaram,Bihar
ORD101846,CUST6846,Daniel Munshi,Male,41,vasatikamannan@example.org,9703472298,iPhone 15,Apple,Electronics,1,79999,10,18,71999.1,62399.22,9599.88,2023-09-20,Gulbarga,Madhya Pradesh
ORD101847,CUST6847,Falguni Virk,Male,28,atwalvasudha@example.com,9869343759,Galaxy S24,Samsung,Electronics,2,74999,5,18,142498.1,116998.44,25499.66,2025-01-21,Karimnagar,Gujarat
ORD101848,CUST6848,Lavanya Varma,Male,47,ladli23@example.org,9184354624,iPhone 15,Apple,Electronics,2,79999,0,18,159998.0,124798.44,35199.56,2024-07-14,Unnao,Telangana
ORD101849,CUST6849,Ekavir Sachar,Male,27,ekapad83@example.net,9310426732,Galaxy S24,Samsung,Electronics,5,74999,5,18,356245.25,292496.1,63749.15,2024-01-12,Jamnagar,Uttar Pradesh
ORD101850,CUST6850,Aarav Dube,Female,48,spandya@example.org,9253643618,iPhone 15,Apple,Electronics,5,79999,15,18,339995.75,311996.1,27999.65,2025-04-08,Rampur,Rajasthan
ORD101851,CUST6851,Jason Zachariah,Male,40,gillradhika@example.net,9407617274,Dell Inspiron,Dell,Laptop,2,58999,10,18,106198.2,92038.44,14159.76,2023-07-26,Jehanabad,Manipur
ORD101852,CUST6852,Jagat Banik,Male,18,megha07@example.net,9457454686,HP Pavilion,HP,Laptop,3,65999,15,18,168297.45,154437.66,13859.79,2025-03-12,Suryapet,Telangana
ORD101853,CUST6853,Jagdish Kala,Male,23,chamelivohra@example.com,9632649314,HP Pavilion,HP,Laptop,2,65999,10,18,118798.2,102958.44,15839.76,2024-04-14,Rajkot,Nagaland
ORD101854,CUST6854,Udarsh Mammen,Female,50,wdixit@example.net,9560601155,iPhone 15,Apple,Electronics,3,79999,15,18,203997.45,187197.66,16799.79,2025-02-12,Ahmednagar,Assam
ORD101855,CUST6855,Jacob Kota,Female,55,sekhonbrinda@example.com,9408329179,Galaxy S24,Samsung,Electronics,5,74999,15,18,318745.75,292496.1,26249.65,2024-11-27,Tirupati,Tamil Nadu
ORD101856,CUST6856,Vasana Hegde,Female,38,madanliam@example.net,9717505306,Dell Inspiron,Dell,Laptop,3,58999,15,18,150447.45,138057.66,12389.79,2025-03-03,Rampur,Rajasthan
ORD101857,CUST6857,Zaitra Rajagopal,Female,57,tailorria@example.org,9622037017,Galaxy S24,Samsung,Electronics,5,74999,10,18,337495.5,292496.1,44999.4,2024-04-04,Varanasi,Tripura
ORD101858,CUST6858,Mahika Sahni,Male,26,amarachaudry@example.org,9558192934,HP Pavilion,HP,Laptop,4,65999,5,18,250796.2,205916.88,44879.32,2023-09-07,Bidhannagar,Odisha
ORD101859,CUST6859,Chaitanya Bhasin,Female,31,vasudha12@example.net,9510731294,Dell Inspiron,Dell,Laptop,2,58999,10,18,106198.2,92038.44,14159.76,2024-02-27,Kakinada,Telangana
ORD101860,CUST6860,Caleb Karpe,Female,43,ryandhar@example.net,9779106805,HP Pavilion,HP,Laptop,4,65999,5,18,250796.2,205916.88,44879.32,2023-11-02,Ambarnath,Haryana
ORD101861,CUST6861,Raghav Gole,Female,32,rohanmistry@example.org,9822876110,Galaxy S24,Samsung,Electronics,1,74999,0,18,74999.0,58499.22,16499.78,2024-01-26,Uluberia,Madhya Pradesh
ORD101862,CUST6862,Girish Sharma,Male,32,qsandhu@example.com,9319588068,HP Pavilion,HP,Laptop,5,65999,0,18,329995.0,257396.1,72598.9,2023-05-03,Baranagar,Manipur
ORD101863,CUST6863,Kalpit Kadakia,Male,24,riya83@example.net,9527764902,iPhone 15,Apple,Electronics,5,79999,5,18,379995.25,311996.1,67999.15,2023-01-26,Ahmedabad,Jharkhand
ORD101864,CUST6864,Vritti Rajan,Male,24,ekavir90@example.org,9155812100,iPhone 15,Apple,Electronics,5,79999,0,18,399995.0,311996.1,87998.9,2025-04-18,Bhimavaram,Goa
ORD101865,CUST6865,Prisha Kumer,Male,45,rehaan57@example.net,9517122178,Dell Inspiron,Dell,Laptop,5,58999,5,18,280245.25,230096.1,50149.15,2023-05-01,Agartala,Rajasthan
ORD101866,CUST6866,Aarna Modi,Male,50,qdoshi@example.net,9376771101,HP Pavilion,HP,Laptop,4,65999,10,18,237596.4,205916.88,31679.52,2024-06-13,Adoni,Uttar Pradesh
ORD101867,CUST6867,Luke Behl,Male,57,mbatta@example.com,9201964854,HP Pavilion,HP,Laptop,2,65999,10,18,118798.2,102958.44,15839.76,2023-12-08,Kalyan-Dombivli,Nagaland
ORD101868,CUST6868,Pavani Sarna,Female,41,ubika93@example.com,9935418920,Dell Inspiron,Dell,Laptop,2,58999,15,18,100298.3,92038.44,8259.86,2024-11-10,Sonipat,Karnataka
ORD101869,CUST6869,Bachittar Sharma,Male,22,hvarkey@example.org,9309545934,Dell Inspiron,Dell,Laptop,4,58999,0,18,235996.0,184076.88,51919.12,2025-02-16,Vasai-Virar,Karnataka
ORD101870,CUST6870,Vritti Hayer,Male,28,kalaomya@example.org,9555886324,Galaxy S24,Samsung,Electronics,1,74999,5,18,71249.05,58499.22,12749.83,2023-03-28,Pallavaram,Arunachal Pradesh
ORD101871,CUST6871,Suhani Prabhakar,Female,27,matthewnagarajan@example.net,9187760691,iPhone 15,Apple,Electronics,4,79999,15,18,271996.6,249596.88,22399.72,2023-08-27,Bathinda,Telangana
ORD101872,CUST6872,Chaaya Goel,Male,46,kabirwalia@example.org,9670809397,Galaxy S24,Samsung,Electronics,5,74999,0,18,374995.0,292496.1,82498.9,2023-11-06,Rewa,West Bengal
ORD101873,CUST6873,Abhiram Chand,Male,41,keernirja@example.net,9952402566,iPhone 15,Apple,Electronics,3,79999,5,18,227997.15,187197.66,40799.49,2024-03-25,Chapra,Bihar
ORD101874,CUST6874,Hemangini Bansal,Female,46,dominicnarasimhan@example.com,9151452624,HP Pavilion,HP,Laptop,4,65999,5,18,250796.2,205916.88,44879.32,2023-07-15,Giridih,Tripura
ORD101875,CUST6875,Reva Seshadri,Male,51,zvarghese@example.net,9310155612,Galaxy S24,Samsung,Electronics,1,74999,0,18,74999.0,58499.22,16499.78,2025-06-09,Malda,Kerala
ORD101876,CUST6876,Charvi Ramachandran,Female,27,unni99@example.net,9135551578,Galaxy S24,Samsung,Electronics,3,74999,15,18,191247.45,175497.66,15749.79,2024-06-18,Yamunanagar,Tamil Nadu
ORD101877,CUST6877,Yuvraj Prabhakar,Female,56,aryanguha@example.org,9765956411,iPhone 15,Apple,Electronics,3,79999,0,18,239997.0,187197.66,52799.34,2024-10-03,Shimla,Nagaland
ORD101878,CUST6878,Charita Mutti,Male,60,udarshgole@example.com,9939334004,Galaxy S24,Samsung,Electronics,5,74999,15,18,318745.75,292496.1,26249.65,2024-02-11,Dhanbad,Karnataka
ORD101879,CUST6879,Rayaan Sur,Female,48,dakshsidhu@example.org,9350540276,Galaxy S24,Samsung,Electronics,5,74999,0,18,374995.0,292496.1,82498.9,2023-09-16,Narasaraopet,Rajasthan
ORD101880,CUST6880,Pranav Rau,Male,37,dbaral@example.com,9674047806,HP Pavilion,HP,Laptop,2,65999,5,18,125398.1,102958.44,22439.66,2025-05-16,Ongole,Tamil Nadu
ORD101881,CUST6881,Yagnesh Kulkarni,Female,27,pkala@example.net,9579678165,iPhone 15,Apple,Electronics,2,79999,5,18,151998.1,124798.44,27199.66,2024-04-12,Dhanbad,Madhya Pradesh
ORD101882,CUST6882,Nachiket Nayar,Male,25,xlall@example.org,9768607004,HP Pavilion,HP,Laptop,3,65999,5,18,188097.15,154437.66,33659.49,2024-09-23,Bahraich,Madhya Pradesh
ORD101883,CUST6883,Shivani Brahmbhatt,Female,56,falanyohannan@example.net,9935913275,Dell Inspiron,Dell,Laptop,1,58999,10,18,53099.1,46019.22,7079.88,2024-04-08,Satara,Chhattisgarh
ORD101884,CUST6884,Yashodhara Peri,Female,40,isaac90@example.org,9940365171,Galaxy S24,Samsung,Electronics,3,74999,15,18,191247.45,175497.66,15749.79,2024-08-28,Nashik,Uttar Pradesh
ORD101885,CUST6885,Nitara Sankaran,Female,26,atharv41@example.net,9411140587,HP Pavilion,HP,Laptop,2,65999,15,18,112198.3,102958.44,9239.86,2024-07-22,Amravati,Haryana
ORD101886,CUST6886,Ira Thakkar,Male,28,badalpanini@example.org,9932176733,Galaxy S24,Samsung,Electronics,4,74999,10,18,269996.4,233996.88,35999.52,2024-07-05,Ichalkaranji,Himachal Pradesh
ORD101887,CUST6887,Yadavi Batra,Male,27,jeevikaanand@example.org,9829549088,Dell Inspiron,Dell,Laptop,2,58999,5,18,112098.1,92038.44,20059.66,2024-12-03,Sambalpur,Rajasthan
ORD101888,CUST6888,Raksha Shroff,Male,55,finnraghavan@example.com,9921933351,Dell Inspiron,Dell,Laptop,2,58999,5,18,112098.1,92038.44,20059.66,2025-01-20,Pondicherry,Mizoram
ORD101889,CUST6889,Harita Bhattacharyya,Female,59,prabhakarlila@example.com,9881285434,Galaxy S24,Samsung,Electronics,4,74999,0,18,299996.0,233996.88,65999.12,2024-11-20,Bally,Chhattisgarh
ORD101890,CUST6890,Chakrika Upadhyay,Male,22,anagarajan@example.com,9614739710,Dell Inspiron,Dell,Laptop,1,58999,5,18,56049.05,46019.22,10029.83,2023-09-14,Bilaspur,Jharkhand
ORD101891,CUST6891,Tanay Verma,Female,39,qpandit@example.com,9387950593,iPhone 15,Apple,Electronics,4,79999,0,18,319996.0,249596.88,70399.12,2024-12-11,Bhilai,Uttar Pradesh
ORD101892,CUST6892,Amara Khanna,Male,53,yatin30@example.net,9953163967,Galaxy S24,Samsung,Electronics,2,74999,15,18,127498.3,116998.44,10499.86,2024-12-24,Silchar,West Bengal
ORD101893,CUST6893,Chanakya Rastogi,Female,40,tiwarivedhika@example.net,9919780721,Dell Inspiron,Dell,Laptop,2,58999,10,18,106198.2,92038.44,14159.76,2023-09-21,Dindigul,West Bengal
ORD101894,CUST6894,Darsh Sarkar,Male,21,balendra54@example.com,9220483078,Galaxy S24,Samsung,Electronics,1,74999,15,18,63749.15,58499.22,5249.93,2023-10-13,Satara,Sikkim
ORD101895,CUST6895,Nicholas Kalita,Male,21,jeremiah93@example.net,9726439920,HP Pavilion,HP,Laptop,3,65999,0,18,197997.0,154437.66,43559.34,2024-08-08,Jammu,Maharashtra
ORD101896,CUST6896,Ridhi Swamy,Male,36,libni19@example.com,9185706816,iPhone 15,Apple,Electronics,1,79999,15,18,67999.15,62399.22,5599.93,2023-05-14,Nadiad,Andhra Pradesh
ORD101897,CUST6897,Arya Purohit,Female,51,farhanmodi@example.com,9422107247,iPhone 15,Apple,Electronics,3,79999,0,18,239997.0,187197.66,52799.34,2023-03-07,Navi Mumbai,Mizoram
ORD101898,CUST6898,Libni Batta,Female,22,ishwaragrawal@example.org,9136034123,Dell Inspiron,Dell,Laptop,5,58999,10,18,265495.5,230096.1,35399.4,2023-04-03,Kollam,Gujarat
ORD101899,CUST6899,Geetika Rana,Male,55,eeshasachdev@example.org,9119144620,Dell Inspiron,Dell,Laptop,4,58999,15,18,200596.6,184076.88,16519.72,2023-06-21,Katihar,Uttarakhand
ORD101900,CUST6900,Chandani Kadakia,Male,36,laban72@example.com,9132757632,iPhone 15,Apple,Electronics,1,79999,0,18,79999.0,62399.22,17599.78,2024-12-11,Kozhikode,Manipur
ORD101901,CUST6901,Devika Chaudhuri,Female,40,parmarudant@example.net,9744457001,iPhone 15,Apple,Electronics,4,79999,5,18,303996.2,249596.88,54399.32,2023-03-29,Surat,Tripura
ORD101902,CUST6902,Anya Choudhary,Female,58,echaudhary@example.com,9623270674,HP Pavilion,HP,Laptop,5,65999,15,18,280495.75,257396.1,23099.65,2024-09-15,Rajpur Sonarpur,Goa
ORD101903,CUST6903,Ria Dua,Female,22,rohannath@example.org,9948395679,Galaxy S24,Samsung,Electronics,5,74999,10,18,337495.5,292496.1,44999.4,2023-04-09,Aurangabad,Himachal Pradesh
ORD101904,CUST6904,Samarth Gole,Female,18,hkale@example.org,9156529581,HP Pavilion,HP,Laptop,4,65999,15,18,224396.6,205916.88,18479.72,2023-09-17,Mango,Uttarakhand
ORD101905,CUST6905,Upasna Ahluwalia,Female,38,urvi49@example.com,9870549370,iPhone 15,Apple,Electronics,2,79999,0,18,159998.0,124798.44,35199.56,2023-11-15,Bareilly,Assam
ORD101906,CUST6906,Kala Tripathi,Female,36,fsekhon@example.net,9724613118,iPhone 15,Apple,Electronics,4,79999,15,18,271996.6,249596.88,22399.72,2023-01-13,Pudukkottai,Goa
ORD101907,CUST6907,Laksh Minhas,Male,48,modyomisha@example.com,9964099909,Dell Inspiron,Dell,Laptop,2,58999,5,18,112098.1,92038.44,20059.66,2023-08-31,Amaravati,Rajasthan
ORD101908,CUST6908,Raksha Garde,Female,38,kala82@example.org,9985590597,Dell Inspiron,Dell,Laptop,5,58999,0,18,294995.0,230096.1,64898.9,2025-05-24,Bharatpur,Punjab
ORD101909,CUST6909,Zilmil Agrawal,Male,32,morenirja@example.com,9413155922,HP Pavilion,HP,Laptop,5,65999,10,18,296995.5,257396.1,39599.4,2023-05-29,Tiruppur,Maharashtra
ORD101910,CUST6910,Ishwar Raja,Female,51,ganesananamika@example.net,9327828912,iPhone 15,Apple,Electronics,2,79999,0,18,159998.0,124798.44,35199.56,2023-05-02,Amritsar,Andhra Pradesh
ORD101911,CUST6911,Priya Bassi,Female,27,thomassubramaniam@example.net,9600906923,Dell Inspiron,Dell,Laptop,3,58999,10,18,159297.3,138057.66,21239.64,2023-09-16,Rajkot,Chhattisgarh
ORD101912,CUST6912,Ganga Shroff,Female,45,nmishra@example.com,9631957665,iPhone 15,Apple,Electronics,2,79999,0,18,159998.0,124798.44,35199.56,2023-07-19,Naihati,Tripura
ORD101913,CUST6913,Rishi Apte,Female,50,prasadbalhaar@example.net,9559108624,iPhone 15,Apple,Electronics,2,79999,5,18,151998.1,124798.44,27199.66,2024-09-06,Bidhannagar,Odisha
ORD101914,CUST6914,Om Prabhu,Female,31,priyaprabhu@example.org,9719594772,Galaxy S24,Samsung,Electronics,1,74999,10,18,67499.1,58499.22,8999.88,2023-11-16,Gudivada,Maharashtra
ORD101915,CUST6915,Triya Bhagat,Male,19,reva03@example.com,9500159920,Dell Inspiron,Dell,Laptop,4,58999,5,18,224196.2,184076.88,40119.32,2024-08-04,Suryapet,Goa
ORD101916,CUST6916,Baljiwan Mukhopadhyay,Female,54,nimrat19@example.net,9375362186,Dell Inspiron,Dell,Laptop,5,58999,15,18,250745.75,230096.1,20649.65,2024-02-29,Kanpur,Sikkim
ORD101917,CUST6917,Aarav Ramachandran,Female,28,boraabhimanyu@example.net,9101403616,Dell Inspiron,Dell,Laptop,3,58999,0,18,176997.0,138057.66,38939.34,2024-02-07,Katihar,Sikkim
ORD101918,CUST6918,Gunbir Chandran,Male,30,ojasvi14@example.org,9781461006,iPhone 15,Apple,Electronics,3,79999,0,18,239997.0,187197.66,52799.34,2023-01-05,Alappuzha,Arunachal Pradesh
ORD101919,CUST6919,Krisha Butala,Female,25,anandbhavna@example.org,9704946571,HP Pavilion,HP,Laptop,3,65999,10,18,178197.3,154437.66,23759.64,2025-03-30,Secunderabad,Goa
ORD101920,CUST6920,Tristan Luthra,Male,18,ekapad16@example.org,9842587341,iPhone 15,Apple,Electronics,1,79999,15,18,67999.15,62399.22,5599.93,2024-12-16,Nashik,Mizoram
ORD101921,CUST6921,Pallavi Apte,Male,26,schanda@example.com,9491987849,Galaxy S24,Samsung,Electronics,3,74999,10,18,202497.3,175497.66,26999.64,2025-06-05,Delhi,Meghalaya
ORD101922,CUST6922,Lila Joshi,Male,48,nagiayush@example.org,9305817348,iPhone 15,Apple,Electronics,1,79999,5,18,75999.05,62399.22,13599.83,2025-04-24,Danapur,Uttarakhand
ORD101923,CUST6923,Kamya Joshi,Male,32,ayush42@example.net,9665356358,Galaxy S24,Samsung,Electronics,4,74999,15,18,254996.6,233996.88,20999.72,2025-01-01,Bangalore,Rajasthan
ORD101924,CUST6924,Dayita Sur,Female,24,ranbir89@example.com,9682497558,iPhone 15,Apple,Electronics,5,79999,5,18,379995.25,311996.1,67999.15,2025-01-02,Kollam,Meghalaya
ORD101925,CUST6925,Wridesh Agarwal,Female,31,gbhandari@example.org,9883421079,Galaxy S24,Samsung,Electronics,3,74999,0,18,224997.0,175497.66,49499.34,2024-12-25,Kakinada,Sikkim
ORD101926,CUST6926,Dalaja Modi,Female,43,udantdas@example.com,9113606191,Galaxy S24,Samsung,Electronics,2,74999,0,18,149998.0,116998.44,32999.56,2025-05-20,Dewas,Goa
ORD101927,CUST6927,Samesh Chad,Male,26,choudhuryanya@example.com,9689994837,Galaxy S24,Samsung,Electronics,4,74999,5,18,284996.2,233996.88,50999.32,2024-09-01,Noida,Bihar
ORD101928,CUST6928,Unni Subramaniam,Male,21,morartripti@example.org,9163537102,iPhone 15,Apple,Electronics,4,79999,0,18,319996.0,249596.88,70399.12,2024-01-06,Ramagundam,Rajasthan
ORD101929,CUST6929,Netra Chawla,Female,31,moraryashica@example.net,9938102221,Dell Inspiron,Dell,Laptop,1,58999,15,18,50149.15,46019.22,4129.93,2023-04-11,Mumbai,Gujarat
ORD101930,CUST6930,Simon Sane,Male,54,nchandra@example.org,9502390450,HP Pavilion,HP,Laptop,2,65999,15,18,112198.3,102958.44,9239.86,2023-01-16,Kota,Manipur
ORD101931,CUST6931,Karan Kale,Female,53,bishakhaprasad@example.net,9550260984,HP Pavilion,HP,Laptop,3,65999,15,18,168297.45,154437.66,13859.79,2025-04-30,Rampur,Tripura
ORD101932,CUST6932,Aashi Babu,Male,49,yray@example.net,9869458547,Dell Inspiron,Dell,Laptop,3,58999,10,18,159297.3,138057.66,21239.64,2024-06-06,South Dumdum,Bihar
ORD101933,CUST6933,Nisha Ramaswamy,Male,54,bhanumatikari@example.com,9638680209,iPhone 15,Apple,Electronics,5,79999,10,18,359995.5,311996.1,47999.4,2024-03-03,Saharsa,Uttarakhand
ORD101934,CUST6934,Riya Sathe,Male,43,ekarajgade@example.com,9161243992,iPhone 15,Apple,Electronics,2,79999,15,18,135998.3,124798.44,11199.86,2023-10-15,Imphal,Nagaland
ORD101935,CUST6935,Udyati Sodhi,Male,60,goswamibanjeet@example.org,9169195859,Galaxy S24,Samsung,Electronics,3,74999,5,18,213747.15,175497.66,38249.49,2024-04-27,Haldia,Kerala
ORD101936,CUST6936,Adweta Sheth,Female,26,zayyanchana@example.com,9787045770,iPhone 15,Apple,Electronics,1,79999,5,18,75999.05,62399.22,13599.83,2023-03-20,Bongaigaon,Tripura
ORD101937,CUST6937,Orinder Dani,Female,43,balasubramanianayushman@example.org,9668167381,Dell Inspiron,Dell,Laptop,2,58999,10,18,106198.2,92038.44,14159.76,2025-05-08,Gopalpur,Andhra Pradesh
ORD101938,CUST6938,Avni Dyal,Male,55,chakradev65@example.org,9362384343,Galaxy S24,Samsung,Electronics,5,74999,15,18,318745.75,292496.1,26249.65,2023-09-22,Chandrapur,Punjab
ORD101939,CUST6939,Jhalak Pai,Female,43,mannaishani@example.com,9872269515,Dell Inspiron,Dell,Laptop,4,58999,0,18,235996.0,184076.88,51919.12,2025-02-02,Jaunpur,Rajasthan
ORD101940,CUST6940,Aadi Gupta,Male,48,devinicholas@example.net,9771660225,iPhone 15,Apple,Electronics,2,79999,10,18,143998.2,124798.44,19199.76,2024-09-11,Pali,Tripura
ORD101941,CUST6941,Unnati Tella,Male,52,yash90@example.net,9610428864,Galaxy S24,Samsung,Electronics,2,74999,10,18,134998.2,116998.44,17999.76,2024-06-19,Mehsana,Kerala
ORD101942,CUST6942,Harini Minhas,Male,54,manekrisha@example.org,9108074398,HP Pavilion,HP,Laptop,5,65999,15,18,280495.75,257396.1,23099.65,2023-04-25,Bikaner,Arunachal Pradesh
ORD101943,CUST6943,Abhimanyu Chatterjee,Male,53,emohanty@example.org,9573517793,Galaxy S24,Samsung,Electronics,2,74999,5,18,142498.1,116998.44,25499.66,2023-11-13,Madhyamgram,Mizoram
ORD101944,CUST6944,Faras Nayar,Female,56,kchandran@example.org,9750468317,iPhone 15,Apple,Electronics,3,79999,15,18,203997.45,187197.66,16799.79,2024-03-25,Rajahmundry,Rajasthan
ORD101945,CUST6945,Darpan Mody,Female,26,vigamrita@example.org,9423758957,Dell Inspiron,Dell,Laptop,3,58999,5,18,168147.15,138057.66,30089.49,2023-04-14,Noida,Himachal Pradesh
ORD101946,CUST6946,Madhavi Sastry,Female,42,fkohli@example.org,9156826662,Dell Inspiron,Dell,Laptop,1,58999,0,18,58999.0,46019.22,12979.78,2023-02-08,Chittoor,Maharashtra
ORD101947,CUST6947,Brinda Goda,Male,51,ryangole@example.org,9540725060,Dell Inspiron,Dell,Laptop,1,58999,15,18,50149.15,46019.22,4129.93,2025-02-06,Mathura,Odisha
ORD101948,CUST6948,Rudra Nigam,Male,32,wbawa@example.com,9149152503,iPhone 15,Apple,Electronics,2,79999,15,18,135998.3,124798.44,11199.86,2024-10-26,Katni,Andhra Pradesh
ORD101949,CUST6949,Oliver Dass,Male,25,rastogiqushi@example.org,9531805708,Dell Inspiron,Dell,Laptop,3,58999,5,18,168147.15,138057.66,30089.49,2023-12-26,Bettiah,Punjab
ORD101950,CUST6950,Jalsa Ahuja,Female,49,kandazansi@example.com,9240917721,iPhone 15,Apple,Electronics,3,79999,5,18,227997.15,187197.66,40799.49,2024-08-06,Nashik,Odisha
ORD101951,CUST6951,Victor Wali,Male,58,udugar@example.net,9485346781,HP Pavilion,HP,Laptop,3,65999,10,18,178197.3,154437.66,23759.64,2025-04-14,Dewas,Sikkim
ORD101952,CUST6952,Liam Seshadri,Male,60,gadeudyati@example.net,9662549899,Galaxy S24,Samsung,Electronics,1,74999,0,18,74999.0,58499.22,16499.78,2024-06-03,Bhilwara,Goa
ORD101953,CUST6953,Rishi Dada,Female,43,gchopra@example.com,9154606472,Galaxy S24,Samsung,Electronics,1,74999,0,18,74999.0,58499.22,16499.78,2025-01-03,Nanded,Andhra Pradesh
ORD101954,CUST6954,Udarsh Dhar,Female,44,tailormeghana@example.org,9336058638,Galaxy S24,Samsung,Electronics,1,74999,0,18,74999.0,58499.22,16499.78,2024-02-09,Vellore,Tamil Nadu
ORD101955,CUST6955,Yachana Varty,Male,49,veda64@example.com,9821966288,Galaxy S24,Samsung,Electronics,4,74999,15,18,254996.6,233996.88,20999.72,2024-08-03,Nizamabad,Uttar Pradesh
ORD101956,CUST6956,Rachana Bala,Male,34,jhaverilohit@example.net,9473457666,Dell Inspiron,Dell,Laptop,1,58999,5,18,56049.05,46019.22,10029.83,2024-08-24,Jalgaon,Mizoram
ORD101957,CUST6957,Suhani Sant,Male,24,anika01@example.net,9311236773,Galaxy S24,Samsung,Electronics,5,74999,10,18,337495.5,292496.1,44999.4,2023-03-26,Khora ,Jharkhand
ORD101958,CUST6958,Yuvraj Tripathi,Male,18,wamble@example.org,9442076450,iPhone 15,Apple,Electronics,5,79999,15,18,339995.75,311996.1,27999.65,2025-04-19,Dibrugarh,Jharkhand
ORD101959,CUST6959,Arjun Garg,Male,25,jalsabadami@example.org,9710566284,HP Pavilion,HP,Laptop,1,65999,0,18,65999.0,51479.22,14519.78,2024-07-23,Thoothukudi,Uttar Pradesh
ORD101960,CUST6960,Vrinda Sunder,Male,42,balveerkeer@example.org,9531160289,Galaxy S24,Samsung,Electronics,4,74999,5,18,284996.2,233996.88,50999.32,2023-09-04,Ghaziabad,Mizoram
ORD101961,CUST6961,Jagvi Karan,Female,47,lsharma@example.net,9502650599,Dell Inspiron,Dell,Laptop,1,58999,5,18,56049.05,46019.22,10029.83,2023-07-10,Dharmavaram,Meghalaya
ORD101962,CUST6962,Tamanna Oommen,Female,44,kamya07@example.org,9844220800,HP Pavilion,HP,Laptop,3,65999,15,18,168297.45,154437.66,13859.79,2024-12-23,Loni,Punjab
ORD101963,CUST6963,Chanchal Sachdev,Female,37,nayakaarav@example.com,9448567785,HP Pavilion,HP,Laptop,5,65999,10,18,296995.5,257396.1,39599.4,2025-04-28,Karawal Nagar,Karnataka
ORD101964,CUST6964,Brijesh Mandal,Male,18,yashica16@example.net,9336678948,iPhone 15,Apple,Electronics,2,79999,5,18,151998.1,124798.44,27199.66,2024-06-15,Firozabad,Arunachal Pradesh
ORD101965,CUST6965,Gauri Pandit,Female,22,krishnalalla@example.net,9800641584,Galaxy S24,Samsung,Electronics,5,74999,5,18,356245.25,292496.1,63749.15,2024-07-30,Guntakal,Kerala
ORD101966,CUST6966,Ronith Hora,Male,56,kdivan@example.com,9728715224,HP Pavilion,HP,Laptop,4,65999,0,18,263996.0,205916.88,58079.12,2024-06-28,Kumbakonam,Odisha
ORD101967,CUST6967,Vaishnavi Deshmukh,Male,54,pgupta@example.com,9765361722,HP Pavilion,HP,Laptop,3,65999,5,18,188097.15,154437.66,33659.49,2023-07-04,Kozhikode,Andhra Pradesh
ORD101968,CUST6968,Zaid Bains,Female,24,aryanbumb@example.net,9514274886,Dell Inspiron,Dell,Laptop,3,58999,10,18,159297.3,138057.66,21239.64,2023-07-18,Tadepalligudem,Assam
ORD101969,CUST6969,Devansh Manne,Male,53,fhora@example.com,9312878849,HP Pavilion,HP,Laptop,1,65999,10,18,59399.1,51479.22,7919.88,2024-05-31,Jammu,Tamil Nadu
ORD101970,CUST6970,Samesh Pillay,Male,38,nishapadmanabhan@example.org,9989641728,Dell Inspiron,Dell,Laptop,3,58999,5,18,168147.15,138057.66,30089.49,2025-03-03,Allahabad,Assam
ORD101971,CUST6971,Saksham Patla,Male,42,upkaar89@example.org,9109386562,iPhone 15,Apple,Electronics,2,79999,5,18,151998.1,124798.44,27199.66,2023-02-14,Hindupur,Sikkim
ORD101972,CUST6972,Faris Iyengar,Male,23,advika37@example.com,9725559077,HP Pavilion,HP,Laptop,1,65999,0,18,65999.0,51479.22,14519.78,2024-11-22,Kolhapur,Andhra Pradesh
ORD101973,CUST6973,Radhika Sunder,Male,34,sawhneyyashodhara@example.org,9527456192,Galaxy S24,Samsung,Electronics,5,74999,15,18,318745.75,292496.1,26249.65,2024-10-27,Rohtak,Himachal Pradesh
ORD101974,CUST6974,Neha Kar,Female,19,umang49@example.com,9602639426,iPhone 15,Apple,Electronics,4,79999,15,18,271996.6,249596.88,22399.72,2024-06-03,Jalgaon,Nagaland
ORD101975,CUST6975,Chaitanya Jayaraman,Female,27,gandhiforum@example.net,9806234434,HP Pavilion,HP,Laptop,2,65999,10,18,118798.2,102958.44,15839.76,2024-05-05,Mira-Bhayandar,Sikkim
ORD101976,CUST6976,Jacob Memon,Female,60,inanda@example.net,9887546758,HP Pavilion,HP,Laptop,5,65999,5,18,313495.25,257396.1,56099.15,2023-05-20,Silchar,Meghalaya
ORD101977,CUST6977,Aashi Shah,Female,42,nihalagarwal@example.org,9113133818,HP Pavilion,HP,Laptop,4,65999,0,18,263996.0,205916.88,58079.12,2023-10-10,Hosur,Bihar
ORD101978,CUST6978,Jyoti Randhawa,Female,43,vrittihayre@example.org,9166432008,Galaxy S24,Samsung,Electronics,4,74999,0,18,299996.0,233996.88,65999.12,2025-06-04,Ballia,Assam
ORD101979,CUST6979,Amrita Chawla,Male,58,wjohal@example.net,9202621932,iPhone 15,Apple,Electronics,1,79999,0,18,79999.0,62399.22,17599.78,2024-04-07,Dhanbad,Arunachal Pradesh
ORD101980,CUST6980,Jonathan Padmanabhan,Female,40,praman@example.com,9151655255,Galaxy S24,Samsung,Electronics,1,74999,5,18,71249.05,58499.22,12749.83,2024-09-19,Bijapur,Haryana
ORD101981,CUST6981,Bakhshi Misra,Female,50,finnnagarajan@example.org,9606660236,iPhone 15,Apple,Electronics,4,79999,5,18,303996.2,249596.88,54399.32,2023-10-13,Haridwar,Uttarakhand
ORD101982,CUST6982,Udyati Merchant,Female,50,anay76@example.com,9529043136,Dell Inspiron,Dell,Laptop,1,58999,5,18,56049.05,46019.22,10029.83,2025-01-09,Madurai,Assam
ORD101983,CUST6983,Wahab Bal,Female,47,galapranav@example.net,9278098874,iPhone 15,Apple,Electronics,1,79999,15,18,67999.15,62399.22,5599.93,2024-11-28,Tiruchirappalli,Arunachal Pradesh
ORD101984,CUST6984,Omisha Aurora,Female,18,gerameghana@example.net,9191043488,HP Pavilion,HP,Laptop,4,65999,5,18,250796.2,205916.88,44879.32,2024-02-23,Secunderabad,Himachal Pradesh
ORD101985,CUST6985,Dalaja Rastogi,Male,49,niharikagrover@example.net,9288629370,Galaxy S24,Samsung,Electronics,2,74999,5,18,142498.1,116998.44,25499.66,2024-03-30,Serampore,Uttarakhand
ORD101986,CUST6986,Sanaya Devan,Male,45,xiti47@example.net,9949085952,HP Pavilion,HP,Laptop,5,65999,10,18,296995.5,257396.1,39599.4,2023-01-06,Erode,Odisha
ORD101987,CUST6987,Leena Zacharia,Female,54,qushi94@example.com,9186174207,Galaxy S24,Samsung,Electronics,5,74999,15,18,318745.75,292496.1,26249.65,2025-04-28,Erode,Odisha
ORD101988,CUST6988,Amruta Pai,Male,48,benjamin39@example.net,9440450736,iPhone 15,Apple,Electronics,1,79999,5,18,75999.05,62399.22,13599.83,2025-03-06,Navi Mumbai,Assam
ORD101989,CUST6989,Quincy Mann,Female,36,bhavikanayar@example.net,9906419673,Galaxy S24,Samsung,Electronics,5,74999,15,18,318745.75,292496.1,26249.65,2023-05-17,Cuttack,Goa
ORD101990,CUST6990,Yashica Shah,Male,27,prabhuucchal@example.net,9714040789,HP Pavilion,HP,Laptop,2,65999,15,18,112198.3,102958.44,9239.86,2024-10-21,Begusarai,Himachal Pradesh
ORD101991,CUST6991,Alka Hari,Male,40,bimala50@example.org,9799266999,HP Pavilion,HP,Laptop,3,65999,10,18,178197.3,154437.66,23759.64,2025-03-23,Bihar Sharif,Assam
ORD101992,CUST6992,Thomas Agrawal,Female,31,nishauppal@example.net,9722127589,iPhone 15,Apple,Electronics,4,79999,5,18,303996.2,249596.88,54399.32,2023-09-01,Maheshtala,Jharkhand
ORD101993,CUST6993,Udarsh Sarin,Male,30,harigautami@example.com,9786927627,Galaxy S24,Samsung,Electronics,5,74999,10,18,337495.5,292496.1,44999.4,2024-05-02,Ludhiana,Uttarakhand
ORD101994,CUST6994,Sudiksha Jani,Female,51,guneet26@example.com,9936381253,Dell Inspiron,Dell,Laptop,4,58999,10,18,212396.4,184076.88,28319.52,2023-06-20,Nizamabad,Chhattisgarh
ORD101995,CUST6995,Tripti Sinha,Male,53,yutikalad@example.org,9102246777,HP Pavilion,HP,Laptop,4,65999,10,18,237596.4,205916.88,31679.52,2025-01-04,Rajahmundry,Meghalaya
ORD101996,CUST6996,Jagdish Wagle,Female,33,krisha40@example.com,9539538887,iPhone 15,Apple,Electronics,4,79999,10,18,287996.4,249596.88,38399.52,2024-04-18,Karimnagar,Andhra Pradesh
ORD101997,CUST6997,Frederick Suri,Male,37,tgrover@example.net,9705012647,Galaxy S24,Samsung,Electronics,1,74999,10,18,67499.1,58499.22,8999.88,2023-04-13,Phagwara,Maharashtra
ORD101998,CUST6998,Azaan Mitter,Female,29,harinakshi74@example.com,9773622067,Galaxy S24,Samsung,Electronics,4,74999,5,18,284996.2,233996.88,50999.32,2024-08-09,Kavali,Mizoram
ORD101999,CUST6999,Aditya Agate,Male,60,hdevan@example.com,9145430007,HP Pavilion,HP,Laptop,1,65999,10,18,59399.1,51479.22,7919.88,2023-05-13,Kozhikode,Tamil Nadu
ORD102000,CUST7000,Rudra Sampath,Female,23,zaitra08@example.org,9401214645,Dell Inspiron,Dell,Laptop,4,58999,0,18,235996.0,184076.88,51919.12,2023-06-04,Unnao,Karnataka
